step,train loss,is correct
0.0,0.41899012632510824,2.0
1.0,0.4039202468647165,2.0
2.0,0.394316515527103,2.0
3.0,0.3909269307260192,2.0
4.0,0.3757882144018741,2.0
5.0,0.37359023251729434,2.0
6.0,0.33624150751782367,2.0
7.0,0.33250288220749336,2.0
8.0,0.3334817656946425,2.0
9.0,0.2945309167430929,2.0
10.0,0.2647567413356556,2.0
11.0,0.2683797969189535,2.0
12.0,0.24186771526701603,2.0
13.0,0.24794502375234456,2.0
14.0,0.2527776477081033,2.0
15.0,0.2277917300036805,2.0
16.0,0.21049190143058277,2.0
17.0,0.19776998853868588,2.0
18.0,0.19097535699065538,2.0
19.0,0.1904154888738378,2.0
20.0,0.18169859154929682,2.0
21.0,0.18105267379970733,2.0
22.0,0.1754308903299808,2.0
23.0,0.17536469300514082,2.0
24.0,0.17360983979942643,2.0
25.0,0.1813540397499187,2.0
26.0,0.16931233586213645,2.0
27.0,0.1639952680716495,2.0
28.0,0.16572590267838597,2.0
29.0,0.16045317757007527,2.0
30.0,0.15991471326591694,2.0
31.0,0.16482547169954748,2.0
32.0,0.1557087101196769,2.0
33.0,0.15852820877837953,2.0
34.0,0.1497578305552583,1.0
35.0,0.21071738791650377,2.0
36.0,0.17891741659622679,2.0
37.0,0.16009820018982118,2.0
38.0,0.14991708450333585,1.0
39.0,0.20603466459689088,2.0
40.0,0.17890852506035324,2.0
41.0,0.16016853113367258,2.0
42.0,0.16189434782205595,2.0
43.0,0.16038019831848477,2.0
44.0,0.14587003421199662,1.0
45.0,0.1711646577991684,2.0
46.0,0.15135495706298763,2.0
47.0,0.14955886609613298,1.0
48.0,0.1628783503279006,2.0
49.0,0.14169578991314608,1.0
50.0,0.15894379607959835,2.0
51.0,0.1600741296973957,2.0
52.0,0.15506625739602703,2.0
53.0,0.1401040384849495,1.0
54.0,0.16262284992772635,2.0
55.0,0.1646455354696139,2.0
56.0,0.13972906313817024,1.0
57.0,0.3225337576942281,2.0
58.0,0.2742183402133116,2.0
59.0,0.2494069598844806,2.0
60.0,0.21686336448369703,2.0
61.0,0.19517596629832606,2.0
62.0,0.1716889732259428,2.0
63.0,0.16125239200205704,2.0
64.0,0.15707793827877925,2.0
65.0,0.14286909007739257,1.0
66.0,0.2090991058406637,2.0
67.0,0.1934648447184837,2.0
68.0,0.1920776132034555,2.0
69.0,0.17789318376021024,2.0
70.0,0.1573780038308583,2.0
71.0,0.14759878771168583,1.0
72.0,0.21395052099000647,2.0
73.0,0.20041451262205007,2.0
74.0,0.1665871440548355,2.0
75.0,0.15950757418262862,2.0
76.0,0.15267823761041566,2.0
77.0,0.13570901777140287,1.0
78.0,0.1986568252468613,2.0
79.0,0.1745516625385224,2.0
80.0,0.16136263493500463,2.0
81.0,0.15518780410753047,2.0
82.0,0.15112701757820235,2.0
83.0,0.13460362416183186,1.0
84.0,0.13257976287203346,1.0
85.0,0.16843536106284618,2.0
86.0,0.15949017626134981,2.0
87.0,0.14347314449482151,1.0
88.0,0.18437777051617568,2.0
89.0,0.1719022401253051,2.0
90.0,0.15915925666864594,2.0
91.0,0.13276845365617762,1.0
92.0,0.1339607899282411,1.0
93.0,0.14888353012591815,1.0
94.0,0.11331769710249275,1.0
95.0,0.18184924884704518,2.0
96.0,0.16403379993202943,2.0
97.0,0.15078355699141704,2.0
98.0,0.13655790449268124,1.0
99.0,0.14879715286039927,1.0
100.0,0.22910438012632378,2.0
101.0,0.20433289942386365,2.0
102.0,0.18243921107103006,2.0
103.0,0.17680495561181736,2.0
104.0,0.14692157623996452,1.0
105.0,0.13174302038179675,1.0
106.0,0.1244781681695988,1.0
107.0,0.1990554339171895,2.0
108.0,0.16611337407783,2.0
109.0,0.14584254433766092,1.0
110.0,0.13234613860089503,1.0
111.0,0.14893808945848158,1.0
112.0,0.1464785652512943,1.0
113.0,0.10616161572218723,1.0
114.0,0.1098759667916305,1.0
115.0,0.12564063141736329,0.0
116.0,0.7188114138422115,2.0
117.0,0.6983950725995327,2.0
118.0,0.6800923006216099,2.0
119.0,0.6420844483949784,2.0
120.0,0.6257991400124385,2.0
121.0,0.5797635878528207,2.0
122.0,0.5282975294245544,2.0
123.0,0.4858762753933715,2.0
124.0,0.43221994188615587,2.0
125.0,0.4050491115731624,2.0
126.0,0.3685552726199017,2.0
127.0,0.328059794220801,2.0
128.0,0.3055963922134426,2.0
129.0,0.28994660331374533,2.0
130.0,0.2784192587090005,2.0
131.0,0.27070649753868936,2.0
132.0,0.23298620643049894,2.0
133.0,0.20323347119967622,2.0
134.0,0.1802505622620329,2.0
135.0,0.18096175990562707,2.0
136.0,0.17996618364542843,2.0
137.0,0.18027550225672012,2.0
138.0,0.18660954168933086,2.0
139.0,0.16152883647728528,2.0
140.0,0.1452385931110256,0.0
141.0,0.5375971197355177,2.0
142.0,0.5126345084354151,2.0
143.0,0.4789901918124578,2.0
144.0,0.4478419596150527,2.0
145.0,0.4247483468067956,2.0
146.0,0.38463165997274756,2.0
147.0,0.3623646116811426,2.0
148.0,0.34914394218618683,2.0
149.0,0.3112300680150698,2.0
150.0,0.2763440968760351,2.0
151.0,0.2479776364142345,2.0
152.0,0.2243494463191157,2.0
153.0,0.2063567386579543,2.0
154.0,0.20048538382588085,2.0
155.0,0.18566891460826518,2.0
156.0,0.17803687045014333,2.0
157.0,0.17708284863588575,2.0
158.0,0.17758331069046573,2.0
159.0,0.17795925982218697,2.0
160.0,0.16101470233053866,2.0
161.0,0.16105019844608612,2.0
162.0,0.15196926391979113,2.0
163.0,0.15175479186595925,2.0
164.0,0.14495466860516465,1.0
165.0,0.21035877989672708,2.0
166.0,0.2067476677577766,2.0
167.0,0.17786453651466766,2.0
168.0,0.15484882237717534,2.0
169.0,0.14184680610288902,1.0
170.0,0.1899077790475645,2.0
171.0,0.16856964308924083,2.0
172.0,0.17053572732187966,2.0
173.0,0.17148945133117022,2.0
174.0,0.1716788014704808,2.0
175.0,0.14476641771874293,1.0
176.0,0.15938542581159465,2.0
177.0,0.13714150812522904,1.0
178.0,0.14398378620749996,1.0
179.0,0.17127135859325374,2.0
180.0,0.1592099161809184,2.0
181.0,0.14018413251044176,1.0
182.0,0.1819722750177937,2.0
183.0,0.1601955093423528,2.0
184.0,0.15009957595419282,2.0
185.0,0.14405107329359385,1.0
186.0,0.13055805006038412,1.0
187.0,0.15523921031726967,2.0
188.0,0.13986955855206268,1.0
189.0,0.12792420100716648,1.0
190.0,0.2014087988289445,2.0
191.0,0.17794367253278087,2.0
192.0,0.1818423318277779,2.0
193.0,0.20195728768600404,2.0
194.0,0.1720818041563768,2.0
195.0,0.15706667983967731,2.0
196.0,0.150548755667906,2.0
197.0,0.14287378477046142,1.0
198.0,0.11028603874823173,1.0
199.0,0.11266790747794313,1.0
200.0,0.13963822328622735,1.0
201.0,0.11309015008117301,1.0
202.0,0.1380161987132137,1.0
203.0,0.13602061771763663,1.0
204.0,0.1306206395937602,1.0
205.0,0.1995530053909609,2.0
206.0,0.18868508061290834,2.0
207.0,0.17360237821906177,2.0
208.0,0.14518376033039895,1.0
209.0,0.11276450160742355,1.0
210.0,0.1376147572426294,1.0
211.0,0.1180103533139856,1.0
212.0,0.12556527658682198,1.0
213.0,0.12032075217003192,1.0
214.0,0.11975312453441389,1.0
215.0,0.13562563804693123,1.0
216.0,0.11589356300366009,1.0
217.0,0.13618233981125705,1.0
218.0,0.10959922717389878,1.0
219.0,0.11100046848636112,1.0
220.0,0.11783118071795383,1.0
221.0,0.10122682333894556,1.0
222.0,0.11444200369202728,1.0
223.0,0.14620150001911464,1.0
224.0,0.12747363748486917,0.0
225.0,0.6333066524972044,2.0
226.0,0.5919749249752996,2.0
227.0,0.555036990359784,2.0
228.0,0.5429860558062478,2.0
229.0,0.519288189846991,2.0
230.0,0.4897108263298756,2.0
231.0,0.4876376104630976,2.0
232.0,0.46391041658501064,2.0
233.0,0.43380025419187346,2.0
234.0,0.39725646329273234,2.0
235.0,0.3794179560675947,2.0
236.0,0.3464759604257257,2.0
237.0,0.3317236800385892,2.0
238.0,0.29787991484578236,2.0
239.0,0.30657379564296594,2.0
240.0,0.29708923548357774,2.0
241.0,0.2908419883169169,2.0
242.0,0.25992421388110487,2.0
243.0,0.25919694656502024,2.0
244.0,0.2717112436406597,2.0
245.0,0.23957990309949775,2.0
246.0,0.2165255709017414,2.0
247.0,0.20043094711816173,2.0
248.0,0.18895213996388488,2.0
249.0,0.1828252956806984,2.0
250.0,0.17448363755152668,2.0
251.0,0.1700965822758687,2.0
252.0,0.1608864958423647,2.0
253.0,0.1584130521730464,2.0
254.0,0.15823446235906474,2.0
255.0,0.14637560335203334,1.0
256.0,0.2657611622334104,2.0
257.0,0.2309299177215276,2.0
258.0,0.2070977164802594,2.0
259.0,0.18671122671611562,2.0
260.0,0.16897598180593354,2.0
261.0,0.15430253594150545,2.0
262.0,0.15202248382717032,2.0
263.0,0.1419860471591916,1.0
264.0,0.18443333681094495,2.0
265.0,0.16435322486303547,2.0
266.0,0.15292067606807763,2.0
267.0,0.137265858478127,1.0
268.0,0.14989580306148514,1.0
269.0,0.15629795730361573,2.0
270.0,0.14600490455741513,1.0
271.0,0.12839576128948463,1.0
272.0,0.15195375773486225,2.0
273.0,0.13780558778011726,1.0
274.0,0.20765976633485592,2.0
275.0,0.20028279184220682,2.0
276.0,0.17936258097843105,2.0
277.0,0.16020638718313052,2.0
278.0,0.14731223129212492,1.0
279.0,0.15544896282863796,2.0
280.0,0.15559254626031885,2.0
281.0,0.1346156239995147,1.0
282.0,0.13571388182708016,0.0
283.0,0.39439710502681635,2.0
284.0,0.360852673567797,2.0
285.0,0.33020001043682323,2.0
286.0,0.30582122778865783,2.0
287.0,0.2688128698491612,2.0
288.0,0.23160682794960535,2.0
289.0,0.22197648834571887,2.0
290.0,0.19065606268110136,2.0
291.0,0.16713437375282592,2.0
292.0,0.15371682910383572,2.0
293.0,0.144199906096658,1.0
294.0,0.23219969121871853,2.0
295.0,0.19367370880377502,2.0
296.0,0.16318236476251952,2.0
297.0,0.14711416716650183,1.0
298.0,0.12959612362283307,1.0
299.0,0.1388660485153932,1.0
300.0,0.15774786716003245,2.0
301.0,0.142299167723152,1.0
302.0,0.128436280301578,1.0
303.0,0.13956133877468166,1.0
304.0,0.13810537741699297,1.0
305.0,0.12428157936749941,1.0
306.0,0.11921153686655207,1.0
307.0,0.1068796811352168,1.0
308.0,0.1291138174357896,1.0
309.0,0.1142836409880687,1.0
310.0,0.13077784177409,1.0
311.0,0.13857932399242184,1.0
312.0,0.15127266573771253,2.0
313.0,0.14047708305898748,1.0
314.0,0.12158826217466627,1.0
315.0,0.30958964889242235,2.0
316.0,0.2620203979577136,2.0
317.0,0.22106741960011866,2.0
318.0,0.20148747812806517,2.0
319.0,0.17875483864302127,2.0
320.0,0.1601952392466685,2.0
321.0,0.14648185416506665,1.0
322.0,0.16514369584227506,2.0
323.0,0.13862551228649803,0.0
324.0,0.6890360029924376,2.0
325.0,0.6658245009268238,2.0
326.0,0.6377148365941065,2.0
327.0,0.5927447532248821,2.0
328.0,0.5688594224703112,2.0
329.0,0.5368868162147433,2.0
330.0,0.5156554746948168,2.0
331.0,0.48209904060921144,2.0
332.0,0.4417723555932191,2.0
333.0,0.4187920237458008,2.0
334.0,0.4004633725226571,2.0
335.0,0.3525977101282356,2.0
336.0,0.3055340719009499,2.0
337.0,0.27366393755846574,2.0
338.0,0.2395673709472678,2.0
339.0,0.23073044766709555,2.0
340.0,0.2045942603566481,2.0
341.0,0.20431744934813525,2.0
342.0,0.18049103737759636,2.0
343.0,0.17845141287095562,2.0
344.0,0.16637427057266438,2.0
345.0,0.15893561139989273,2.0
346.0,0.15708164218077741,2.0
347.0,0.1639552923432998,2.0
348.0,0.16012285145725794,2.0
349.0,0.14540619137607588,1.0
350.0,0.17715481010125922,2.0
351.0,0.15472825916573185,2.0
352.0,0.1341375860139178,0.0
353.0,0.6030912726043995,2.0
354.0,0.5727984219207019,2.0
355.0,0.5443973312677259,2.0
356.0,0.524014905672892,2.0
357.0,0.5085825917501632,2.0
358.0,0.47739529834174205,2.0
359.0,0.46107055979091843,2.0
360.0,0.4440755707202503,2.0
361.0,0.4114806065434077,2.0
362.0,0.37823874372586813,2.0
363.0,0.37101113785849715,2.0
364.0,0.3669609934668777,2.0
365.0,0.3640434289925851,2.0
366.0,0.3275836312082155,2.0
367.0,0.3266260069409677,2.0
368.0,0.3257515301083667,2.0
369.0,0.2886115444827919,2.0
370.0,0.25964007917656695,2.0
371.0,0.23157213384876127,2.0
372.0,0.22229654006836005,2.0
373.0,0.2217941362781195,2.0
374.0,0.21682428415506255,2.0
375.0,0.20626891967252758,2.0
376.0,0.19850670912326612,2.0
377.0,0.1980810340539425,2.0
378.0,0.19951722068164193,2.0
379.0,0.18155298910790135,2.0
380.0,0.1743755536800909,2.0
381.0,0.17309056493479102,2.0
382.0,0.17609642576695111,2.0
383.0,0.16122902596427147,2.0
384.0,0.1550353242923762,2.0
385.0,0.15398908267733208,2.0
386.0,0.15393814666272715,2.0
387.0,0.15504792133337397,2.0
388.0,0.15922689296455173,2.0
389.0,0.14651892388434495,1.0
390.0,0.17616530439661598,2.0
391.0,0.17550465728382347,2.0
392.0,0.1733683189649194,2.0
393.0,0.1723949114508241,2.0
394.0,0.152582180307897,2.0
395.0,0.13823127559903553,1.0
396.0,0.16361321233523013,2.0
397.0,0.16653645343602752,2.0
398.0,0.16349418612620975,2.0
399.0,0.17731557016799926,2.0
400.0,0.19221411210660724,2.0
401.0,0.18907098746600143,2.0
402.0,0.16649803671156083,2.0
403.0,0.1644023649761882,2.0
404.0,0.1420215418231694,1.0
405.0,0.15415078740746418,2.0
406.0,0.13514237275436153,1.0
407.0,0.1485157143087521,1.0
408.0,0.3204832503314325,2.0
409.0,0.2930600947273895,2.0
410.0,0.2703498847365581,2.0
411.0,0.24222658911223993,2.0
412.0,0.22927773930709236,2.0
413.0,0.21020307583104947,2.0
414.0,0.19327037249158052,2.0
415.0,0.18571603848710655,2.0
416.0,0.17123061519746724,2.0
417.0,0.163848466513869,2.0
418.0,0.15733992059084614,2.0
419.0,0.15581309273241423,2.0
420.0,0.1443923846639421,1.0
421.0,0.2896234059865812,2.0
422.0,0.2943277383019115,2.0
423.0,0.24988514017182242,2.0
424.0,0.24683223311478503,2.0
425.0,0.2217019016398152,2.0
426.0,0.19452298609029325,2.0
427.0,0.16929471965267887,2.0
428.0,0.15787102845721893,2.0
429.0,0.15635604459454044,2.0
430.0,0.14144676859365565,0.0
431.0,0.6308890663509894,2.0
432.0,0.5999318825466158,2.0
433.0,0.5595793809774345,2.0
434.0,0.516686988428388,2.0
435.0,0.47737362809810824,2.0
436.0,0.43715308675274406,2.0
437.0,0.40193028624497956,2.0
438.0,0.35823441319159366,2.0
439.0,0.3414002270602294,2.0
440.0,0.3169732077058701,2.0
441.0,0.27981011198204375,2.0
442.0,0.26298391582913394,2.0
443.0,0.25532971881461874,2.0
444.0,0.22454553766011182,2.0
445.0,0.2050848886301747,2.0
446.0,0.19849816789017813,2.0
447.0,0.18688374082710607,2.0
448.0,0.1854066954691766,2.0
449.0,0.17066519680227482,2.0
450.0,0.16916638335350748,2.0
451.0,0.17401171993256728,2.0
452.0,0.17307514082600356,2.0
453.0,0.17430080455992814,2.0
454.0,0.15901699350781412,2.0
455.0,0.14416509000425043,1.0
456.0,0.3160884815899289,2.0
457.0,0.285776540224987,2.0
458.0,0.24017663997639485,2.0
459.0,0.20361593965898758,2.0
460.0,0.19612666827645125,2.0
461.0,0.18188635136490697,2.0
462.0,0.1574654272127289,2.0
463.0,0.1523253895861154,2.0
464.0,0.13873455723967826,1.0
465.0,0.14077129131279337,1.0
466.0,0.1440995912849652,1.0
467.0,0.13752002593739027,1.0
468.0,0.17374174130356818,2.0
469.0,0.1466888412882551,1.0
470.0,0.14036262045172898,1.0
471.0,0.10995738618395147,1.0
472.0,0.11959229301079849,1.0
473.0,0.10433159833774794,1.0
474.0,0.11891385639134089,1.0
475.0,0.11352605238983088,1.0
476.0,0.12142193768266549,1.0
477.0,0.11543178538354172,1.0
478.0,0.13433158412802892,1.0
479.0,0.10698051423028188,1.0
480.0,0.11272879614458123,1.0
481.0,0.12406091376684728,1.0
482.0,0.14949614104362097,1.0
483.0,0.15521871544684715,2.0
484.0,0.14272108689061946,1.0
485.0,0.12833182161635742,1.0
486.0,0.12133793688606799,1.0
487.0,0.2532250266446753,2.0
488.0,0.21355452926767238,2.0
489.0,0.1850218548753479,2.0
490.0,0.15989676325789434,2.0
491.0,0.14396767914165096,1.0
492.0,0.1315118725958725,0.0
493.0,0.6994659284127829,2.0
494.0,0.6939010930996578,2.0
495.0,0.6759293687026091,2.0
496.0,0.6585147715574524,2.0
497.0,0.6089996179529575,2.0
498.0,0.5619120544255024,2.0
499.0,0.5266883696699078,2.0
500.0,0.4869367321371173,2.0
501.0,0.44535112405166566,2.0
502.0,0.40418658412266495,2.0
503.0,0.3686393901374215,2.0
504.0,0.3372810282154991,2.0
505.0,0.31020116172107526,2.0
506.0,0.273338702974459,2.0
507.0,0.24362287108708142,2.0
508.0,0.23319451792934176,2.0
509.0,0.227566496600309,2.0
510.0,0.2235158780492029,2.0
511.0,0.21392502137210376,2.0
512.0,0.2117171102833882,2.0
513.0,0.2106341462220676,2.0
514.0,0.2142009225172679,2.0
515.0,0.18545834325933122,2.0
516.0,0.187550349822522,2.0
517.0,0.19039504380096295,2.0
518.0,0.16343640442272747,2.0
519.0,0.1653122413865864,2.0
520.0,0.1445305391400014,1.0
521.0,0.1989645466617789,2.0
522.0,0.16541173411112703,2.0
523.0,0.16149307824428927,2.0
524.0,0.14031253894911416,1.0
525.0,0.23081057205215366,2.0
526.0,0.20958450556532804,2.0
527.0,0.1748425469261089,2.0
528.0,0.16021861256875827,2.0
529.0,0.13955584054490983,1.0
530.0,0.12213476228835829,1.0
531.0,0.12279185137693292,1.0
532.0,0.15706860598162714,2.0
533.0,0.14181300380217896,1.0
534.0,0.12967620308927252,1.0
535.0,0.11990490972618532,1.0
536.0,0.12145767902456037,1.0
537.0,0.11702959274842162,1.0
538.0,0.20777613390637645,2.0
539.0,0.18449606795459844,2.0
540.0,0.17528991617277992,2.0
541.0,0.15316456705287562,2.0
542.0,0.14036893516917565,1.0
543.0,0.1510990383380154,2.0
544.0,0.14455556755819277,1.0
545.0,0.14506424239660765,1.0
546.0,0.1410665399146301,1.0
547.0,0.1240689798148974,1.0
548.0,0.12501055944447653,1.0
549.0,0.1886488510630182,2.0
550.0,0.16307633766392177,2.0
551.0,0.14274994699097962,1.0
552.0,0.1409245331833116,1.0
553.0,0.14642298323878458,1.0
554.0,0.2073444973136855,2.0
555.0,0.18278164801030755,2.0
556.0,0.15827369803873453,2.0
557.0,0.14621523441130252,1.0
558.0,0.1659405105510508,2.0
559.0,0.15219530028340067,2.0
560.0,0.1408977483024516,1.0
561.0,0.1413022970578945,0.0
562.0,0.6564023369854507,2.0
563.0,0.6387499643334444,2.0
564.0,0.5851053876404184,2.0
565.0,0.5862848625884258,2.0
566.0,0.547088946151168,2.0
567.0,0.5153628229572685,2.0
568.0,0.4877425416223147,2.0
569.0,0.4386591497942491,2.0
570.0,0.4013896278970155,2.0
571.0,0.3725442899085129,2.0
572.0,0.32292791223116163,2.0
573.0,0.3060167731427642,2.0
574.0,0.29781936665921704,2.0
575.0,0.25679860160633805,2.0
576.0,0.2532142330387121,2.0
577.0,0.22181305930661083,2.0
578.0,0.2037623990135764,2.0
579.0,0.20460736201495944,2.0
580.0,0.17802547198790358,2.0
581.0,0.16116019434596385,2.0
582.0,0.1594449064522241,2.0
583.0,0.159419421228375,2.0
584.0,0.14460354878569656,1.0
585.0,0.1759141136471653,2.0
586.0,0.15377504931010091,2.0
587.0,0.13444970224846656,1.0
588.0,0.17355330931087543,2.0
589.0,0.14894916071939712,0.0
590.0,0.5668015931581336,2.0
591.0,0.5270532469340317,2.0
592.0,0.48383295618566624,2.0
593.0,0.4358388315246687,2.0
594.0,0.40067359884617554,2.0
595.0,0.3664214150420366,2.0
596.0,0.3315243696872119,2.0
597.0,0.3081841036308931,2.0
598.0,0.29612728730060234,2.0
599.0,0.26776593955029393,2.0
600.0,0.25578558307028443,2.0
601.0,0.2218003831973091,2.0
602.0,0.19468962704949724,2.0
603.0,0.1745923082698866,2.0
604.0,0.16870459566770063,2.0
605.0,0.1617180047065688,2.0
606.0,0.15401072477708014,2.0
607.0,0.14756955686621837,1.0
608.0,0.1805081043651304,2.0
609.0,0.17368236277162374,2.0
610.0,0.17003211736154739,2.0
611.0,0.16727608714423747,2.0
612.0,0.14961743850969172,1.0
613.0,0.16471929368373095,2.0
614.0,0.16489043093396083,2.0
615.0,0.1419170410278467,0.0
616.0,0.6894892125184474,2.0
617.0,0.6431494438578381,2.0
618.0,0.5953460877444435,2.0
619.0,0.5791507927023154,2.0
620.0,0.5343488373075937,2.0
621.0,0.5121333115410034,2.0
622.0,0.47363854606726774,2.0
623.0,0.4423272912393346,2.0
624.0,0.4151835292711517,2.0
625.0,0.3954006821955942,2.0
626.0,0.3737563128493757,2.0
627.0,0.3370891501731484,2.0
628.0,0.32761366926199625,2.0
629.0,0.32232728967549995,2.0
630.0,0.3182750540499933,2.0
631.0,0.31636514770788626,2.0
632.0,0.3139627737553921,2.0
633.0,0.3114870269135735,2.0
634.0,0.3087091762379788,2.0
635.0,0.3083611190971134,2.0
636.0,0.3153407435310506,2.0
637.0,0.31810159490970846,2.0
638.0,0.2946596094004773,2.0
639.0,0.29443583161131404,2.0
640.0,0.2954724706536447,2.0
641.0,0.29514995953366796,2.0
642.0,0.29407538993818005,2.0
643.0,0.25804762570710255,2.0
644.0,0.26492830477972673,2.0
645.0,0.2675988897288317,2.0
646.0,0.23931651682563085,2.0
647.0,0.24444224612232313,2.0
648.0,0.24995355532882546,2.0
649.0,0.253307001480336,2.0
650.0,0.25786324096514546,2.0
651.0,0.2607577096559671,2.0
652.0,0.26091344028220637,2.0
653.0,0.26226253108285613,2.0
654.0,0.26562131348063156,2.0
655.0,0.2677006614184182,2.0
656.0,0.26916018547374654,2.0
657.0,0.27202596110652966,2.0
658.0,0.27024854658256037,2.0
659.0,0.27454394978502106,2.0
660.0,0.27268364374498033,2.0
661.0,0.27432279706235274,2.0
662.0,0.23675273987873247,2.0
663.0,0.21589865669081115,2.0
664.0,0.1942828573472609,2.0
665.0,0.18819770165215244,2.0
666.0,0.19050455986147832,2.0
667.0,0.18523837712958852,2.0
668.0,0.1872399566963252,2.0
669.0,0.18281086376243444,2.0
670.0,0.17326994124981662,2.0
671.0,0.17102535609025007,2.0
672.0,0.17122077300089789,2.0
673.0,0.16349104125685515,2.0
674.0,0.16651397961906372,2.0
675.0,0.16046641796841316,2.0
676.0,0.155301882697567,2.0
677.0,0.15149333829462344,2.0
678.0,0.15256914996923407,2.0
679.0,0.1514164391679012,2.0
680.0,0.155919687747254,2.0
681.0,0.1582169199267071,2.0
682.0,0.144574757249422,1.0
683.0,0.23542910427621094,2.0
684.0,0.21636364822807103,2.0
685.0,0.20204188350693156,2.0
686.0,0.17308224907283698,2.0
687.0,0.1557499706924249,2.0
688.0,0.15479178409419098,2.0
689.0,0.13881347362822083,1.0
690.0,0.21442164783742712,2.0
691.0,0.19653754978425142,2.0
692.0,0.18493939569847312,2.0
693.0,0.17645604488505268,2.0
694.0,0.17015226513756015,2.0
695.0,0.16096053881647976,2.0
696.0,0.15639383107581237,2.0
697.0,0.15131894798085338,2.0
698.0,0.14418997705939773,1.0
699.0,0.21332126597344434,2.0
700.0,0.18790421683621827,2.0
701.0,0.17124703156701848,2.0
702.0,0.1624041659757694,2.0
703.0,0.15412074293320213,2.0
704.0,0.16287863528678376,2.0
705.0,0.15836841593380643,2.0
706.0,0.1515745993952714,2.0
707.0,0.14300845092049502,1.0
708.0,0.15603925781930575,2.0
709.0,0.15574489130945976,2.0
710.0,0.15308765298802984,2.0
711.0,0.14007115491758168,0.0
712.0,0.5503103161574824,2.0
713.0,0.5062382972549886,2.0
714.0,0.474491999827378,2.0
715.0,0.42605364879018925,2.0
716.0,0.37953912451852606,2.0
717.0,0.3517576808681692,2.0
718.0,0.3053525570676169,2.0
719.0,0.2691415128968153,2.0
720.0,0.2434497450212622,2.0
721.0,0.23240920160295486,2.0
722.0,0.22241724553716252,2.0
723.0,0.20882861964173985,2.0
724.0,0.2009748924916507,2.0
725.0,0.19119656112633066,2.0
726.0,0.178705058375572,2.0
727.0,0.1752627827600286,2.0
728.0,0.16283100569616252,2.0
729.0,0.16394542860552452,2.0
730.0,0.15409098685000752,2.0
731.0,0.14945451241502133,1.0
732.0,0.20024503875178495,2.0
733.0,0.19592970283631875,2.0
734.0,0.1870821473452404,2.0
735.0,0.16046800430225383,2.0
736.0,0.1582149691075862,2.0
737.0,0.1554394146416533,2.0
738.0,0.13860364661229185,1.0
739.0,0.199452572964752,2.0
740.0,0.18442898387093867,2.0
741.0,0.17883917131603463,2.0
742.0,0.17456232996115512,2.0
743.0,0.17265021333681807,2.0
744.0,0.17043206082475804,2.0
745.0,0.16398715219374566,2.0
746.0,0.14445675930328183,1.0
747.0,0.2037073231608675,2.0
748.0,0.18703759677519166,2.0
749.0,0.17098355398752701,2.0
750.0,0.164215321067687,2.0
751.0,0.14045648934533622,1.0
752.0,0.1841972939827513,2.0
753.0,0.1839322840848555,2.0
754.0,0.15647651124347878,2.0
755.0,0.13697780323223496,1.0
756.0,0.1667540578361098,2.0
757.0,0.14262794139712553,1.0
758.0,0.13146177194678088,1.0
759.0,0.13490345341021434,1.0
760.0,0.143463849677688,1.0
761.0,0.13573863340774517,1.0
762.0,0.15947152311124907,2.0
763.0,0.15656980997607192,2.0
764.0,0.15169673438995157,2.0
765.0,0.13550976056377445,1.0
766.0,0.2144797431054173,2.0
767.0,0.18921742367826003,2.0
768.0,0.16042190446137572,2.0
769.0,0.15172587466227855,2.0
770.0,0.12987465988821456,1.0
771.0,0.12426326002590743,1.0
772.0,0.163463812276405,2.0
773.0,0.1504643676853703,2.0
774.0,0.13217579234018104,1.0
775.0,0.13409483939636774,1.0
776.0,0.1321940399459591,0.0
777.0,0.5761503021268246,2.0
778.0,0.5245745302238375,2.0
779.0,0.4671854663606602,2.0
780.0,0.4149697511858187,2.0
781.0,0.36971233156228345,2.0
782.0,0.33038102785922724,2.0
783.0,0.27566752322045945,2.0
784.0,0.26314351341817854,2.0
785.0,0.2509597493588944,2.0
786.0,0.23772738376483651,2.0
787.0,0.1969385986611504,2.0
788.0,0.193278446250855,2.0
789.0,0.1961682474778353,2.0
790.0,0.1914573552264176,2.0
791.0,0.1923990609499147,2.0
792.0,0.18497372993411565,2.0
793.0,0.15394700275458964,2.0
794.0,0.1355671227461948,1.0
795.0,0.17274842939567708,2.0
796.0,0.1502734857989091,2.0
797.0,0.1543888062671045,2.0
798.0,0.1553422165345173,2.0
799.0,0.1510151810785316,2.0
800.0,0.14750064655117073,1.0
801.0,0.11910182221729078,0.0
802.0,0.5426449721609358,2.0
803.0,0.49173317747814016,2.0
804.0,0.442453795220624,2.0
805.0,0.3915498447314908,2.0
806.0,0.34384469175337634,2.0
807.0,0.300323228496065,2.0
808.0,0.26687334702479953,2.0
809.0,0.2412659875650382,2.0
810.0,0.22057298468308104,2.0
811.0,0.19958374021122205,2.0
812.0,0.19087941997829133,2.0
813.0,0.17357833095433833,2.0
814.0,0.16604100804450403,2.0
815.0,0.16428054215532928,2.0
816.0,0.15711421860885016,2.0
817.0,0.1508459474047452,2.0
818.0,0.14350451032297676,1.0
819.0,0.1750276391536683,2.0
820.0,0.1723382257646195,2.0
821.0,0.16978155317147844,2.0
822.0,0.16904950230817734,2.0
823.0,0.15207900249220513,2.0
824.0,0.13683333828616165,1.0
825.0,0.3238376129208047,2.0
826.0,0.2808382141812264,2.0
827.0,0.2335856584515832,2.0
828.0,0.22199920803728573,2.0
829.0,0.1926624696938167,2.0
830.0,0.16803687741784692,2.0
831.0,0.15599348565009286,2.0
832.0,0.14030394002558452,1.0
833.0,0.1466833125161769,1.0
834.0,0.14895594474112428,0.0
835.0,0.7376644424385144,2.0
836.0,0.7364968393985456,2.0
837.0,0.6924225340489776,2.0
838.0,0.644287025000196,2.0
839.0,0.6402806369088577,2.0
840.0,0.6183774339332553,2.0
841.0,0.5735612972120503,2.0
842.0,0.5424689750229645,2.0
843.0,0.5051578410382088,2.0
844.0,0.4650798281378808,2.0
845.0,0.42018026394485547,2.0
846.0,0.3960335416179872,2.0
847.0,0.3779121097079142,2.0
848.0,0.3679904969285631,2.0
849.0,0.3605228066584818,2.0
850.0,0.3161798958224955,2.0
851.0,0.32067203062038796,2.0
852.0,0.28078446501466126,2.0
853.0,0.2502588380123716,2.0
854.0,0.2532904799319574,2.0
855.0,0.2245119026684618,2.0
856.0,0.2326007372033303,2.0
857.0,0.23725755980311614,2.0
858.0,0.2403761408726341,2.0
859.0,0.21192855132529326,2.0
860.0,0.1935894113965425,2.0
861.0,0.19733912780197033,2.0
862.0,0.18358664549945003,2.0
863.0,0.18542250549903685,2.0
864.0,0.18939291928997157,2.0
865.0,0.19528337132030688,2.0
866.0,0.1984852175548758,2.0
867.0,0.17393829445976416,2.0
868.0,0.17826977173343495,2.0
869.0,0.16212739602839416,2.0
870.0,0.16560989931338227,2.0
871.0,0.1517039282714695,2.0
872.0,0.15532045729185515,2.0
873.0,0.14631468238704612,1.0
874.0,0.19133318222439677,2.0
875.0,0.16290373762523647,2.0
876.0,0.1524222322042325,2.0
877.0,0.14203175341941277,1.0
878.0,0.17835939473095816,2.0
879.0,0.15475842985075805,2.0
880.0,0.15475460275714092,2.0
881.0,0.15516829921498354,2.0
882.0,0.15804524759133382,2.0
883.0,0.13689489617858508,1.0
884.0,0.2199190576434052,2.0
885.0,0.20978469975825764,2.0
886.0,0.18747134024281614,2.0
887.0,0.17626450403040492,2.0
888.0,0.1837105126626971,2.0
889.0,0.17907139535362945,2.0
890.0,0.17409212299048255,2.0
891.0,0.1736729072157724,2.0
892.0,0.1472521927817234,1.0
893.0,0.16957151623022337,2.0
894.0,0.16290365294097867,2.0
895.0,0.1414358486044458,0.0
896.0,0.5433680033864596,2.0
897.0,0.49605344019862074,2.0
898.0,0.44950861947417997,2.0
899.0,0.3966325316845587,2.0
900.0,0.34808819428275894,2.0
901.0,0.31390297066558454,2.0
902.0,0.28125358593115757,2.0
903.0,0.26349743760259076,2.0
904.0,0.22858245110237482,2.0
905.0,0.21737544189043212,2.0
906.0,0.210912226636984,2.0
907.0,0.21408644785934283,2.0
908.0,0.20551671624735662,2.0
909.0,0.2029557145421807,2.0
910.0,0.20153112360616304,2.0
911.0,0.2088833875383298,2.0
912.0,0.18166520649328666,2.0
913.0,0.17922019950856238,2.0
914.0,0.16218230497669503,2.0
915.0,0.1669146327589977,2.0
916.0,0.15511752416814267,2.0
917.0,0.15606639449067894,2.0
918.0,0.15506030496547196,2.0
919.0,0.13786918361530548,0.0
920.0,0.5288685829520855,2.0
921.0,0.47961773516503137,2.0
922.0,0.43518354375653007,2.0
923.0,0.4059311267594815,2.0
924.0,0.4064408888863944,2.0
925.0,0.358550445711074,2.0
926.0,0.3343611399486007,2.0
927.0,0.300324792698872,2.0
928.0,0.2741340623675651,2.0
929.0,0.27046730492925664,2.0
930.0,0.2572263223696048,2.0
931.0,0.2297415768803923,2.0
932.0,0.213309743931136,2.0
933.0,0.21719181219002548,2.0
934.0,0.2051615952214346,2.0
935.0,0.18357372017133605,2.0
936.0,0.1712442914846629,2.0
937.0,0.1658731042721634,2.0
938.0,0.16140387660619968,2.0
939.0,0.16060329452303373,2.0
940.0,0.15955363767600605,2.0
941.0,0.1582515675659295,2.0
942.0,0.15916652365899675,2.0
943.0,0.16146941748065438,2.0
944.0,0.1624564824485252,2.0
945.0,0.1631036964561647,2.0
946.0,0.16521413886635763,2.0
947.0,0.1730924081759132,2.0
948.0,0.15402284674840383,2.0
949.0,0.15671366190450597,2.0
950.0,0.14671961103341025,1.0
951.0,0.22088127194242663,2.0
952.0,0.1996696502668419,2.0
953.0,0.21458744966736626,2.0
954.0,0.18008693800783904,2.0
955.0,0.15934161386045337,2.0
956.0,0.1441996385201701,1.0
957.0,0.1871976551452244,2.0
958.0,0.17483125720529374,2.0
959.0,0.16567395537332041,2.0
960.0,0.15893755586820357,2.0
961.0,0.1520364444073422,2.0
962.0,0.13562610862608573,1.0
963.0,0.1910751520604324,2.0
964.0,0.16495714833026032,2.0
965.0,0.16319367950737118,2.0
966.0,0.15723999858698803,2.0
967.0,0.1646934218578363,2.0
968.0,0.1576204651281305,2.0
969.0,0.14464777484799263,1.0
970.0,0.14865873377166966,1.0
971.0,0.18264269425925939,2.0
972.0,0.17165965519492893,2.0
973.0,0.1482994087699841,1.0
974.0,0.13641034615469996,1.0
975.0,0.1626290150845009,2.0
976.0,0.15914050733786456,2.0
977.0,0.1584018875624832,2.0
978.0,0.14562787933036425,0.0
979.0,0.6347233759435955,2.0
980.0,0.599548238537488,2.0
981.0,0.5912297383646135,2.0
982.0,0.5555178576408057,2.0
983.0,0.5255456868791932,2.0
984.0,0.5091598711465607,2.0
985.0,0.48406466779469026,2.0
986.0,0.4617077807945088,2.0
987.0,0.4318220952854943,2.0
988.0,0.4158766466038539,2.0
989.0,0.40263998040988724,2.0
990.0,0.3806070736951961,2.0
991.0,0.3886674128746592,2.0
992.0,0.3855829804661776,2.0
993.0,0.35216278158699765,2.0
994.0,0.3185632136253522,2.0
995.0,0.3185468106382764,2.0
996.0,0.2939949889297883,2.0
997.0,0.2964489647732954,2.0
998.0,0.26856502038201663,2.0
999.0,0.2747432894917742,2.0
1000.0,0.2501435039150685,2.0
1001.0,0.2339534083485435,2.0
1002.0,0.22447306576428616,2.0
1003.0,0.220712215825493,2.0
1004.0,0.217883667969054,2.0
1005.0,0.21883030362686873,2.0
1006.0,0.22363292217546912,2.0
1007.0,0.2044258208658778,2.0
1008.0,0.1988678630002487,2.0
1009.0,0.19732521289708904,2.0
1010.0,0.18883391342692288,2.0
1011.0,0.18686657579664206,2.0
1012.0,0.18827909777634355,2.0
1013.0,0.18854461227010433,2.0
1014.0,0.18349451271956094,2.0
1015.0,0.1843645931052588,2.0
1016.0,0.18868930185403088,2.0
1017.0,0.1720424155461014,2.0
1018.0,0.1643437811755239,2.0
1019.0,0.16420111478182564,2.0
1020.0,0.16510191803577978,2.0
1021.0,0.17098953954961718,2.0
1022.0,0.17156891942407687,2.0
1023.0,0.17649399175264957,2.0
1024.0,0.18248391428002284,2.0
1025.0,0.16207605934435088,2.0
1026.0,0.1628172877863568,2.0
1027.0,0.14886308710185375,0.0
1028.0,0.4498380973931614,2.0
1029.0,0.4029289573411501,2.0
1030.0,0.3623723996873629,2.0
1031.0,0.326475890161943,2.0
1032.0,0.2892373566103414,2.0
1033.0,0.28523833028231016,2.0
1034.0,0.25242623044018864,2.0
1035.0,0.2348882583187965,2.0
1036.0,0.22164736242510671,2.0
1037.0,0.1983192778242424,2.0
1038.0,0.18887382407118583,2.0
1039.0,0.1878626484916917,2.0
1040.0,0.16940635322270925,2.0
1041.0,0.17351923984325462,2.0
1042.0,0.16976602249706454,2.0
1043.0,0.15501987865167866,2.0
1044.0,0.14563126427243234,1.0
1045.0,0.21483908506976013,2.0
1046.0,0.20098675903973445,2.0
1047.0,0.19070581377850818,2.0
1048.0,0.1878518893421056,2.0
1049.0,0.18010896336914262,2.0
1050.0,0.17450582420135702,2.0
1051.0,0.17283008556748353,2.0
1052.0,0.14944738368637506,0.0
1053.0,0.32257305324736474,2.0
1054.0,0.2942534638986163,2.0
1055.0,0.26146928425251087,2.0
1056.0,0.25778501666454134,2.0
1057.0,0.23754928211614326,2.0
1058.0,0.22885718470844363,2.0
1059.0,0.21894523223585208,2.0
1060.0,0.1921511757189463,2.0
1061.0,0.1944137919131145,2.0
1062.0,0.17071800633666098,2.0
1063.0,0.15551129473946448,2.0
1064.0,0.15239635216714478,2.0
1065.0,0.14334678015755264,1.0
1066.0,0.17801347031940346,2.0
1067.0,0.17082539497446164,2.0
1068.0,0.16534498116418372,2.0
1069.0,0.16502212331596988,2.0
1070.0,0.16034919978019307,2.0
1071.0,0.16026165674870868,2.0
1072.0,0.16853204946336878,2.0
1073.0,0.16567499156151938,2.0
1074.0,0.16304383765885544,2.0
1075.0,0.14278720497843,1.0
1076.0,0.20453957374901277,2.0
1077.0,0.18060362606043578,2.0
1078.0,0.16767528094724912,2.0
1079.0,0.15356205628552425,2.0
1080.0,0.15312074267688364,2.0
1081.0,0.14082534783604422,1.0
1082.0,0.15819635606374216,2.0
1083.0,0.13871673867916362,1.0
1084.0,0.2774166526573124,2.0
1085.0,0.2918833441598171,2.0
1086.0,0.2818350641375499,2.0
1087.0,0.24192309975659534,2.0
1088.0,0.2154862676382583,2.0
1089.0,0.1934495268269973,2.0
1090.0,0.17985463370659788,2.0
1091.0,0.15884063411716876,2.0
1092.0,0.14588849913107974,0.0
1093.0,0.7182018020228683,2.0
1094.0,0.7124549631823014,2.0
1095.0,0.7113991130187121,2.0
1096.0,0.6980518568678649,2.0
1097.0,0.6906429561712957,2.0
1098.0,0.6490142193086508,2.0
1099.0,0.6054254595385699,2.0
1100.0,0.5745162211448767,2.0
1101.0,0.5393009578946422,2.0
1102.0,0.5442479076864108,2.0
1103.0,0.5023714151209238,2.0
1104.0,0.45825429906820275,2.0
1105.0,0.4270711040544889,2.0
1106.0,0.40510074707915184,2.0
1107.0,0.35964623389608896,2.0
1108.0,0.31452647962787184,2.0
1109.0,0.3078678076555075,2.0
1110.0,0.270438341795499,2.0
1111.0,0.2745928578618173,2.0
1112.0,0.27112281503166913,2.0
1113.0,0.2749888430306465,2.0
1114.0,0.27570665587541565,2.0
1115.0,0.2353359286953466,2.0
1116.0,0.2103578077134403,2.0
1117.0,0.21349659881175356,2.0
1118.0,0.18900822231968747,2.0
1119.0,0.18971611277834508,2.0
1120.0,0.19205530959298406,2.0
1121.0,0.19640315312989517,2.0
1122.0,0.20350057869153304,2.0
1123.0,0.18299602642611695,2.0
1124.0,0.1627405174519635,2.0
1125.0,0.16694440603076832,2.0
1126.0,0.1695994051248625,2.0
1127.0,0.16131491585532792,2.0
1128.0,0.1634981368483767,2.0
1129.0,0.15342621808925627,2.0
1130.0,0.1430399131338231,1.0
1131.0,0.3097303403836429,2.0
1132.0,0.2728814211495554,2.0
1133.0,0.24020470884434814,2.0
1134.0,0.264154204355189,2.0
1135.0,0.2417664322307292,2.0
1136.0,0.21719696250545173,2.0
1137.0,0.1979366541145876,2.0
1138.0,0.1857699421969589,2.0
1139.0,0.17878433552548684,2.0
1140.0,0.1727602311114201,2.0
1141.0,0.16918299335799147,2.0
1142.0,0.16771443577435102,2.0
1143.0,0.14671349668886047,1.0
1144.0,0.28175113399254054,2.0
1145.0,0.24775988875239274,2.0
1146.0,0.22663714755660463,2.0
1147.0,0.2111504802618016,2.0
1148.0,0.1907675079072473,2.0
1149.0,0.18176147242247132,2.0
1150.0,0.15879643152140638,2.0
1151.0,0.1595036768057153,2.0
1152.0,0.1452982553925538,1.0
1153.0,0.16484793878936432,2.0
1154.0,0.1446434522213696,1.0
1155.0,0.16684140420826954,2.0
1156.0,0.15998092993123647,2.0
1157.0,0.1651059361857946,2.0
1158.0,0.14219059764748104,0.0
1159.0,0.6935498741311905,2.0
1160.0,0.649749752715522,2.0
1161.0,0.6066716193290279,2.0
1162.0,0.5859974389673166,2.0
1163.0,0.5445722275239446,2.0
1164.0,0.510329372123103,2.0
1165.0,0.4738994297349585,2.0
1166.0,0.47054252568485183,2.0
1167.0,0.4357450569317701,2.0
1168.0,0.3932861380507082,2.0
1169.0,0.3508820478824456,2.0
1170.0,0.30665161924685347,2.0
1171.0,0.29789271791569716,2.0
1172.0,0.294688147128079,2.0
1173.0,0.2588482765184369,2.0
1174.0,0.22934063054737253,2.0
1175.0,0.21003223720785041,2.0
1176.0,0.21259240913727634,2.0
1177.0,0.21504627557353123,2.0
1178.0,0.22048652682363545,2.0
1179.0,0.22147929231298702,2.0
1180.0,0.19377664894092522,2.0
1181.0,0.17638641081207093,2.0
1182.0,0.17857007071597336,2.0
1183.0,0.18697865035552463,2.0
1184.0,0.16851952933887393,2.0
1185.0,0.16366398119785897,2.0
1186.0,0.15793397634665146,2.0
1187.0,0.1572742644307999,2.0
1188.0,0.14859701332568748,1.0
1189.0,0.21584938346833815,2.0
1190.0,0.1897894053175097,2.0
1191.0,0.1747565475558025,2.0
1192.0,0.16184197481953147,2.0
1193.0,0.15469546289763986,2.0
1194.0,0.15234362849945327,2.0
1195.0,0.1513030141260294,2.0
1196.0,0.1374279793436517,1.0
1197.0,0.17373047922595292,2.0
1198.0,0.15009972717128353,2.0
1199.0,0.15221755916822988,2.0
1200.0,0.15115385019545538,2.0
1201.0,0.14972507493834278,0.0
1202.0,0.49203553954177537,2.0
1203.0,0.4430247705782302,2.0
1204.0,0.38826397252591394,2.0
1205.0,0.34748883937789743,2.0
1206.0,0.31464226095766,2.0
1207.0,0.273411386510255,2.0
1208.0,0.25303549364105277,2.0
1209.0,0.23762849083286677,2.0
1210.0,0.20925132044421285,2.0
1211.0,0.18776641072125883,2.0
1212.0,0.17328848695857058,2.0
1213.0,0.16500416690585928,2.0
1214.0,0.15735059075369218,2.0
1215.0,0.1532173585830644,2.0
1216.0,0.14820058647570816,1.0
1217.0,0.1870083427572235,2.0
1218.0,0.18237449355760676,2.0
1219.0,0.16285532338349626,2.0
1220.0,0.15053026455304822,2.0
1221.0,0.15127080819450023,2.0
1222.0,0.14609423501207983,1.0
1223.0,0.15761407996850413,2.0
1224.0,0.1422495839777195,1.0
1225.0,0.15626036229057966,2.0
1226.0,0.14502160564012198,1.0
1227.0,0.15284092822125853,2.0
1228.0,0.13670846956509963,1.0
1229.0,0.1522337685519609,2.0
1230.0,0.13248014973277536,1.0
1231.0,0.14584820916373775,1.0
1232.0,0.20723711759482613,2.0
1233.0,0.18945262521863943,2.0
1234.0,0.1742426594936959,2.0
1235.0,0.16428063961118136,2.0
1236.0,0.15843182022073968,2.0
1237.0,0.13944247308706043,1.0
1238.0,0.14746492070516637,1.0
1239.0,0.30619557342145753,2.0
1240.0,0.26393334280373293,2.0
1241.0,0.2430190471961229,2.0
1242.0,0.22582399657232877,2.0
1243.0,0.19938010659480426,2.0
1244.0,0.20199185167403183,2.0
1245.0,0.17035552576196616,2.0
1246.0,0.1564434627852908,2.0
1247.0,0.1399696410397233,1.0
1248.0,0.1466294678312401,1.0
1249.0,0.15422894230064296,2.0
1250.0,0.13376195760933254,1.0
1251.0,0.1332609951126963,1.0
1252.0,0.16553858850040798,2.0
1253.0,0.13856256618590818,1.0
1254.0,0.12079880440343368,1.0
1255.0,0.11564579119693594,1.0
1256.0,0.16858892523907648,2.0
1257.0,0.14947044651874627,1.0
1258.0,0.13264525389301063,1.0
1259.0,0.1385038094105862,0.0
1260.0,0.7045452802526887,2.0
1261.0,0.6551569561287791,2.0
1262.0,0.6024471478883084,2.0
1263.0,0.5784549408671751,2.0
1264.0,0.5500271005737503,2.0
1265.0,0.5058060938653877,2.0
1266.0,0.4688242306913072,2.0
1267.0,0.4344703513301818,2.0
1268.0,0.4229216517378569,2.0
1269.0,0.38345532265182214,2.0
1270.0,0.34143470043528346,2.0
1271.0,0.33347573155844534,2.0
1272.0,0.3076852001340606,2.0
1273.0,0.26728848530572047,2.0
1274.0,0.25997471240938874,2.0
1275.0,0.25718249851382124,2.0
1276.0,0.254788472246523,2.0
1277.0,0.2600935612859542,2.0
1278.0,0.25615833683805933,2.0
1279.0,0.263448284431571,2.0
1280.0,0.2608075686321476,2.0
1281.0,0.2618829563124137,2.0
1282.0,0.26051017304345253,2.0
1283.0,0.26553149668765713,2.0
1284.0,0.2312508090945773,2.0
1285.0,0.23258264761191547,2.0
1286.0,0.23346247418856558,2.0
1287.0,0.2176996745270096,2.0
1288.0,0.19186038857773557,2.0
1289.0,0.19836756251038523,2.0
1290.0,0.17407592637545322,2.0
1291.0,0.15969691266210662,2.0
1292.0,0.15669314456886255,2.0
1293.0,0.14882560665046304,1.0
1294.0,0.22851184721000198,2.0
1295.0,0.21188275760816053,2.0
1296.0,0.186931456216235,2.0
1297.0,0.1770120237321148,2.0
1298.0,0.1610652051059445,2.0
1299.0,0.15356708410012238,2.0
1300.0,0.1439370327405149,1.0
1301.0,0.1783517445089412,2.0
1302.0,0.15627689637847675,2.0
1303.0,0.15526885932726447,2.0
1304.0,0.14928195958679927,1.0
1305.0,0.17052642180981278,2.0
1306.0,0.14610918258231148,1.0
1307.0,0.230729863932171,2.0
1308.0,0.22010112953412692,2.0
1309.0,0.23646220434372162,2.0
1310.0,0.21902248499092855,2.0
1311.0,0.18049886362745055,2.0
1312.0,0.1877396461478867,2.0
1313.0,0.16394160029682972,2.0
1314.0,0.15312521314782315,2.0
1315.0,0.14331317390948617,0.0
1316.0,0.5711354494093546,2.0
1317.0,0.5676946363942357,2.0
1318.0,0.5320576857844634,2.0
1319.0,0.5186254566544714,2.0
1320.0,0.5006186708842901,2.0
1321.0,0.48181417816843886,2.0
1322.0,0.46651549430521166,2.0
1323.0,0.44129212976186566,2.0
1324.0,0.4059028507501654,2.0
1325.0,0.37816302821320946,2.0
1326.0,0.3471963494686726,2.0
1327.0,0.33760579925694045,2.0
1328.0,0.3313454451581438,2.0
1329.0,0.30181745319742304,2.0
1330.0,0.2999841524901272,2.0
1331.0,0.27725197837734383,2.0
1332.0,0.25177729909199403,2.0
1333.0,0.25088000053574594,2.0
1334.0,0.25180556199362586,2.0
1335.0,0.2546370682299892,2.0
1336.0,0.22866504048408615,2.0
1337.0,0.2135542480870581,2.0
1338.0,0.21563439719654276,2.0
1339.0,0.21847234194233,2.0
1340.0,0.20502376298309893,2.0
1341.0,0.2028093387256974,2.0
1342.0,0.2068785730456314,2.0
1343.0,0.19246220781343557,2.0
1344.0,0.1930400518533591,2.0
1345.0,0.17736852412508078,2.0
1346.0,0.1782575191293975,2.0
1347.0,0.17148639999733184,2.0
1348.0,0.17341604155777224,2.0
1349.0,0.17392895212403625,2.0
1350.0,0.17773141220299538,2.0
1351.0,0.16225869985667832,2.0
1352.0,0.15603672504691865,2.0
1353.0,0.1575296456072718,2.0
1354.0,0.1570601784547654,2.0
1355.0,0.16066690342112291,2.0
1356.0,0.16481931301209185,2.0
1357.0,0.17262475890073506,2.0
1358.0,0.15584476572269923,2.0
1359.0,0.14369948689115383,1.0
1360.0,0.20290056782401078,2.0
1361.0,0.1895934390893738,2.0
1362.0,0.1623852929974441,2.0
1363.0,0.15987519822614044,2.0
1364.0,0.14397016307122573,0.0
1365.0,0.6701730694862059,2.0
1366.0,0.6410727901922743,2.0
1367.0,0.5922873130603072,2.0
1368.0,0.5425843860930444,2.0
1369.0,0.4978837101093998,2.0
1370.0,0.4526912507303248,2.0
1371.0,0.4228270494030869,2.0
1372.0,0.3898942403831987,2.0
1373.0,0.34596296524856307,2.0
1374.0,0.3030013709939666,2.0
1375.0,0.2621411837011124,2.0
1376.0,0.23738247211798996,2.0
1377.0,0.23402559433890788,2.0
1378.0,0.20714355653346808,2.0
1379.0,0.213880178701486,2.0
1380.0,0.1988972916543796,2.0
1381.0,0.20009878965947475,2.0
1382.0,0.20367618419499783,2.0
1383.0,0.2041161728691926,2.0
1384.0,0.18675126282154766,2.0
1385.0,0.17732855605362968,2.0
1386.0,0.17011093076461292,2.0
1387.0,0.16759835216683489,2.0
1388.0,0.16385162733368047,2.0
1389.0,0.16015333300710954,2.0
1390.0,0.15578364508879744,2.0
1391.0,0.1551900970224836,2.0
1392.0,0.15202802411474967,2.0
1393.0,0.15187932781339109,2.0
1394.0,0.15667602117999604,2.0
1395.0,0.14834700240897286,1.0
1396.0,0.20091831064160964,2.0
1397.0,0.174584363022036,2.0
1398.0,0.15835320543169068,2.0
1399.0,0.1516468580280223,2.0
1400.0,0.15002932195351723,2.0
1401.0,0.15112781278390408,2.0
1402.0,0.15231152711448337,2.0
1403.0,0.1399363808598319,1.0
1404.0,0.17458003639863062,2.0
1405.0,0.154785253669443,2.0
1406.0,0.14159934176730202,1.0
1407.0,0.17453320002476658,2.0
1408.0,0.17496253443624693,2.0
1409.0,0.1510956646586255,2.0
1410.0,0.14652985383059894,1.0
1411.0,0.20656116989492262,2.0
1412.0,0.22131081231590005,2.0
1413.0,0.19915093046192783,2.0
1414.0,0.18951541048782955,2.0
1415.0,0.1762659158229788,2.0
1416.0,0.1502111205203136,2.0
1417.0,0.13470050537923495,1.0
1418.0,0.1446379578651551,1.0
1419.0,0.1441912262863589,1.0
1420.0,0.14928244306307828,1.0
1421.0,0.14550579386596293,1.0
1422.0,0.20192469166700627,2.0
1423.0,0.17505427132634152,2.0
1424.0,0.16748876642140606,2.0
1425.0,0.15347358904750696,2.0
1426.0,0.13964403531846564,0.0
1427.0,0.5779201743693849,2.0
1428.0,0.5291682511927089,2.0
1429.0,0.484886607114536,2.0
1430.0,0.4475644583322672,2.0
1431.0,0.3997580287763571,2.0
1432.0,0.37208896595955593,2.0
1433.0,0.3271464573612477,2.0
1434.0,0.30818666975387526,2.0
1435.0,0.3012460919527802,2.0
1436.0,0.29073442651342113,2.0
1437.0,0.2536200352687077,2.0
1438.0,0.22237763396844024,2.0
1439.0,0.2005475585288153,2.0
1440.0,0.1856365075951111,2.0
1441.0,0.18352804967812986,2.0
1442.0,0.18305605370690492,2.0
1443.0,0.16828907741883875,2.0
1444.0,0.16424085175353736,2.0
1445.0,0.16484856806853204,2.0
1446.0,0.16917769642266184,2.0
1447.0,0.17227930858399346,2.0
1448.0,0.15743626100188485,2.0
1449.0,0.14135431831015313,1.0
1450.0,0.1715087832315219,2.0
1451.0,0.15480043235825172,2.0
1452.0,0.1515100756413899,2.0
1453.0,0.15103269566823974,2.0
1454.0,0.1389070292827854,1.0
1455.0,0.19306376919486007,2.0
1456.0,0.1913154373774367,2.0
1457.0,0.17179973873374815,2.0
1458.0,0.16265098222591234,2.0
1459.0,0.14335176522149984,1.0
1460.0,0.15566780683006526,2.0
1461.0,0.14827204710474456,1.0
1462.0,0.16792655182544333,2.0
1463.0,0.16526112577376392,2.0
1464.0,0.14875275424948564,1.0
1465.0,0.13591245694307486,1.0
1466.0,0.18657448644278773,2.0
1467.0,0.17205540264274874,2.0
1468.0,0.17024538947538653,2.0
1469.0,0.15278549721473364,2.0
1470.0,0.14329931572201945,1.0
1471.0,0.14330529193009306,1.0
1472.0,0.14470864410252637,1.0
1473.0,0.1577956157202272,2.0
1474.0,0.1412414762756464,1.0
1475.0,0.2618071681714286,2.0
1476.0,0.234414195390368,2.0
1477.0,0.20859476924779918,2.0
1478.0,0.18785863729948432,2.0
1479.0,0.1703457670013646,2.0
1480.0,0.16111091781867592,2.0
1481.0,0.14317132560807994,1.0
1482.0,0.17937261435446655,2.0
1483.0,0.16489547456884315,2.0
1484.0,0.1447533020151942,0.0
1485.0,0.5839872699334454,2.0
1486.0,0.54447623536212,2.0
1487.0,0.5146809763012365,2.0
1488.0,0.47346350288965633,2.0
1489.0,0.442251994329438,2.0
1490.0,0.39984381568183264,2.0
1491.0,0.36454825251738465,2.0
1492.0,0.3555551968699051,2.0
1493.0,0.3404839488763581,2.0
1494.0,0.3077242936375607,2.0
1495.0,0.2949466533503104,2.0
1496.0,0.2974873355640079,2.0
1497.0,0.2904753519903999,2.0
1498.0,0.2481162437843441,2.0
1499.0,0.2488181739669102,2.0
1500.0,0.24793871601448392,2.0
1501.0,0.21339415746267415,2.0
1502.0,0.21613612669318255,2.0
1503.0,0.1909279054395448,2.0
1504.0,0.16641346119308786,2.0
1505.0,0.16742812426195375,2.0
1506.0,0.1712873433116084,2.0
1507.0,0.17743569999525066,2.0
1508.0,0.17945687313165665,2.0
1509.0,0.1870932855170654,2.0
1510.0,0.18709729199074612,2.0
1511.0,0.15819462104370463,2.0
1512.0,0.1638205031242289,2.0
1513.0,0.14554714793311874,1.0
1514.0,0.18589925821666858,2.0
1515.0,0.15900350540251387,2.0
1516.0,0.1633637161099733,2.0
1517.0,0.14088224432931323,1.0
1518.0,0.1316511683762255,1.0
1519.0,0.13464083529974383,0.0
1520.0,0.62992784086224,2.0
1521.0,0.6215912798439741,2.0
1522.0,0.6083728843044317,2.0
1523.0,0.5828360491197081,2.0
1524.0,0.5495896783428313,2.0
1525.0,0.5194450180760941,2.0
1526.0,0.48745195964849186,2.0
1527.0,0.4545534687733621,2.0
1528.0,0.4178789664826309,2.0
1529.0,0.3976572140540978,2.0
1530.0,0.3608322506422489,2.0
1531.0,0.3327129729693571,2.0
1532.0,0.31833617365253364,2.0
1533.0,0.3102514693901699,2.0
1534.0,0.306022986049532,2.0
1535.0,0.30221137613783744,2.0
1536.0,0.29838174992671346,2.0
1537.0,0.2574614823934991,2.0
1538.0,0.22705696812887916,2.0
1539.0,0.20230790009541902,2.0
1540.0,0.18790828081355984,2.0
1541.0,0.1737606551872959,2.0
1542.0,0.170718449955782,2.0
1543.0,0.16558820274083458,2.0
1544.0,0.16405503501965224,2.0
1545.0,0.1546855393727718,2.0
1546.0,0.14939502617714695,1.0
1547.0,0.2865692825152083,2.0
1548.0,0.2529166418476432,2.0
1549.0,0.228880263769914,2.0
1550.0,0.20861156795815508,2.0
1551.0,0.19203367243247785,2.0
1552.0,0.18397403919958127,2.0
1553.0,0.182647918521255,2.0
1554.0,0.16144049294736212,2.0
1555.0,0.16053112665379354,2.0
1556.0,0.1496049593720912,0.0
1557.0,0.6629817335705698,2.0
1558.0,0.6380730626359689,2.0
1559.0,0.6120561349098199,2.0
1560.0,0.5903721404856821,2.0
1561.0,0.5466486062062389,2.0
1562.0,0.500751728324952,2.0
1563.0,0.46071204290511436,2.0
1564.0,0.42771789124206105,2.0
1565.0,0.38386761340722575,2.0
1566.0,0.35542569392249146,2.0
1567.0,0.32896503546259515,2.0
1568.0,0.29093643001188313,2.0
1569.0,0.27469014924132196,2.0
1570.0,0.2659004758920326,2.0
1571.0,0.2386215826251358,2.0
1572.0,0.2325720716864936,2.0
1573.0,0.21023469057951233,2.0
1574.0,0.20618606911757145,2.0
1575.0,0.19561098682842987,2.0
1576.0,0.19335934528784235,2.0
1577.0,0.18796249674671617,2.0
1578.0,0.188040154586454,2.0
1579.0,0.19538656138355112,2.0
1580.0,0.19153154210934709,2.0
1581.0,0.1733388425041593,2.0
1582.0,0.17468178291077197,2.0
1583.0,0.16127645325455864,2.0
1584.0,0.15465940421548602,2.0
1585.0,0.15438632613404962,2.0
1586.0,0.15317915327046697,2.0
1587.0,0.1496556149264382,0.0
1588.0,0.5181574447688202,2.0
1589.0,0.47975994487984197,2.0
1590.0,0.4521934006476347,2.0
1591.0,0.42219537779594596,2.0
1592.0,0.4059951858856198,2.0
1593.0,0.37255636777238044,2.0
1594.0,0.36036695593857815,2.0
1595.0,0.3485611929243577,2.0
1596.0,0.3126505304584407,2.0
1597.0,0.30505433470686133,2.0
1598.0,0.31136787454429493,2.0
1599.0,0.30610503090999497,2.0
1600.0,0.26897892157635717,2.0
1601.0,0.2693650716750732,2.0
1602.0,0.2679810792163917,2.0
1603.0,0.2697912506182506,2.0
1604.0,0.23683025416211595,2.0
1605.0,0.23981332286086784,2.0
1606.0,0.2427096248325268,2.0
1607.0,0.22676605720249315,2.0
1608.0,0.21661446481416016,2.0
1609.0,0.20471279963460995,2.0
1610.0,0.20342384910952557,2.0
1611.0,0.19412744587269387,2.0
1612.0,0.19246458049806203,2.0
1613.0,0.17794063661260928,2.0
1614.0,0.1733422576078701,2.0
1615.0,0.17108207733004965,2.0
1616.0,0.1704888351654355,2.0
1617.0,0.17523070816258837,2.0
1618.0,0.15985545770049517,2.0
1619.0,0.16088858920164317,2.0
1620.0,0.16645639353720756,2.0
1621.0,0.17446605777427415,2.0
1622.0,0.15425838993983826,2.0
1623.0,0.1418020933123504,1.0
1624.0,0.18724544749051536,2.0
1625.0,0.1764902818443516,2.0
1626.0,0.17062266718795643,2.0
1627.0,0.1505012811006372,2.0
1628.0,0.13791049061114632,1.0
1629.0,0.3051294003810612,2.0
1630.0,0.2633388585515306,2.0
1631.0,0.22791864693036717,2.0
1632.0,0.21135350261506466,2.0
1633.0,0.19959124731769284,2.0
1634.0,0.17850463491631763,2.0
1635.0,0.16981550012225657,2.0
1636.0,0.15539026836745198,2.0
1637.0,0.15190435569808403,2.0
1638.0,0.15023135928839487,2.0
1639.0,0.15024510396743307,2.0
1640.0,0.15105839781419186,2.0
1641.0,0.14938099267627225,1.0
1642.0,0.14963998341171375,1.0
1643.0,0.1585772802720658,2.0
1644.0,0.15224680531533744,2.0
1645.0,0.148053324718292,1.0
1646.0,0.15670600484477198,2.0
1647.0,0.14377292079441978,0.0
1648.0,0.5229241824197137,2.0
1649.0,0.472802140990482,2.0
1650.0,0.4309383448225229,2.0
1651.0,0.4034038420822516,2.0
1652.0,0.37404828064984913,2.0
1653.0,0.3522530874806525,2.0
1654.0,0.33516477690657315,2.0
1655.0,0.3223076118816277,2.0
1656.0,0.28242521951574134,2.0
1657.0,0.2783897328874875,2.0
1658.0,0.274140948330705,2.0
1659.0,0.27365490386066954,2.0
1660.0,0.23658840544737175,2.0
1661.0,0.2097296374629658,2.0
1662.0,0.1880196477377103,2.0
1663.0,0.18733507903596877,2.0
1664.0,0.17511930076528487,2.0
1665.0,0.16275628698535816,2.0
1666.0,0.15789547365152704,2.0
1667.0,0.1588855078604155,2.0
1668.0,0.15124097691024863,2.0
1669.0,0.14832893462086383,1.0
1670.0,0.20144337672353438,2.0
1671.0,0.17334715051555424,2.0
1672.0,0.16817272914844789,2.0
1673.0,0.14857381909442186,1.0
1674.0,0.2074447023851577,2.0
1675.0,0.195384977008962,2.0
1676.0,0.1687407060270557,2.0
1677.0,0.15068924762393604,2.0
1678.0,0.1452972584550844,1.0
1679.0,0.15026570201005332,2.0
1680.0,0.1490230194366567,1.0
1681.0,0.158762353226305,2.0
1682.0,0.16304753157310375,2.0
1683.0,0.14168887001349634,1.0
1684.0,0.1900694162459779,2.0
1685.0,0.15699371798870776,2.0
1686.0,0.13996331050313754,1.0
1687.0,0.15177051112716966,2.0
1688.0,0.14354431246306482,1.0
1689.0,0.13805523455392418,1.0
1690.0,0.1431174556801456,1.0
1691.0,0.11145470612407518,1.0
1692.0,0.12771867404387766,0.0
1693.0,0.46357204842597033,2.0
1694.0,0.4107177128182249,2.0
1695.0,0.3528076795897427,2.0
1696.0,0.3024484192853699,2.0
1697.0,0.2605600228356544,2.0
1698.0,0.23049642350148294,2.0
1699.0,0.21152834504654777,2.0
1700.0,0.1969578575855314,2.0
1701.0,0.18273815474598012,2.0
1702.0,0.17141804886656004,2.0
1703.0,0.16071775296112825,2.0
1704.0,0.1589848377064712,2.0
1705.0,0.14899502334201226,1.0
1706.0,0.16438613617249548,2.0
1707.0,0.16687057966802982,2.0
1708.0,0.15930090532294056,2.0
1709.0,0.15661520147582772,2.0
1710.0,0.15674660573246998,2.0
1711.0,0.15693167708466604,2.0
1712.0,0.1484376330828252,1.0
1713.0,0.14113674809864463,0.0
1714.0,0.6519764545082365,2.0
1715.0,0.6242487401416422,2.0
1716.0,0.5720554843224994,2.0
1717.0,0.5329323370605936,2.0
1718.0,0.48945275819098877,2.0
1719.0,0.44363744325953636,2.0
1720.0,0.4212423508485732,2.0
1721.0,0.3962924595984709,2.0
1722.0,0.35547459670904785,2.0
1723.0,0.32786631035665637,2.0
1724.0,0.2848020544184241,2.0
1725.0,0.27077905370975464,2.0
1726.0,0.259543009323667,2.0
1727.0,0.25119738683760484,2.0
1728.0,0.22768516554904467,2.0
1729.0,0.20346140582929362,2.0
1730.0,0.19372402737237554,2.0
1731.0,0.18050538881873185,2.0
1732.0,0.17325655300877962,2.0
1733.0,0.17170476736639592,2.0
1734.0,0.16943913455286008,2.0
1735.0,0.15570959621132946,2.0
1736.0,0.15171949259172046,2.0
1737.0,0.14667679375999515,1.0
1738.0,0.1817436887450914,2.0
1739.0,0.18618348691339662,2.0
1740.0,0.1741236478245819,2.0
1741.0,0.16926049381333083,2.0
1742.0,0.1554451033183235,2.0
1743.0,0.14328752124243574,1.0
1744.0,0.18195523152176862,2.0
1745.0,0.16824547747619495,2.0
1746.0,0.15317034354053935,2.0
1747.0,0.1495357703320773,0.0
1748.0,0.5195347376471832,2.0
1749.0,0.4730233542933945,2.0
1750.0,0.42696947412288033,2.0
1751.0,0.38835561010866954,2.0
1752.0,0.3664879262468871,2.0
1753.0,0.33233950266962387,2.0
1754.0,0.28821013437936877,2.0
1755.0,0.2551471158100397,2.0
1756.0,0.2491385152638474,2.0
1757.0,0.24827790420915363,2.0
1758.0,0.2168916875391408,2.0
1759.0,0.19826697389386672,2.0
1760.0,0.1889140505168649,2.0
1761.0,0.1853432455963535,2.0
1762.0,0.1708886070698443,2.0
1763.0,0.171981705023514,2.0
1764.0,0.16933270773771353,2.0
1765.0,0.16884847427317726,2.0
1766.0,0.15093792074992082,2.0
1767.0,0.14904319752055759,1.0
1768.0,0.196893728332439,2.0
1769.0,0.17424457700574958,2.0
1770.0,0.1621038649802346,2.0
1771.0,0.15226478960594422,2.0
1772.0,0.1435651513840144,1.0
1773.0,0.15554888301279687,2.0
1774.0,0.14984260461849463,1.0
1775.0,0.16758295585159194,2.0
1776.0,0.1586031075998792,2.0
1777.0,0.1513821303974992,2.0
1778.0,0.14514842318624008,1.0
1779.0,0.1539189003846247,2.0
1780.0,0.15650798613583855,2.0
1781.0,0.14564355716036653,1.0
1782.0,0.1825224108221687,2.0
1783.0,0.15766401787616352,2.0
1784.0,0.14821547734560753,1.0
1785.0,0.1435998620900792,1.0
1786.0,0.13894049589953827,1.0
1787.0,0.20154933661440655,2.0
1788.0,0.18410445332666225,2.0
1789.0,0.1917164192153962,2.0
1790.0,0.18442210520133867,2.0
1791.0,0.1510616104708718,2.0
1792.0,0.13035371288572825,0.0
1793.0,0.45348597861862017,2.0
1794.0,0.40081653262473005,2.0
1795.0,0.34429943820118797,2.0
1796.0,0.3055917433398524,2.0
1797.0,0.2651313506494297,2.0
1798.0,0.2740378302083369,2.0
1799.0,0.24131794120182248,2.0
1800.0,0.20484639781837471,2.0
1801.0,0.21125976892853182,2.0
1802.0,0.1821078886482536,2.0
1803.0,0.16918459233976915,2.0
1804.0,0.14871775690019243,1.0
1805.0,0.1589789980338134,2.0
1806.0,0.14706148827140653,1.0
1807.0,0.1940549868598429,2.0
1808.0,0.17977652961777998,2.0
1809.0,0.16745299268633085,2.0
1810.0,0.15425395275450435,2.0
1811.0,0.14620202237652505,1.0
1812.0,0.12927049164171914,1.0
1813.0,0.14485903963771002,1.0
1814.0,0.16768954973298653,2.0
1815.0,0.15078423286478562,2.0
1816.0,0.1439015918637038,1.0
1817.0,0.19119795206715975,2.0
1818.0,0.17303038588458294,2.0
1819.0,0.1738413737677601,2.0
1820.0,0.14788175838079326,1.0
1821.0,0.1529909658567552,2.0
1822.0,0.1331673033374356,1.0
1823.0,0.1284521008082788,1.0
1824.0,0.14588997204134202,1.0
1825.0,0.1656024608641714,2.0
1826.0,0.15508366027385398,2.0
1827.0,0.1369434557942168,1.0
1828.0,0.14909671257088553,1.0
1829.0,0.153435540501626,2.0
1830.0,0.14763280728177847,1.0
1831.0,0.15332466993354046,2.0
1832.0,0.14198951040432714,1.0
1833.0,0.2686023055322805,2.0
1834.0,0.23134273973566205,2.0
1835.0,0.20445166765516037,2.0
1836.0,0.18361435593363928,2.0
1837.0,0.16582570506848585,2.0
1838.0,0.15557652405337324,2.0
1839.0,0.149292829618968,1.0
1840.0,0.13519897356807103,1.0
1841.0,0.18038714791458071,2.0
1842.0,0.1606414450814325,2.0
1843.0,0.1534575507824617,2.0
1844.0,0.14527323952736565,1.0
1845.0,0.18709321598876588,2.0
1846.0,0.17412007162509602,2.0
1847.0,0.16150999235423913,2.0
1848.0,0.15667676868427982,2.0
1849.0,0.1609890389834488,2.0
1850.0,0.1433874654402036,1.0
1851.0,0.1364139188775945,1.0
1852.0,0.1492046817833399,1.0
1853.0,0.15647499981329221,2.0
1854.0,0.1463990898891817,1.0
1855.0,0.16057788482911323,2.0
1856.0,0.14602011946654425,1.0
1857.0,0.13910503056120632,1.0
1858.0,0.13355492730732083,1.0
1859.0,0.143317008243441,1.0
1860.0,0.18295056637373552,2.0
1861.0,0.16128541935580637,2.0
1862.0,0.14362133027433963,1.0
1863.0,0.22479249898868875,2.0
1864.0,0.19719159477693093,2.0
1865.0,0.1726382406049457,2.0
1866.0,0.15671174951155348,2.0
1867.0,0.14947168100489144,1.0
1868.0,0.18138740472207937,2.0
1869.0,0.1623668212345832,2.0
1870.0,0.15032902252041438,2.0
1871.0,0.14272821587374016,1.0
1872.0,0.11082092491579203,1.0
1873.0,0.13511630167023625,1.0
1874.0,0.11042562009287732,1.0
1875.0,0.11032583216995326,1.0
1876.0,0.21864760757518636,2.0
1877.0,0.18768908459926772,2.0
1878.0,0.16640892730916546,2.0
1879.0,0.13749337929916255,1.0
1880.0,0.11072051010408664,1.0
1881.0,0.10314902138242829,1.0
1882.0,0.1079260324633789,1.0
1883.0,0.15211886886323242,2.0
1884.0,0.13357611994400415,1.0
1885.0,0.11860557616287719,1.0
1886.0,0.22645989526443766,2.0
1887.0,0.19313047721633375,2.0
1888.0,0.17248510639519354,2.0
1889.0,0.1562669964979994,2.0
1890.0,0.1411740068453003,1.0
1891.0,0.17187779029076744,2.0
1892.0,0.15591396655444972,2.0
1893.0,0.13196577041600818,1.0
1894.0,0.11811964709422071,1.0
1895.0,0.1363775712434102,1.0
1896.0,0.1218860979878767,1.0
1897.0,0.10726164107137348,1.0
1898.0,0.1700346241366372,2.0
1899.0,0.1486275363518419,1.0
1900.0,0.1184794308194913,0.0
1901.0,0.6058724578916671,2.0
1902.0,0.5604672371455045,2.0
1903.0,0.5201657686339631,2.0
1904.0,0.4717262814496997,2.0
1905.0,0.43359235927476425,2.0
1906.0,0.3818489713104011,2.0
1907.0,0.34495082382882786,2.0
1908.0,0.3142929962223888,2.0
1909.0,0.2753014304300038,2.0
1910.0,0.23924373947735122,2.0
1911.0,0.21078007673378288,2.0
1912.0,0.1951209076089972,2.0
1913.0,0.18719918562770319,2.0
1914.0,0.17693370247902523,2.0
1915.0,0.173453477576159,2.0
1916.0,0.17226568476462076,2.0
1917.0,0.1714752194151966,2.0
1918.0,0.17474271737360697,2.0
1919.0,0.1808578752605235,2.0
1920.0,0.17791103734199307,2.0
1921.0,0.1801406861001639,2.0
1922.0,0.15784192470458414,2.0
1923.0,0.1584338937655392,2.0
1924.0,0.16066916617422955,2.0
1925.0,0.1415664736710749,1.0
1926.0,0.1637447617394296,2.0
1927.0,0.14346979257046097,1.0
1928.0,0.12668906998271592,0.0
1929.0,0.49220762866122086,2.0
1930.0,0.45899956710082473,2.0
1931.0,0.42702384262382764,2.0
1932.0,0.37954977128993755,2.0
1933.0,0.32894736583256323,2.0
1934.0,0.29731746590278635,2.0
1935.0,0.2852449466547783,2.0
1936.0,0.2738363098782888,2.0
1937.0,0.26776337764085956,2.0
1938.0,0.26892532620383647,2.0
1939.0,0.2627717815958343,2.0
1940.0,0.2561106764765908,2.0
1941.0,0.2297664593910946,2.0
1942.0,0.21626843501563453,2.0
1943.0,0.18817091221761112,2.0
1944.0,0.1887832889359895,2.0
1945.0,0.17268838123183972,2.0
1946.0,0.15688648408354952,2.0
1947.0,0.15578162820329558,2.0
1948.0,0.1561203988192203,2.0
1949.0,0.1397298879559086,1.0
1950.0,0.16620901555035061,2.0
1951.0,0.14940563153321418,0.0
1952.0,0.6715351970246921,2.0
1953.0,0.65588807933682,2.0
1954.0,0.6316068650473604,2.0
1955.0,0.5979549641097588,2.0
1956.0,0.5535418229873221,2.0
1957.0,0.510653731251031,2.0
1958.0,0.4678329294568415,2.0
1959.0,0.4307964543838078,2.0
1960.0,0.3922033073821879,2.0
1961.0,0.3478885978803764,2.0
1962.0,0.3078976320915792,2.0
1963.0,0.28683173909029636,2.0
1964.0,0.2614574175991671,2.0
1965.0,0.24184942856138175,2.0
1966.0,0.21777045460380928,2.0
1967.0,0.21032045020947387,2.0
1968.0,0.20032109588833955,2.0
1969.0,0.19182964286739707,2.0
1970.0,0.1779318266679999,2.0
1971.0,0.17147804287304974,2.0
1972.0,0.16313953281304971,2.0
1973.0,0.16119616828989503,2.0
1974.0,0.15120676605244365,2.0
1975.0,0.1531771764162839,2.0
1976.0,0.1562545076864664,2.0
1977.0,0.1486233620075776,0.0
1978.0,0.6015735920505056,2.0
1979.0,0.565821891630078,2.0
1980.0,0.5305385717115279,2.0
1981.0,0.5015925442442123,2.0
1982.0,0.4771309780347812,2.0
1983.0,0.47337184066413873,2.0
1984.0,0.4617980085942428,2.0
1985.0,0.4216966794233875,2.0
1986.0,0.40674635820064453,2.0
1987.0,0.36244963381218265,2.0
1988.0,0.3523076085265575,2.0
1989.0,0.34467941841159955,2.0
1990.0,0.3453491559744256,2.0
1991.0,0.3059300189066527,2.0
1992.0,0.2650457718432617,2.0
1993.0,0.23265307884259775,2.0
1994.0,0.20544521576364017,2.0
1995.0,0.18834393486864082,2.0
1996.0,0.18467797858478327,2.0
1997.0,0.17906102879765542,2.0
1998.0,0.17897583299376787,2.0
1999.0,0.16626095579567668,2.0
2000.0,0.1602125951643482,2.0
2001.0,0.15933200404438075,2.0
2002.0,0.16074297936828058,2.0
2003.0,0.16213025315397106,2.0
2004.0,0.16491661269863916,2.0
2005.0,0.1566919184487562,2.0
2006.0,0.15104998491921676,2.0
2007.0,0.15244165822732142,2.0
2008.0,0.14821459821370203,1.0
2009.0,0.18215429601165292,2.0
2010.0,0.16082607407068827,2.0
2011.0,0.15286004385179686,2.0
2012.0,0.14791563338709263,1.0
2013.0,0.18903300583487911,2.0
2014.0,0.17422133855186953,2.0
2015.0,0.1519557753911988,2.0
2016.0,0.13992502423087932,1.0
2017.0,0.1620510724865002,2.0
2018.0,0.14386352315932377,1.0
2019.0,0.1778085720124674,2.0
2020.0,0.1619125308906534,2.0
2021.0,0.14671210919342342,1.0
2022.0,0.2858922834021608,2.0
2023.0,0.24028564411243386,2.0
2024.0,0.20687741885535205,2.0
2025.0,0.19635743899297553,2.0
2026.0,0.17226834203049413,2.0
2027.0,0.15714818571527153,2.0
2028.0,0.15066263702974464,2.0
2029.0,0.1374576902647802,1.0
2030.0,0.19359582476977572,2.0
2031.0,0.16551623019874068,2.0
2032.0,0.159396866588009,2.0
2033.0,0.14913502448987956,0.0
2034.0,0.6725752616422966,2.0
2035.0,0.6415859045736942,2.0
2036.0,0.5938032955786451,2.0
2037.0,0.5446119040056855,2.0
2038.0,0.5109522979833333,2.0
2039.0,0.4796733988770807,2.0
2040.0,0.43478464873213446,2.0
2041.0,0.4005312498108932,2.0
2042.0,0.36477449796730316,2.0
2043.0,0.3459463971047594,2.0
2044.0,0.31150465794359117,2.0
2045.0,0.2963130930001737,2.0
2046.0,0.25567537482118896,2.0
2047.0,0.24950368886618152,2.0
2048.0,0.22025704223301346,2.0
2049.0,0.21777073076671077,2.0
2050.0,0.19494286903397556,2.0
2051.0,0.18265305498174625,2.0
2052.0,0.18252516388434206,2.0
2053.0,0.17393434551532594,2.0
2054.0,0.17054239847662206,2.0
2055.0,0.1636744482769114,2.0
2056.0,0.164918421340792,2.0
2057.0,0.15842755688723453,2.0
2058.0,0.15548599119426218,2.0
2059.0,0.15655784857096527,2.0
2060.0,0.15041344287140684,2.0
2061.0,0.14956821836980794,1.0
2062.0,0.18252748205133612,2.0
2063.0,0.18084501998032032,2.0
2064.0,0.1619117984776936,2.0
2065.0,0.1495259262112256,1.0
2066.0,0.17672220267833133,2.0
2067.0,0.17203474208411756,2.0
2068.0,0.15096405452406914,2.0
2069.0,0.14899735933305858,0.0
2070.0,0.6425235134968745,2.0
2071.0,0.6236297493464289,2.0
2072.0,0.6007503732410016,2.0
2073.0,0.5640030343962252,2.0
2074.0,0.533599213106826,2.0
2075.0,0.4867984513055504,2.0
2076.0,0.4512236247105932,2.0
2077.0,0.40836401076524015,2.0
2078.0,0.36317471043505206,2.0
2079.0,0.35021597244347497,2.0
2080.0,0.3092290347994443,2.0
2081.0,0.29825291094378925,2.0
2082.0,0.26869626573636546,2.0
2083.0,0.24900798162563284,2.0
2084.0,0.2361138282595206,2.0
2085.0,0.2182294010588849,2.0
2086.0,0.2125366454126875,2.0
2087.0,0.20305932657960157,2.0
2088.0,0.19699025983407237,2.0
2089.0,0.18514570650141232,2.0
2090.0,0.18452552200421735,2.0
2091.0,0.18455471645341456,2.0
2092.0,0.17891124695391117,2.0
2093.0,0.165084947179007,2.0
2094.0,0.15803354473355427,2.0
2095.0,0.15800769871849524,2.0
2096.0,0.15607934853282443,2.0
2097.0,0.14671609759298862,1.0
2098.0,0.1836925071980074,2.0
2099.0,0.16193862492562483,2.0
2100.0,0.14733671349455205,1.0
2101.0,0.16942307597007786,2.0
2102.0,0.15300386252463172,2.0
2103.0,0.1391028332737603,1.0
2104.0,0.27467286106219574,2.0
2105.0,0.2437836955032608,2.0
2106.0,0.22279970880706376,2.0
2107.0,0.2113324057707481,2.0
2108.0,0.2002658080070474,2.0
2109.0,0.19068911945678313,2.0
2110.0,0.1626353187982484,2.0
2111.0,0.14446734015995782,1.0
2112.0,0.20353385076433073,2.0
2113.0,0.18595723429731387,2.0
2114.0,0.17640327236160552,2.0
2115.0,0.16014541448131075,2.0
2116.0,0.1585885170249774,2.0
2117.0,0.1549117872785356,2.0
2118.0,0.1516718712169266,2.0
2119.0,0.1497364419923553,0.0
2120.0,0.6376767115806925,2.0
2121.0,0.5968232690846551,2.0
2122.0,0.5549539933086417,2.0
2123.0,0.5400091853318123,2.0
2124.0,0.5026469735866601,2.0
2125.0,0.48847464528468015,2.0
2126.0,0.45954198806511287,2.0
2127.0,0.42703450487420375,2.0
2128.0,0.410644601480891,2.0
2129.0,0.38904090853832146,2.0
2130.0,0.3520595573032035,2.0
2131.0,0.32899826428040935,2.0
2132.0,0.31911719617938883,2.0
2133.0,0.2825614918981305,2.0
2134.0,0.2505741482307508,2.0
2135.0,0.24703566244934386,2.0
2136.0,0.24729108678616218,2.0
2137.0,0.24980453300726596,2.0
2138.0,0.21835449245235092,2.0
2139.0,0.19612741115037874,2.0
2140.0,0.18499568998326676,2.0
2141.0,0.1770429388151103,2.0
2142.0,0.1771740634786432,2.0
2143.0,0.17517956646732882,2.0
2144.0,0.16406682216063279,2.0
2145.0,0.15844335085039346,2.0
2146.0,0.1633527263339865,2.0
2147.0,0.15804119901866504,2.0
2148.0,0.1590779910323821,2.0
2149.0,0.16269902842939793,2.0
2150.0,0.1731260804203948,2.0
2151.0,0.17098231191346247,2.0
2152.0,0.15485918135613908,2.0
2153.0,0.1561637023391742,2.0
2154.0,0.1425689166343782,1.0
2155.0,0.24250054466356968,2.0
2156.0,0.22199923261683716,2.0
2157.0,0.22254980480115466,2.0
2158.0,0.20887420444665658,2.0
2159.0,0.20100254016811042,2.0
2160.0,0.19686453276453997,2.0
2161.0,0.17044094823007777,2.0
2162.0,0.1688028576587021,2.0
2163.0,0.17428083064660188,2.0
2164.0,0.1502434484876184,2.0
2165.0,0.15653913286141607,2.0
2166.0,0.1541886010112491,2.0
2167.0,0.15531333001661662,2.0
2168.0,0.1363125699681803,1.0
2169.0,0.15542786387882435,2.0
2170.0,0.1390109797470107,1.0
2171.0,0.16114354708022788,2.0
2172.0,0.14916044964134914,1.0
2173.0,0.25923357782016665,2.0
2174.0,0.2224931883189335,2.0
2175.0,0.19450066439270403,2.0
2176.0,0.19203216451288013,2.0
2177.0,0.17176365056414242,2.0
2178.0,0.1595682452595524,2.0
2179.0,0.14947120988741397,0.0
2180.0,0.7017267562764817,2.0
2181.0,0.6788230540878971,2.0
2182.0,0.6668199940991232,2.0
2183.0,0.6456192139304846,2.0
2184.0,0.6165967358030473,2.0
2185.0,0.5832143614916254,2.0
2186.0,0.530763512873815,2.0
2187.0,0.48313420036795374,2.0
2188.0,0.4396651589028211,2.0
2189.0,0.40434138167883354,2.0
2190.0,0.37342683211587024,2.0
2191.0,0.350947883543997,2.0
2192.0,0.3319069439256991,2.0
2193.0,0.2947456147458615,2.0
2194.0,0.25888324263678597,2.0
2195.0,0.25592788847284664,2.0
2196.0,0.25487894834932406,2.0
2197.0,0.2520189047732413,2.0
2198.0,0.24933220959255936,2.0
2199.0,0.21412119814226904,2.0
2200.0,0.21541711499855148,2.0
2201.0,0.19218621943747113,2.0
2202.0,0.1927957152434874,2.0
2203.0,0.19814565268351414,2.0
2204.0,0.20150429266777384,2.0
2205.0,0.20323537921185014,2.0
2206.0,0.1798635664950573,2.0
2207.0,0.18139835194458487,2.0
2208.0,0.1846096296309988,2.0
2209.0,0.18760729571132823,2.0
2210.0,0.18774321616969206,2.0
2211.0,0.16127962478586072,2.0
2212.0,0.14670237748258796,0.0
2213.0,0.5927351108030829,2.0
2214.0,0.5608884510395862,2.0
2215.0,0.5173181208166087,2.0
2216.0,0.4717982891567376,2.0
2217.0,0.42505665557283445,2.0
2218.0,0.3787449513832399,2.0
2219.0,0.33468297538384845,2.0
2220.0,0.29586184331483806,2.0
2221.0,0.2702325339379613,2.0
2222.0,0.25946363879088824,2.0
2223.0,0.2386560955589158,2.0
2224.0,0.22375566471777486,2.0
2225.0,0.22609730715212695,2.0
2226.0,0.23222155375957507,2.0
2227.0,0.22814385136536475,2.0
2228.0,0.21265504289531167,2.0
2229.0,0.21197496168784116,2.0
2230.0,0.19489764988140196,2.0
2231.0,0.18045494222250263,2.0
2232.0,0.17564204917070247,2.0
2233.0,0.17202427652095925,2.0
2234.0,0.17170516253301726,2.0
2235.0,0.17077002725515072,2.0
2236.0,0.17566027272512458,2.0
2237.0,0.1802563312536269,2.0
2238.0,0.1700086045631196,2.0
2239.0,0.15431583199299975,2.0
2240.0,0.1475102759529231,1.0
2241.0,0.18917132969310904,2.0
2242.0,0.16769514086059994,2.0
2243.0,0.17150511064625298,2.0
2244.0,0.1666782950806482,2.0
2245.0,0.16723897044338404,2.0
2246.0,0.16904368844233403,2.0
2247.0,0.15163867155103347,2.0
2248.0,0.15672192183209452,2.0
2249.0,0.14080254549583932,1.0
2250.0,0.17754526491374714,2.0
2251.0,0.15618563253308662,2.0
2252.0,0.1549291993881209,2.0
2253.0,0.14118920662334142,1.0
2254.0,0.22065029971352862,2.0
2255.0,0.20282485001608008,2.0
2256.0,0.18667063326852967,2.0
2257.0,0.18618693986625784,2.0
2258.0,0.18132809504538452,2.0
2259.0,0.17606495552158666,2.0
2260.0,0.15193503509059023,2.0
2261.0,0.15228905667143453,2.0
2262.0,0.15589736071423874,2.0
2263.0,0.15790517349362365,2.0
2264.0,0.1444606420379511,0.0
2265.0,0.7051049283401114,2.0
2266.0,0.7048734395988572,2.0
2267.0,0.6927013148896979,2.0
2268.0,0.6419384776703099,2.0
2269.0,0.6244901881755492,2.0
2270.0,0.5724527303513497,2.0
2271.0,0.5392286629593586,2.0
2272.0,0.5023010839224422,2.0
2273.0,0.4580821218364118,2.0
2274.0,0.40032843655454387,2.0
2275.0,0.349084502771118,2.0
2276.0,0.33242328385083075,2.0
2277.0,0.3168523881102955,2.0
2278.0,0.2684930413229688,2.0
2279.0,0.22541460004235336,2.0
2280.0,0.22006381458216104,2.0
2281.0,0.19162176419687796,2.0
2282.0,0.1740221537012374,2.0
2283.0,0.17975925428878256,2.0
2284.0,0.17911782327985948,2.0
2285.0,0.18097633721021844,2.0
2286.0,0.1597423435194655,2.0
2287.0,0.1651632739743552,2.0
2288.0,0.14889488050700667,1.0
2289.0,0.2604821188269509,2.0
2290.0,0.2195786520984653,2.0
2291.0,0.20539135278581366,2.0
2292.0,0.20078278315352058,2.0
2293.0,0.17177093582024316,2.0
2294.0,0.15768309237603045,2.0
2295.0,0.14558316139793356,1.0
2296.0,0.18611067113384533,2.0
2297.0,0.16135229698465037,2.0
2298.0,0.15142885762644795,2.0
2299.0,0.13903567491804977,1.0
2300.0,0.16629833278489867,2.0
2301.0,0.14322431840308622,0.0
2302.0,0.6191971277243076,2.0
2303.0,0.5729697980864641,2.0
2304.0,0.5385654426154882,2.0
2305.0,0.5047337934624763,2.0
2306.0,0.4689646207818513,2.0
2307.0,0.42877245407242337,2.0
2308.0,0.4043641202470364,2.0
2309.0,0.3870921990693893,2.0
2310.0,0.33945938385497687,2.0
2311.0,0.29877229095021884,2.0
2312.0,0.290804033382394,2.0
2313.0,0.2889007140176152,2.0
2314.0,0.24747077020562255,2.0
2315.0,0.2508624984742365,2.0
2316.0,0.23512866585501238,2.0
2317.0,0.23562661751533504,2.0
2318.0,0.23826313986130676,2.0
2319.0,0.22835133957027137,2.0
2320.0,0.19770202120080926,2.0
2321.0,0.19574016709908826,2.0
2322.0,0.17858763746553935,2.0
2323.0,0.1726176606380987,2.0
2324.0,0.1714943974194616,2.0
2325.0,0.1681831031305654,2.0
2326.0,0.171394427271788,2.0
2327.0,0.15961248203940845,2.0
2328.0,0.15498173166160634,2.0
2329.0,0.15572416326374164,2.0
2330.0,0.14248120255939373,1.0
2331.0,0.17940953878084695,2.0
2332.0,0.15638393903379982,2.0
2333.0,0.13933621009474173,1.0
2334.0,0.18681041504917573,2.0
2335.0,0.17832961746262474,2.0
2336.0,0.15735171709721138,2.0
2337.0,0.1396082672465245,1.0
2338.0,0.30438109821315307,2.0
2339.0,0.2604564847698193,2.0
2340.0,0.22675558535603477,2.0
2341.0,0.20145653471817496,2.0
2342.0,0.17964931502515646,2.0
2343.0,0.16872287340592818,2.0
2344.0,0.16042445928734306,2.0
2345.0,0.15666064313271869,2.0
2346.0,0.15523656432115418,2.0
2347.0,0.13939857765576813,1.0
2348.0,0.14716894203105868,1.0
2349.0,0.1586246118271797,2.0
2350.0,0.13556675309372854,0.0
2351.0,0.6300316229178681,2.0
2352.0,0.6142147665691229,2.0
2353.0,0.5670678869691796,2.0
2354.0,0.5590960215427307,2.0
2355.0,0.516911274014044,2.0
2356.0,0.5004170687993764,2.0
2357.0,0.4679178012089454,2.0
2358.0,0.445746985204894,2.0
2359.0,0.4140577284134396,2.0
2360.0,0.39952544638131604,2.0
2361.0,0.3794922659103753,2.0
2362.0,0.35935353804054726,2.0
2363.0,0.31755456987311304,2.0
2364.0,0.2823337966098146,2.0
2365.0,0.24543011669800868,2.0
2366.0,0.23225277835799973,2.0
2367.0,0.2148453410696307,2.0
2368.0,0.2025275844051032,2.0
2369.0,0.20953238831881496,2.0
2370.0,0.1958797421254377,2.0
2371.0,0.1879183444133995,2.0
2372.0,0.17695307502529853,2.0
2373.0,0.17084348755639814,2.0
2374.0,0.1623904927453007,2.0
2375.0,0.15545947613134375,2.0
2376.0,0.1499505760431353,1.0
2377.0,0.24359233878518308,2.0
2378.0,0.21892653298700898,2.0
2379.0,0.21141955606343069,2.0
2380.0,0.19519041788745883,2.0
2381.0,0.16674057211486443,2.0
2382.0,0.14520613136119428,0.0
2383.0,0.49489128694036355,2.0
2384.0,0.4509995186113053,2.0
2385.0,0.41125740081730294,2.0
2386.0,0.37901319980891957,2.0
2387.0,0.34485474060383936,2.0
2388.0,0.29437085733588164,2.0
2389.0,0.2784242286311186,2.0
2390.0,0.2720051057547511,2.0
2391.0,0.23848430713463317,2.0
2392.0,0.2078819582607711,2.0
2393.0,0.2098231038727585,2.0
2394.0,0.2082127817665781,2.0
2395.0,0.21053303404102885,2.0
2396.0,0.19083741665049359,2.0
2397.0,0.1844280132525189,2.0
2398.0,0.160680302750607,2.0
2399.0,0.1637551173732441,2.0
2400.0,0.15685480625674603,2.0
2401.0,0.14754100110508264,0.0
2402.0,0.6169288934086363,2.0
2403.0,0.5879399188452348,2.0
2404.0,0.5569655760886448,2.0
2405.0,0.5167695111639626,2.0
2406.0,0.4818003761942874,2.0
2407.0,0.45131115853592646,2.0
2408.0,0.4206913561238083,2.0
2409.0,0.3996714064954118,2.0
2410.0,0.38855076837960345,2.0
2411.0,0.38108361101704524,2.0
2412.0,0.3323566958970234,2.0
2413.0,0.32302885933832004,2.0
2414.0,0.32637434721409886,2.0
2415.0,0.31897557738914784,2.0
2416.0,0.29886385377142977,2.0
2417.0,0.29537659341126715,2.0
2418.0,0.277937265521345,2.0
2419.0,0.24011715108933748,2.0
2420.0,0.24395100886796117,2.0
2421.0,0.22424200770430075,2.0
2422.0,0.23113700127544573,2.0
2423.0,0.20151040989956448,2.0
2424.0,0.20968942448743544,2.0
2425.0,0.21107543297289064,2.0
2426.0,0.18482973719513726,2.0
2427.0,0.16663274802036052,2.0
2428.0,0.16820660196339338,2.0
2429.0,0.15494082306909213,2.0
2430.0,0.1568851087823946,2.0
2431.0,0.15810511882443623,2.0
2432.0,0.1480964465542846,1.0
2433.0,0.17262715635024778,2.0
2434.0,0.1698497702226368,2.0
2435.0,0.15064676949100383,2.0
2436.0,0.14969882873510998,1.0
2437.0,0.18431553432284356,2.0
2438.0,0.15819388426242914,2.0
2439.0,0.15361807221515483,2.0
2440.0,0.1388076597736676,1.0
2441.0,0.17417845349588698,2.0
2442.0,0.15479367968992458,2.0
2443.0,0.15344528100863036,2.0
2444.0,0.15141980773811797,2.0
2445.0,0.13625867178560755,0.0
2446.0,0.6060973963878369,2.0
2447.0,0.5903321871201879,2.0
2448.0,0.5759369172699376,2.0
2449.0,0.545676798172485,2.0
2450.0,0.5135375754495155,2.0
2451.0,0.4821754994141268,2.0
2452.0,0.4666657838945683,2.0
2453.0,0.42588903876440576,2.0
2454.0,0.40310119397285515,2.0
2455.0,0.38653139536974046,2.0
2456.0,0.37625645967518634,2.0
2457.0,0.36611996243970524,2.0
2458.0,0.32605465318265026,2.0
2459.0,0.28131919406561556,2.0
2460.0,0.2667970449772574,2.0
2461.0,0.24035357313938435,2.0
2462.0,0.213278460431247,2.0
2463.0,0.20612272469079296,2.0
2464.0,0.21605338862869045,2.0
2465.0,0.20782385131634695,2.0
2466.0,0.19158031591124308,2.0
2467.0,0.1786018786573486,2.0
2468.0,0.16314868217617223,2.0
2469.0,0.15931704416304018,2.0
2470.0,0.15513036976839906,2.0
2471.0,0.14981281409145653,1.0
2472.0,0.18684312410339782,2.0
2473.0,0.1619022934780258,2.0
2474.0,0.14589207469381318,0.0
2475.0,0.6025882508210056,2.0
2476.0,0.5672177176094113,2.0
2477.0,0.5626882791358425,2.0
2478.0,0.5582540290045308,2.0
2479.0,0.541759401061231,2.0
2480.0,0.5216049287879931,2.0
2481.0,0.5076768105730547,2.0
2482.0,0.48779200292390545,2.0
2483.0,0.46030335783839604,2.0
2484.0,0.4263411882754889,2.0
2485.0,0.3922268383743167,2.0
2486.0,0.3729420432085985,2.0
2487.0,0.34885740694437983,2.0
2488.0,0.31568625837597725,2.0
2489.0,0.29431973666029154,2.0
2490.0,0.28406612657521635,2.0
2491.0,0.2835915018880498,2.0
2492.0,0.2496285100805513,2.0
2493.0,0.22873090814013924,2.0
2494.0,0.21955101084475226,2.0
2495.0,0.21895989226967694,2.0
2496.0,0.1991221427738079,2.0
2497.0,0.19835003487109715,2.0
2498.0,0.20607164366708983,2.0
2499.0,0.18836381613965672,2.0
2500.0,0.17982683268742983,2.0
2501.0,0.17125132466451182,2.0
2502.0,0.16413119222001538,2.0
2503.0,0.16091536324622568,2.0
2504.0,0.16017123586207885,2.0
2505.0,0.1579147572453407,2.0
2506.0,0.14977792003351906,1.0
2507.0,0.19268727118880913,2.0
2508.0,0.17456408127994433,2.0
2509.0,0.1677992187459072,2.0
2510.0,0.1492119379190519,1.0
2511.0,0.16475437049417907,2.0
2512.0,0.14364967669450768,1.0
2513.0,0.1661062047329736,2.0
2514.0,0.15485136753640272,2.0
2515.0,0.14696758672129878,1.0
2516.0,0.13832655607363029,1.0
2517.0,0.17565142782242155,2.0
2518.0,0.17516189919126057,2.0
2519.0,0.1538210732761211,2.0
2520.0,0.1344690536943606,1.0
2521.0,0.12972010291597585,0.0
2522.0,0.4491831330544964,2.0
2523.0,0.39645936341514887,2.0
2524.0,0.3465786445766321,2.0
2525.0,0.3077437007233762,2.0
2526.0,0.28759326524425183,2.0
2527.0,0.25264853212137517,2.0
2528.0,0.2174412976842741,2.0
2529.0,0.20044569914415417,2.0
2530.0,0.19062311047045433,2.0
2531.0,0.17548759184088703,2.0
2532.0,0.1651919035266346,2.0
2533.0,0.15849331807398948,2.0
2534.0,0.1550101915105145,2.0
2535.0,0.1438958255345622,1.0
2536.0,0.1636820576024257,2.0
2537.0,0.14159534563076975,1.0
2538.0,0.13706981800714357,1.0
2539.0,0.17048407957130335,2.0
2540.0,0.15259937450013558,2.0
2541.0,0.14057610403985957,1.0
2542.0,0.2055483029298869,2.0
2543.0,0.1791054600844864,2.0
2544.0,0.16115051055214652,2.0
2545.0,0.14137874020317548,1.0
2546.0,0.12495935005558323,1.0
2547.0,0.14322790553262815,1.0
2548.0,0.14503513175350463,1.0
2549.0,0.1310414348858565,1.0
2550.0,0.13782241107797327,1.0
2551.0,0.13339398023934937,1.0
2552.0,0.1456537304824685,0.0
2553.0,0.49666843505571445,2.0
2554.0,0.4496536598255926,2.0
2555.0,0.4101290512291733,2.0
2556.0,0.38161856768623204,2.0
2557.0,0.326309943391381,2.0
2558.0,0.2865028020224025,2.0
2559.0,0.254180344406524,2.0
2560.0,0.2179597155608411,2.0
2561.0,0.20776384265586323,2.0
2562.0,0.18973674893487635,2.0
2563.0,0.18520779194699483,2.0
2564.0,0.1904953034448535,2.0
2565.0,0.16231816430948476,2.0
2566.0,0.14386042709331487,1.0
2567.0,0.15781052764394285,2.0
2568.0,0.15816621362356043,2.0
2569.0,0.1361598006923253,1.0
2570.0,0.19059873454181653,2.0
2571.0,0.16767368780180208,2.0
2572.0,0.14816513862328512,1.0
2573.0,0.17567154134837926,2.0
2574.0,0.16034155994286964,2.0
2575.0,0.14190105737554745,0.0
2576.0,0.743144927057534,2.0
2577.0,0.6974261343475148,2.0
2578.0,0.6926723825312682,2.0
2579.0,0.6384839671681017,2.0
2580.0,0.5855465143370302,2.0
2581.0,0.552484039286788,2.0
2582.0,0.5305261306283455,2.0
2583.0,0.48483600722097797,2.0
2584.0,0.4414957437797918,2.0
2585.0,0.39465138529674515,2.0
2586.0,0.3619782424457578,2.0
2587.0,0.31745561427239244,2.0
2588.0,0.27243815374810626,2.0
2589.0,0.24274467642503544,2.0
2590.0,0.21960871472399435,2.0
2591.0,0.2049673153887206,2.0
2592.0,0.1934760915571016,2.0
2593.0,0.18487156911664482,2.0
2594.0,0.1804745952805618,2.0
2595.0,0.17828620100419987,2.0
2596.0,0.16852045082774603,2.0
2597.0,0.16359991788385597,2.0
2598.0,0.16691018890971226,2.0
2599.0,0.16974239569927047,2.0
2600.0,0.15650739397508057,2.0
2601.0,0.15679358167691876,2.0
2602.0,0.15003394293111996,2.0
2603.0,0.1455936889956366,1.0
2604.0,0.21914450332232305,2.0
2605.0,0.20195610952950907,2.0
2606.0,0.17284349151213588,2.0
2607.0,0.15506982996784258,2.0
2608.0,0.14267375031909893,1.0
2609.0,0.16302918123323984,2.0
2610.0,0.1603734618717959,2.0
2611.0,0.1633997606902876,2.0
2612.0,0.14771426479665173,0.0
2613.0,0.6675850502808172,2.0
2614.0,0.6106021513696087,2.0
2615.0,0.576605763822878,2.0
2616.0,0.5309622643086215,2.0
2617.0,0.5241761971499004,2.0
2618.0,0.4733182745625053,2.0
2619.0,0.4277032624439894,2.0
2620.0,0.37693132377816174,2.0
2621.0,0.3435670422953889,2.0
2622.0,0.3181137207522724,2.0
2623.0,0.27726840775653316,2.0
2624.0,0.2567429214951471,2.0
2625.0,0.24240268192623854,2.0
2626.0,0.2325117347042368,2.0
2627.0,0.20947748650249357,2.0
2628.0,0.21281677528971116,2.0
2629.0,0.1902386310422553,2.0
2630.0,0.19002887554090825,2.0
2631.0,0.1934483034977924,2.0
2632.0,0.19455077061372378,2.0
2633.0,0.2027043185163606,2.0
2634.0,0.17895096442881475,2.0
2635.0,0.1788011610216455,2.0
2636.0,0.18023142227111022,2.0
2637.0,0.18550019061493,2.0
2638.0,0.16956633463884424,2.0
2639.0,0.1720908393642241,2.0
2640.0,0.17436972794884284,2.0
2641.0,0.17903525840074092,2.0
2642.0,0.18046700913778752,2.0
2643.0,0.18558274786968554,2.0
2644.0,0.18860429072883098,2.0
2645.0,0.198900053787694,2.0
2646.0,0.19786559025456563,2.0
2647.0,0.20108900312600203,2.0
2648.0,0.17328521029267513,2.0
2649.0,0.15853087291395918,2.0
2650.0,0.14674358832281226,1.0
2651.0,0.19223253750919694,2.0
2652.0,0.1892192011632488,2.0
2653.0,0.18957261781370316,2.0
2654.0,0.18020554829200086,2.0
2655.0,0.16792081390961283,2.0
2656.0,0.16681996816461075,2.0
2657.0,0.14966985063943963,1.0
2658.0,0.185213891551232,2.0
2659.0,0.16579938861510513,2.0
2660.0,0.1515052581603805,2.0
2661.0,0.14479313842389954,1.0
2662.0,0.1931434573243312,2.0
2663.0,0.17142345924731786,2.0
2664.0,0.15699546214093973,2.0
2665.0,0.15078263650709506,2.0
2666.0,0.14367100927943005,0.0
2667.0,0.6946467022975303,2.0
2668.0,0.6867987613827817,2.0
2669.0,0.6434865241125859,2.0
2670.0,0.6017350553988576,2.0
2671.0,0.5683814051436897,2.0
2672.0,0.5384661786568992,2.0
2673.0,0.5119578830168963,2.0
2674.0,0.484026533379174,2.0
2675.0,0.45065568134255585,2.0
2676.0,0.43654117975091766,2.0
2677.0,0.4189452750802641,2.0
2678.0,0.4128511421117533,2.0
2679.0,0.36896825303031955,2.0
2680.0,0.33000662063450953,2.0
2681.0,0.3291792987382792,2.0
2682.0,0.28863521571742945,2.0
2683.0,0.2654644500665801,2.0
2684.0,0.2415223338009187,2.0
2685.0,0.22288254144537323,2.0
2686.0,0.22270569020302572,2.0
2687.0,0.22958575250293095,2.0
2688.0,0.21020002854347203,2.0
2689.0,0.2133804699154636,2.0
2690.0,0.21693991043502558,2.0
2691.0,0.22231551745746056,2.0
2692.0,0.20212383166861358,2.0
2693.0,0.20644863151263756,2.0
2694.0,0.21266033130539486,2.0
2695.0,0.21701325362014875,2.0
2696.0,0.19510142102144712,2.0
2697.0,0.17708960530486417,2.0
2698.0,0.1812955074056003,2.0
2699.0,0.16759264492719755,2.0
2700.0,0.1606996180574629,2.0
2701.0,0.15824205421096482,2.0
2702.0,0.1585072377977341,2.0
2703.0,0.1624985935118578,2.0
2704.0,0.15035775203477525,2.0
2705.0,0.14453453304682506,1.0
2706.0,0.19999390015489749,2.0
2707.0,0.1953469437303118,2.0
2708.0,0.1950773409652976,2.0
2709.0,0.19880213325544743,2.0
2710.0,0.17077544691612112,2.0
2711.0,0.1546235683685564,2.0
2712.0,0.1440471859264243,1.0
2713.0,0.2705080531583865,2.0
2714.0,0.25804489165389943,2.0
2715.0,0.23832490062728828,2.0
2716.0,0.22700050295416507,2.0
2717.0,0.19720926244680675,2.0
2718.0,0.19081841611606967,2.0
2719.0,0.17099613059062,2.0
2720.0,0.17998951382767048,2.0
2721.0,0.1732877662604196,2.0
2722.0,0.1715284244714068,2.0
2723.0,0.15277006303474824,2.0
2724.0,0.15968323253537275,2.0
2725.0,0.16356758794401519,2.0
2726.0,0.14561062853950435,1.0
2727.0,0.16631453469465707,2.0
2728.0,0.16690787060375473,2.0
2729.0,0.1692335704688796,2.0
2730.0,0.1675363412387188,2.0
2731.0,0.17735554545093324,2.0
2732.0,0.1526818803130027,2.0
2733.0,0.13671138215375006,0.0
2734.0,0.6987490318234939,2.0
2735.0,0.6531245051234735,2.0
2736.0,0.6081160890853414,2.0
2737.0,0.5789482450286423,2.0
2738.0,0.5265430065787877,2.0
2739.0,0.48970521342450846,2.0
2740.0,0.4519362061202386,2.0
2741.0,0.4212827965652378,2.0
2742.0,0.37751380907789645,2.0
2743.0,0.35840805537735004,2.0
2744.0,0.34369271627961523,2.0
2745.0,0.301303089424829,2.0
2746.0,0.29286632238922794,2.0
2747.0,0.2895428785730322,2.0
2748.0,0.24897733721486545,2.0
2749.0,0.24524742961912696,2.0
2750.0,0.21395602025884336,2.0
2751.0,0.19408572369632446,2.0
2752.0,0.18128749932989258,2.0
2753.0,0.17961262770326247,2.0
2754.0,0.18315728659860736,2.0
2755.0,0.18201688320950865,2.0
2756.0,0.18368164629453013,2.0
2757.0,0.18839143508341777,2.0
2758.0,0.17162134359408693,2.0
2759.0,0.16375045591023485,2.0
2760.0,0.15958224891559827,2.0
2761.0,0.15805251168490184,2.0
2762.0,0.15221051820929443,2.0
2763.0,0.1517031965121765,2.0
2764.0,0.1471331503485942,1.0
2765.0,0.21175127358228094,2.0
2766.0,0.21119716456070162,2.0
2767.0,0.18808537785623425,2.0
2768.0,0.16311959429114076,2.0
2769.0,0.14870154320143614,1.0
2770.0,0.1984893042652643,2.0
2771.0,0.16824067308963334,2.0
2772.0,0.1496792585171538,1.0
2773.0,0.1749520890021906,2.0
2774.0,0.15437839450714724,2.0
2775.0,0.1575493239558452,2.0
2776.0,0.1577600027287185,2.0
2777.0,0.16189969878947477,2.0
2778.0,0.1645406184882105,2.0
2779.0,0.1649334600968791,2.0
2780.0,0.14012994186994288,0.0
2781.0,0.5992735077872476,2.0
2782.0,0.5615635673995321,2.0
2783.0,0.5630093039479586,2.0
2784.0,0.5208059511186709,2.0
2785.0,0.47581063211831726,2.0
2786.0,0.4444412318659544,2.0
2787.0,0.4338601979641036,2.0
2788.0,0.38614466415864446,2.0
2789.0,0.35937058608476335,2.0
2790.0,0.34868501134713725,2.0
2791.0,0.3041170762492479,2.0
2792.0,0.2853297219514478,2.0
2793.0,0.2733250032944353,2.0
2794.0,0.26373683933165454,2.0
2795.0,0.22399635947712676,2.0
2796.0,0.22133068800080297,2.0
2797.0,0.19066082685217015,2.0
2798.0,0.18536356025702955,2.0
2799.0,0.17979863611729585,2.0
2800.0,0.1782928190558723,2.0
2801.0,0.1794829508784558,2.0
2802.0,0.16823779353191073,2.0
2803.0,0.16878717881927208,2.0
2804.0,0.15837049022091593,2.0
2805.0,0.152239366220246,2.0
2806.0,0.1512870508515893,2.0
2807.0,0.14629356546878058,0.0
2808.0,0.6318378790134573,2.0
2809.0,0.5904465143385563,2.0
2810.0,0.5732265169426809,2.0
2811.0,0.5489856915536826,2.0
2812.0,0.507169372272156,2.0
2813.0,0.48385598561890264,2.0
2814.0,0.4567769672999942,2.0
2815.0,0.42500793182656593,2.0
2816.0,0.4269788294036767,2.0
2817.0,0.38926642898727304,2.0
2818.0,0.37661148986019233,2.0
2819.0,0.3329761885002792,2.0
2820.0,0.2926672850723028,2.0
2821.0,0.2603118946751137,2.0
2822.0,0.26178081075500187,2.0
2823.0,0.2385352976449393,2.0
2824.0,0.22477811233661865,2.0
2825.0,0.22632302732630677,2.0
2826.0,0.21700020280546461,2.0
2827.0,0.21059908879495373,2.0
2828.0,0.20911418350571398,2.0
2829.0,0.21130399200830072,2.0
2830.0,0.19733894325138462,2.0
2831.0,0.1878842000873389,2.0
2832.0,0.18563018473392345,2.0
2833.0,0.17977515618976256,2.0
2834.0,0.18056948933830402,2.0
2835.0,0.17574259940437514,2.0
2836.0,0.17312655175796238,2.0
2837.0,0.17592133117237396,2.0
2838.0,0.1726482979716652,2.0
2839.0,0.17375641373105746,2.0
2840.0,0.17468506724591798,2.0
2841.0,0.1772836845363291,2.0
2842.0,0.18108614541489515,2.0
2843.0,0.18280691912685804,2.0
2844.0,0.18753197143201028,2.0
2845.0,0.18817748715279375,2.0
2846.0,0.18931437195692508,2.0
2847.0,0.168755789875901,2.0
2848.0,0.15628530942464888,2.0
2849.0,0.158378867011927,2.0
2850.0,0.14853262426501967,1.0
2851.0,0.22209553517173386,2.0
2852.0,0.1890210082095486,2.0
2853.0,0.16940568805122092,2.0
2854.0,0.1673210095872193,2.0
2855.0,0.15072816713331627,2.0
2856.0,0.1416554258965384,1.0
2857.0,0.17901656141309064,2.0
2858.0,0.16269873720740696,2.0
2859.0,0.14474494324848108,1.0
2860.0,0.2126888310534971,2.0
2861.0,0.17703344908811158,2.0
2862.0,0.17835660404971193,2.0
2863.0,0.15621697025948272,2.0
2864.0,0.14847183112924378,1.0
2865.0,0.23528586047240996,2.0
2866.0,0.21641555323831785,2.0
2867.0,0.1854183252801834,2.0
2868.0,0.16657606023626936,2.0
2869.0,0.17384006119149917,2.0
2870.0,0.16801005646181205,2.0
2871.0,0.16713044334538663,2.0
2872.0,0.1608579099390331,2.0
2873.0,0.15209259692560412,2.0
2874.0,0.1338381232257844,1.0
2875.0,0.18404454883653465,2.0
2876.0,0.17705717621543088,2.0
2877.0,0.17202136428298304,2.0
2878.0,0.14897912826141163,1.0
2879.0,0.18291451763887423,2.0
2880.0,0.16633390876530357,2.0
2881.0,0.14782455494038102,0.0
2882.0,0.5955220609787835,2.0
2883.0,0.557979542375309,2.0
2884.0,0.525947310701421,2.0
2885.0,0.49486081343616883,2.0
2886.0,0.4678677598364147,2.0
2887.0,0.42420135077138255,2.0
2888.0,0.3888319671868417,2.0
2889.0,0.3738466483227282,2.0
2890.0,0.3300583298884684,2.0
2891.0,0.29187831125212793,2.0
2892.0,0.2622974234914722,2.0
2893.0,0.2400251135410835,2.0
2894.0,0.2230764449307618,2.0
2895.0,0.21382396242664164,2.0
2896.0,0.20861964847268202,2.0
2897.0,0.20938360653891375,2.0
2898.0,0.20766955753343036,2.0
2899.0,0.18712350602390893,2.0
2900.0,0.17305708122989927,2.0
2901.0,0.17435378592030631,2.0
2902.0,0.1697687456735389,2.0
2903.0,0.16883188425231815,2.0
2904.0,0.17100781492077594,2.0
2905.0,0.17507818755741503,2.0
2906.0,0.1796064439622624,2.0
2907.0,0.1598453368610302,2.0
2908.0,0.16175536632580428,2.0
2909.0,0.16512143387141973,2.0
2910.0,0.16827320705237908,2.0
2911.0,0.14976916900116008,0.0
2912.0,0.5269821721833443,2.0
2913.0,0.49459893933030397,2.0
2914.0,0.45229931429358816,2.0
2915.0,0.4170446563527579,2.0
2916.0,0.3897895394137564,2.0
2917.0,0.36463022332566664,2.0
2918.0,0.34327678689684127,2.0
2919.0,0.30146976673823456,2.0
2920.0,0.2944582347603874,2.0
2921.0,0.2935928716725671,2.0
2922.0,0.28890518053680225,2.0
2923.0,0.2560698909252931,2.0
2924.0,0.2533102887620103,2.0
2925.0,0.22726610220803656,2.0
2926.0,0.22825745226742744,2.0
2927.0,0.22394903656584314,2.0
2928.0,0.226516951169419,2.0
2929.0,0.2270467454631847,2.0
2930.0,0.2288308267057952,2.0
2931.0,0.22764355566965305,2.0
2932.0,0.2310873450233022,2.0
2933.0,0.20258275077199128,2.0
2934.0,0.20573024348218888,2.0
2935.0,0.2075994525143977,2.0
2936.0,0.1813486754608494,2.0
2937.0,0.16625118865190597,2.0
2938.0,0.16953726584541967,2.0
2939.0,0.16121970153557558,2.0
2940.0,0.1624342796715108,2.0
2941.0,0.16602283878528745,2.0
2942.0,0.15692267575713034,2.0
2943.0,0.15915029290539137,2.0
2944.0,0.14885798098782643,1.0
2945.0,0.22475898203281847,2.0
2946.0,0.19384625164444277,2.0
2947.0,0.17371152177850785,2.0
2948.0,0.16434385128252713,2.0
2949.0,0.15768048240785443,2.0
2950.0,0.15749361688824143,2.0
2951.0,0.15446755833636755,2.0
2952.0,0.15376717572173187,2.0
2953.0,0.1536824964427952,2.0
2954.0,0.15961903538335792,2.0
2955.0,0.17149398093682341,2.0
2956.0,0.17081850558965067,2.0
2957.0,0.14493554592996655,1.0
2958.0,0.17700214445243456,2.0
2959.0,0.17175492578908694,2.0
2960.0,0.15908358890113483,2.0
2961.0,0.1546857452803675,2.0
2962.0,0.13372480865523628,1.0
2963.0,0.1853904090193332,2.0
2964.0,0.16390428179766625,2.0
2965.0,0.14976538634840558,1.0
2966.0,0.15449130704064154,2.0
2967.0,0.146237704338232,1.0
2968.0,0.15719682604260243,2.0
2969.0,0.15085017240265525,2.0
2970.0,0.14599732900527693,1.0
2971.0,0.15551577461183524,2.0
2972.0,0.13599901493060396,1.0
2973.0,0.13590320555019483,1.0
2974.0,0.26559584103503653,2.0
2975.0,0.235580768345507,2.0
2976.0,0.20215323277417346,2.0
2977.0,0.1783320297739856,2.0
2978.0,0.16175256804147448,2.0
2979.0,0.15288629088656253,2.0
2980.0,0.14669282213397178,1.0
2981.0,0.13513046644042426,1.0
2982.0,0.15907786680261604,2.0
2983.0,0.15637145633851215,2.0
2984.0,0.15154640106507494,2.0
2985.0,0.12893806071190989,0.0
2986.0,0.7223781710787651,2.0
2987.0,0.7144817562791288,2.0
2988.0,0.690601108184332,2.0
2989.0,0.6551563383483225,2.0
2990.0,0.622276722910825,2.0
2991.0,0.5813493675907773,2.0
2992.0,0.5291993459588751,2.0
2993.0,0.47714852056046253,2.0
2994.0,0.4336401293992964,2.0
2995.0,0.393506181835205,2.0
2996.0,0.3811881095133263,2.0
2997.0,0.32841684835388407,2.0
2998.0,0.29574074757245994,2.0
2999.0,0.2712951794262821,2.0
3000.0,0.2293229546564018,2.0
3001.0,0.21742913564586963,2.0
3002.0,0.19632596656856083,2.0
3003.0,0.18005074876344102,2.0
3004.0,0.17330013745072342,2.0
3005.0,0.16541337951195761,2.0
3006.0,0.15852009554237165,2.0
3007.0,0.160343876057471,2.0
3008.0,0.15316878397328496,2.0
3009.0,0.14436980254743062,1.0
3010.0,0.18207590850419259,2.0
3011.0,0.20857503576847788,2.0
3012.0,0.20389902469188131,2.0
3013.0,0.17108998302347034,2.0
3014.0,0.16719642193076403,2.0
3015.0,0.18116567548169413,2.0
3016.0,0.15407843168417848,2.0
3017.0,0.13696998725048354,1.0
3018.0,0.2764329599826324,2.0
3019.0,0.24572074906446978,2.0
3020.0,0.20886509812840476,2.0
3021.0,0.21876674814206884,2.0
3022.0,0.19973778713727272,2.0
3023.0,0.18783749291940535,2.0
3024.0,0.19842282441851522,2.0
3025.0,0.18210434379413373,2.0
3026.0,0.1759604412423158,2.0
3027.0,0.16939194539509256,2.0
3028.0,0.1494441750188616,1.0
3029.0,0.1914255161218559,2.0
3030.0,0.16473194132373173,2.0
3031.0,0.15330382865211264,2.0
3032.0,0.1367078739739185,1.0
3033.0,0.17057137534554795,2.0
3034.0,0.1662913914478189,2.0
3035.0,0.1589827745230311,2.0
3036.0,0.13598234027064587,0.0
3037.0,0.631092053385914,2.0
3038.0,0.6048979145360281,2.0
3039.0,0.56104611666187,2.0
3040.0,0.5223081807109967,2.0
3041.0,0.48225343407521315,2.0
3042.0,0.4338176967762967,2.0
3043.0,0.40859420331919755,2.0
3044.0,0.3961406163712595,2.0
3045.0,0.3530558999520561,2.0
3046.0,0.30391725763268196,2.0
3047.0,0.29259196003055354,2.0
3048.0,0.2953365702495866,2.0
3049.0,0.2577669411854801,2.0
3050.0,0.2569827717581423,2.0
3051.0,0.22082078086583876,2.0
3052.0,0.19219614340059288,2.0
3053.0,0.19598612015134842,2.0
3054.0,0.2016432334171367,2.0
3055.0,0.20290813018211618,2.0
3056.0,0.20834144572237837,2.0
3057.0,0.18381180042375972,2.0
3058.0,0.18992180628951022,2.0
3059.0,0.16891595816013438,2.0
3060.0,0.1609538045258631,2.0
3061.0,0.16280444340935082,2.0
3062.0,0.16987794805900752,2.0
3063.0,0.1565377476693254,2.0
3064.0,0.1548566688438585,2.0
3065.0,0.1532949639149051,2.0
3066.0,0.1589678554078526,2.0
3067.0,0.16160049446593552,2.0
3068.0,0.14681254300010427,1.0
3069.0,0.2200289277174056,2.0
3070.0,0.1923170608381023,2.0
3071.0,0.17322844648852015,2.0
3072.0,0.16467969436683538,2.0
3073.0,0.15081942530894493,2.0
3074.0,0.1445505903340666,1.0
3075.0,0.1755057308324789,2.0
3076.0,0.16851732521984156,2.0
3077.0,0.16729503246413874,2.0
3078.0,0.14156821282776272,1.0
3079.0,0.16342521711964386,2.0
3080.0,0.1558410364606697,2.0
3081.0,0.1516856381505715,2.0
3082.0,0.15173065221351106,2.0
3083.0,0.1313358103167578,1.0
3084.0,0.16489485649163352,2.0
3085.0,0.14412124133239343,1.0
3086.0,0.1727822605318053,2.0
3087.0,0.16617739804416531,2.0
3088.0,0.15328481949492567,2.0
3089.0,0.13239777410844306,1.0
3090.0,0.13011771845213027,1.0
3091.0,0.1519368305195669,2.0
3092.0,0.13033056116336383,1.0
3093.0,0.13302636416057873,1.0
3094.0,0.11800906215348031,1.0
3095.0,0.11902682517963045,1.0
3096.0,0.13448723575159593,1.0
3097.0,0.23659673937956,2.0
3098.0,0.21690809946692302,2.0
3099.0,0.18968876105320098,2.0
3100.0,0.16699727832226718,2.0
3101.0,0.15514655626391358,2.0
3102.0,0.1421401294976351,1.0
3103.0,0.1390281636127321,1.0
3104.0,0.13658538606371778,1.0
3105.0,0.1211572103006256,1.0
3106.0,0.1236708785654621,1.0
3107.0,0.1374757500983712,1.0
3108.0,0.16213099496576133,2.0
3109.0,0.14466509900366564,1.0
3110.0,0.19347350273587827,2.0
3111.0,0.1748412929053457,2.0
3112.0,0.15494309835843512,2.0
3113.0,0.13333127915060206,1.0
3114.0,0.1279319170641956,1.0
3115.0,0.15792015851643743,2.0
3116.0,0.15244784167795528,2.0
3117.0,0.1314073796579931,0.0
3118.0,0.6929028073512356,2.0
3119.0,0.6505944631799461,2.0
3120.0,0.6097866031932975,2.0
3121.0,0.5721150831984612,2.0
3122.0,0.5494628136181094,2.0
3123.0,0.5286433791388614,2.0
3124.0,0.4994751444588567,2.0
3125.0,0.4690363802188393,2.0
3126.0,0.44752352240966153,2.0
3127.0,0.4298181910567106,2.0
3128.0,0.42290559130409794,2.0
3129.0,0.38357393175282245,2.0
3130.0,0.3791339768640243,2.0
3131.0,0.37639097980280595,2.0
3132.0,0.37456189100581244,2.0
3133.0,0.34060428665939557,2.0
3134.0,0.3049652686596101,2.0
3135.0,0.27467616418646956,2.0
3136.0,0.2528087466994735,2.0
3137.0,0.23602686283814456,2.0
3138.0,0.22512273369503655,2.0
3139.0,0.2178553349452477,2.0
3140.0,0.216023357078773,2.0
3141.0,0.2168218043195067,2.0
3142.0,0.20099550929967494,2.0
3143.0,0.18975412168081773,2.0
3144.0,0.18742853759494746,2.0
3145.0,0.18711578154955205,2.0
3146.0,0.1869362859337457,2.0
3147.0,0.19026183798062624,2.0
3148.0,0.1737657915602421,2.0
3149.0,0.16950864274476277,2.0
3150.0,0.17087833866392355,2.0
3151.0,0.16003315219867148,2.0
3152.0,0.15495547935807608,2.0
3153.0,0.15349331443952216,2.0
3154.0,0.1521116285946127,2.0
3155.0,0.1535775235586527,2.0
3156.0,0.15560275139474333,2.0
3157.0,0.15857310810481742,2.0
3158.0,0.14666143614448518,1.0
3159.0,0.16593160720569655,2.0
3160.0,0.1422292769519471,1.0
3161.0,0.16529815070638043,2.0
3162.0,0.16171259207084016,2.0
3163.0,0.1580458044956865,2.0
3164.0,0.14078379588794487,1.0
3165.0,0.14580688012798806,1.0
3166.0,0.20119208001460104,2.0
3167.0,0.20411322054372774,2.0
3168.0,0.17605575728007983,2.0
3169.0,0.15654791386327355,2.0
3170.0,0.14521083507569718,0.0
3171.0,0.5950213487072287,2.0
3172.0,0.5776987834060356,2.0
3173.0,0.5820814085056529,2.0
3174.0,0.5614349155340583,2.0
3175.0,0.5195081529602266,2.0
3176.0,0.5076337594660333,2.0
3177.0,0.4732486734848976,2.0
3178.0,0.43598960482182436,2.0
3179.0,0.3934988141282738,2.0
3180.0,0.3632869270207706,2.0
3181.0,0.3317318878986799,2.0
3182.0,0.3094701442082208,2.0
3183.0,0.2975852695309068,2.0
3184.0,0.2866922381142871,2.0
3185.0,0.2551037227799084,2.0
3186.0,0.22785783328408277,2.0
3187.0,0.22266878612457336,2.0
3188.0,0.22263234215943584,2.0
3189.0,0.19629099849912618,2.0
3190.0,0.19637493553904511,2.0
3191.0,0.19547011133853842,2.0
3192.0,0.19835129283603506,2.0
3193.0,0.17927362255150234,2.0
3194.0,0.16738302513531023,2.0
3195.0,0.16564890490574027,2.0
3196.0,0.15468495816802938,2.0
3197.0,0.15416436879022438,2.0
3198.0,0.15493909682654272,2.0
3199.0,0.1474624546619761,1.0
3200.0,0.2911428325499111,2.0
3201.0,0.2591809463754763,2.0
3202.0,0.2220981243169169,2.0
3203.0,0.21086465381934594,2.0
3204.0,0.18109170660427065,2.0
3205.0,0.16375434029022656,2.0
3206.0,0.14831797633917554,1.0
3207.0,0.17997869333596583,2.0
3208.0,0.1904809370997996,2.0
3209.0,0.1775946910299857,2.0
3210.0,0.15398707207526308,2.0
3211.0,0.14640735849162023,0.0
3212.0,0.6037542479932763,2.0
3213.0,0.568647365363931,2.0
3214.0,0.5285381061732641,2.0
3215.0,0.49378012276070105,2.0
3216.0,0.4566148110988176,2.0
3217.0,0.4237836817866396,2.0
3218.0,0.3975367143612426,2.0
3219.0,0.3522142884973885,2.0
3220.0,0.3362488843644027,2.0
3221.0,0.2934230440715284,2.0
3222.0,0.285109781867126,2.0
3223.0,0.24899498334859943,2.0
3224.0,0.24509398663101564,2.0
3225.0,0.2498460106869152,2.0
3226.0,0.21848886734278278,2.0
3227.0,0.21932764488098394,2.0
3228.0,0.19775263481402416,2.0
3229.0,0.17935017587684632,2.0
3230.0,0.1812086567690193,2.0
3231.0,0.1825789082515359,2.0
3232.0,0.19019566890817569,2.0
3233.0,0.17511266446262114,2.0
3234.0,0.16110668917475124,2.0
3235.0,0.16177231687798482,2.0
3236.0,0.16461760796983388,2.0
3237.0,0.16811045305117223,2.0
3238.0,0.17397178972500738,2.0
3239.0,0.17842315003114895,2.0
3240.0,0.16218240382164265,2.0
3241.0,0.16360796729568433,2.0
3242.0,0.16682610447288196,2.0
3243.0,0.17028408725301944,2.0
3244.0,0.17427990456016867,2.0
3245.0,0.1751371161345868,2.0
3246.0,0.1551911422844885,2.0
3247.0,0.15753870671884915,2.0
3248.0,0.14187690375327544,1.0
3249.0,0.2499682314049296,2.0
3250.0,0.21710304049171825,2.0
3251.0,0.18860321471917446,2.0
3252.0,0.16894404730165455,2.0
3253.0,0.15386496913266012,2.0
3254.0,0.14481082515383426,1.0
3255.0,0.1496425951353592,1.0
3256.0,0.2743066131404649,2.0
3257.0,0.23660302495043822,2.0
3258.0,0.2283223717621254,2.0
3259.0,0.19510408901626353,2.0
3260.0,0.17360558592965927,2.0
3261.0,0.16213925602088755,2.0
3262.0,0.15467844401656033,2.0
3263.0,0.1525259045292735,2.0
3264.0,0.13589663159638637,1.0
3265.0,0.1571277300563772,2.0
3266.0,0.15715306121418054,2.0
3267.0,0.13619075475452885,1.0
3268.0,0.16263931935373604,2.0
3269.0,0.15091307145841543,2.0
3270.0,0.1323230806601558,1.0
3271.0,0.13942347212058598,1.0
3272.0,0.12113622521357753,0.0
3273.0,0.7264695735373081,2.0
3274.0,0.7131963001122494,2.0
3275.0,0.6683863230915112,2.0
3276.0,0.6152888531980434,2.0
3277.0,0.6070777976084976,2.0
3278.0,0.5875132420610947,2.0
3279.0,0.5491977701244894,2.0
3280.0,0.5055299069821716,2.0
3281.0,0.45691693751411094,2.0
3282.0,0.4115471509969308,2.0
3283.0,0.3574756270984396,2.0
3284.0,0.31632851800561795,2.0
3285.0,0.26845893016819694,2.0
3286.0,0.24258068674696365,2.0
3287.0,0.22669679206019705,2.0
3288.0,0.2052288408858184,2.0
3289.0,0.1958678021783474,2.0
3290.0,0.18072966330407536,2.0
3291.0,0.17095562314193652,2.0
3292.0,0.15958996244488488,2.0
3293.0,0.15713074941172137,2.0
3294.0,0.14474789283435213,1.0
3295.0,0.1967681540075349,2.0
3296.0,0.18790061127479502,2.0
3297.0,0.15817468202526658,2.0
3298.0,0.1385476176505664,1.0
3299.0,0.17335925877026576,2.0
3300.0,0.16307242603759925,2.0
3301.0,0.1418588496642903,1.0
3302.0,0.21980253743112813,2.0
3303.0,0.1990030674875369,2.0
3304.0,0.20666136772460936,2.0
3305.0,0.17789411364345445,2.0
3306.0,0.15911906851198476,2.0
3307.0,0.15235447124703622,2.0
3308.0,0.14526901627053285,0.0
3309.0,0.5923670060380664,2.0
3310.0,0.5754383110174559,2.0
3311.0,0.5358987570142757,2.0
3312.0,0.4954368256178059,2.0
3313.0,0.472975006678519,2.0
3314.0,0.4385265006108712,2.0
3315.0,0.41440982228717477,2.0
3316.0,0.38571806642777834,2.0
3317.0,0.34333664203546255,2.0
3318.0,0.33579719529758656,2.0
3319.0,0.30213431205864477,2.0
3320.0,0.261145853633554,2.0
3321.0,0.22840554893972342,2.0
3322.0,0.20290453298872857,2.0
3323.0,0.18834943684114458,2.0
3324.0,0.1859948921278083,2.0
3325.0,0.17388469010600804,2.0
3326.0,0.1719215605144882,2.0
3327.0,0.16928257004529218,2.0
3328.0,0.1687637310423501,2.0
3329.0,0.1573718228007826,2.0
3330.0,0.16294762569507548,2.0
3331.0,0.1642711243516906,2.0
3332.0,0.1475391489380437,1.0
3333.0,0.19086511964268868,2.0
3334.0,0.18712802627538908,2.0
3335.0,0.1821987908920078,2.0
3336.0,0.185722702806374,2.0
3337.0,0.18147627506176456,2.0
3338.0,0.15617763127314788,2.0
3339.0,0.15662581295337547,2.0
3340.0,0.14219934201528064,1.0
3341.0,0.15303011394751367,2.0
3342.0,0.15511485651656992,2.0
3343.0,0.15392318655699738,2.0
3344.0,0.14085833465984526,1.0
3345.0,0.13963458215350527,1.0
3346.0,0.18518462188355644,2.0
3347.0,0.1672678825965191,2.0
3348.0,0.1451398139467153,1.0
3349.0,0.21620371647536452,2.0
3350.0,0.19120816821741138,2.0
3351.0,0.1656480285995674,2.0
3352.0,0.15103252847738408,2.0
3353.0,0.13796914445218517,1.0
3354.0,0.14525471331075748,1.0
3355.0,0.14350203967993239,1.0
3356.0,0.14782793823255136,1.0
3357.0,0.14880824457963468,1.0
3358.0,0.14896505359715373,0.0
3359.0,0.735024853108649,2.0
3360.0,0.7282189150883576,2.0
3361.0,0.6908387471905549,2.0
3362.0,0.6684684377330964,2.0
3363.0,0.6442362608193861,2.0
3364.0,0.5996178927257634,2.0
3365.0,0.5535055616501748,2.0
3366.0,0.5067133842790617,2.0
3367.0,0.4588118688871622,2.0
3368.0,0.4455164419816004,2.0
3369.0,0.419752297290483,2.0
3370.0,0.39034097798269657,2.0
3371.0,0.336378065863369,2.0
3372.0,0.3198534685175427,2.0
3373.0,0.31385677004801665,2.0
3374.0,0.26529461531890275,2.0
3375.0,0.23073336293047486,2.0
3376.0,0.22942859640808802,2.0
3377.0,0.23086785077628827,2.0
3378.0,0.19952951447454367,2.0
3379.0,0.1782010769391183,2.0
3380.0,0.18044056820136345,2.0
3381.0,0.17031691470696253,2.0
3382.0,0.17449467737081698,2.0
3383.0,0.16168337896523852,2.0
3384.0,0.14901896883297536,1.0
3385.0,0.19186747176784225,2.0
3386.0,0.19462516677713088,2.0
3387.0,0.2131507974880814,2.0
3388.0,0.20212780823544493,2.0
3389.0,0.19974777581735337,2.0
3390.0,0.2098344964987903,2.0
3391.0,0.20297556291070543,2.0
3392.0,0.19693516999666688,2.0
3393.0,0.17119104010380315,2.0
3394.0,0.1464228329931071,1.0
3395.0,0.16209887943364085,2.0
3396.0,0.1432231502656551,1.0
3397.0,0.15410727941796265,2.0
3398.0,0.13622298958348844,1.0
3399.0,0.1510214802464718,2.0
3400.0,0.1425403399257948,0.0
3401.0,0.5280362766630411,2.0
3402.0,0.4942718907926721,2.0
3403.0,0.45701066795950385,2.0
3404.0,0.40889573269858615,2.0
3405.0,0.36585212366539044,2.0
3406.0,0.3271801013835317,2.0
3407.0,0.2903242486147608,2.0
3408.0,0.27023968943618504,2.0
3409.0,0.25078504164981735,2.0
3410.0,0.23940500161510334,2.0
3411.0,0.22439650552579038,2.0
3412.0,0.21183991968310778,2.0
3413.0,0.2056214969544718,2.0
3414.0,0.20540806887397567,2.0
3415.0,0.18512094191557218,2.0
3416.0,0.18233505941602746,2.0
3417.0,0.16084869862175613,2.0
3418.0,0.16630008041598793,2.0
3419.0,0.16975566475750323,2.0
3420.0,0.14916539321455496,1.0
3421.0,0.16740025029213518,2.0
3422.0,0.17324008937766835,2.0
3423.0,0.1706437400104799,2.0
3424.0,0.1445340135386285,1.0
3425.0,0.16828674160562623,2.0
3426.0,0.14280834310945828,1.0
3427.0,0.20274842813655036,2.0
3428.0,0.18815871098433157,2.0
3429.0,0.16460541984007418,2.0
3430.0,0.16399089350145368,2.0
3431.0,0.14702114156337448,1.0
3432.0,0.19612618363764964,2.0
3433.0,0.17874103833962368,2.0
3434.0,0.15763558090095361,2.0
3435.0,0.15025327439804778,2.0
3436.0,0.13604658381675633,1.0
3437.0,0.12349317636443317,1.0
3438.0,0.26167616851970954,2.0
3439.0,0.22407531272075573,2.0
3440.0,0.19995630378393514,2.0
3441.0,0.1842006011641457,2.0
3442.0,0.17441369719499367,2.0
3443.0,0.1600849947657234,2.0
3444.0,0.1577328023020069,2.0
3445.0,0.13187819412661833,1.0
3446.0,0.14297770614183963,1.0
3447.0,0.15209614816059608,2.0
3448.0,0.1304142509093521,0.0
3449.0,0.7766560369391943,2.0
3450.0,0.768874131769255,2.0
3451.0,0.7531044585777809,2.0
3452.0,0.730411320541143,2.0
3453.0,0.6859042818743326,2.0
3454.0,0.6601913956546737,2.0
3455.0,0.6090036002614584,2.0
3456.0,0.5674304351326884,2.0
3457.0,0.5287001936008031,2.0
3458.0,0.4848259341926093,2.0
3459.0,0.4505271751045597,2.0
3460.0,0.40662605609248276,2.0
3461.0,0.3641210612194211,2.0
3462.0,0.3121800378003676,2.0
3463.0,0.28339702080724666,2.0
3464.0,0.2576480377693692,2.0
3465.0,0.26176080548344505,2.0
3466.0,0.2252811922848736,2.0
3467.0,0.20313105736768292,2.0
3468.0,0.18412708243659978,2.0
3469.0,0.1790416063469703,2.0
3470.0,0.17511908944627988,2.0
3471.0,0.16475384379693692,2.0
3472.0,0.15911365678123449,2.0
3473.0,0.14496130438709343,1.0
3474.0,0.17172378744780256,2.0
3475.0,0.16117921458742232,2.0
3476.0,0.13972451208742812,1.0
3477.0,0.19066539453501752,2.0
3478.0,0.16041529270598145,2.0
3479.0,0.14641207731887393,1.0
3480.0,0.13861251528358953,1.0
3481.0,0.12958283818113742,1.0
3482.0,0.12107255946730977,1.0
3483.0,0.1600374588814071,2.0
3484.0,0.14514715398399988,1.0
3485.0,0.17789463425924845,2.0
3486.0,0.14781692624344064,1.0
3487.0,0.12066589412753509,1.0
3488.0,0.1436663805563484,1.0
3489.0,0.15015099558426376,2.0
3490.0,0.12482549107616397,1.0
3491.0,0.1385692815552259,1.0
3492.0,0.1273949292310685,0.0
3493.0,0.7365409108396539,2.0
3494.0,0.7350167090542274,2.0
3495.0,0.7204478360904103,2.0
3496.0,0.7429524361032106,2.0
3497.0,0.7029102962905214,2.0
3498.0,0.6874050989879243,2.0
3499.0,0.6383531808387614,2.0
3500.0,0.6187670785938959,2.0
3501.0,0.5871338306915135,2.0
3502.0,0.6023653434004709,2.0
3503.0,0.5597757723085798,2.0
3504.0,0.520118240764709,2.0
3505.0,0.4770140137874912,2.0
3506.0,0.4427165418477851,2.0
3507.0,0.39731396434984423,2.0
3508.0,0.38709243861443365,2.0
3509.0,0.36336243121926287,2.0
3510.0,0.3203417299772705,2.0
3511.0,0.28796647722317825,2.0
3512.0,0.2736913650635382,2.0
3513.0,0.27188947338345,2.0
3514.0,0.2541782015066369,2.0
3515.0,0.23817647003303752,2.0
3516.0,0.23368514799732182,2.0
3517.0,0.23272644938933984,2.0
3518.0,0.2381898936909475,2.0
3519.0,0.21736036807630926,2.0
3520.0,0.21773572735249028,2.0
3521.0,0.22051477655245216,2.0
3522.0,0.22652566148805933,2.0
3523.0,0.22889677970824585,2.0
3524.0,0.21050164747753977,2.0
3525.0,0.2148946397575373,2.0
3526.0,0.18999352619209825,2.0
3527.0,0.19002160194253204,2.0
3528.0,0.168891471840444,2.0
3529.0,0.16422136991625766,2.0
3530.0,0.1645893171218336,2.0
3531.0,0.1513396579776196,2.0
3532.0,0.1486818895525582,1.0
3533.0,0.17919352131680072,2.0
3534.0,0.17482055099923619,2.0
3535.0,0.17150778590117471,2.0
3536.0,0.14938642262388746,1.0
3537.0,0.17522172265874994,2.0
3538.0,0.17494868092653992,2.0
3539.0,0.17065251683453503,2.0
3540.0,0.1457765085782668,1.0
3541.0,0.1725906769772211,2.0
3542.0,0.15353731577081398,2.0
3543.0,0.1389502971114423,1.0
3544.0,0.15434621324954878,2.0
3545.0,0.13556462960007087,1.0
3546.0,0.15029219062014537,2.0
3547.0,0.13642549363574102,1.0
3548.0,0.15624540524325392,2.0
3549.0,0.1336070485402615,1.0
3550.0,0.14390796352569635,1.0
3551.0,0.144700052509385,1.0
3552.0,0.12553940058916774,1.0
3553.0,0.14076176214494457,1.0
3554.0,0.126817569536362,1.0
3555.0,0.15902315782315785,2.0
3556.0,0.16142527914769234,2.0
3557.0,0.14429250325074056,1.0
3558.0,0.21306056534308165,2.0
3559.0,0.1867597045225835,2.0
3560.0,0.15196241352903533,2.0
3561.0,0.14841046329098928,1.0
3562.0,0.12728645354431656,1.0
3563.0,0.127020431611836,0.0
3564.0,0.5961691606372853,2.0
3565.0,0.5578083424994162,2.0
3566.0,0.5231606316928608,2.0
3567.0,0.49073622642985315,2.0
3568.0,0.4601912391469206,2.0
3569.0,0.43622467063054327,2.0
3570.0,0.3909383721656932,2.0
3571.0,0.3703130401748499,2.0
3572.0,0.353765355577801,2.0
3573.0,0.3115775900967001,2.0
3574.0,0.2755570068190526,2.0
3575.0,0.24272973118552707,2.0
3576.0,0.21567717056588726,2.0
3577.0,0.2089610621827764,2.0
3578.0,0.19709143554000763,2.0
3579.0,0.18905407091257953,2.0
3580.0,0.18084726707803767,2.0
3581.0,0.17643449735428246,2.0
3582.0,0.17985558136949992,2.0
3583.0,0.17802847381161108,2.0
3584.0,0.17874170125310151,2.0
3585.0,0.18133736905169143,2.0
3586.0,0.18263016581366323,2.0
3587.0,0.16046085731361628,2.0
3588.0,0.147714383231923,1.0
3589.0,0.17705652371054387,2.0
3590.0,0.15372120505358233,2.0
3591.0,0.13907801269653428,1.0
3592.0,0.17265921053811853,2.0
3593.0,0.1642529399194642,2.0
3594.0,0.16081794305202046,2.0
3595.0,0.16078062782174246,2.0
3596.0,0.16820334673081946,2.0
3597.0,0.16970518019345732,2.0
3598.0,0.17357762039466137,2.0
3599.0,0.1779250301089996,2.0
3600.0,0.14719466604754733,1.0
3601.0,0.15304424052083768,2.0
3602.0,0.13538031259354938,0.0
3603.0,0.7293679303917389,2.0
3604.0,0.6839552451570418,2.0
3605.0,0.679214814267754,2.0
3606.0,0.6537074606113569,2.0
3607.0,0.626603011745668,2.0
3608.0,0.6032802215209859,2.0
3609.0,0.5490093975715391,2.0
3610.0,0.49803818075707085,2.0
3611.0,0.4617691047276856,2.0
3612.0,0.4411018752522051,2.0
3613.0,0.40452796315067496,2.0
3614.0,0.3558121411577262,2.0
3615.0,0.3331335768543026,2.0
3616.0,0.31795732516467745,2.0
3617.0,0.27276143027854316,2.0
3618.0,0.2720538473755527,2.0
3619.0,0.2659316204184967,2.0
3620.0,0.27733954275603623,2.0
3621.0,0.2691768109578152,2.0
3622.0,0.2363845816857007,2.0
3623.0,0.23454352433019063,2.0
3624.0,0.23348429814649896,2.0
3625.0,0.23300387610560885,2.0
3626.0,0.19769950948603054,2.0
3627.0,0.1764337750931746,2.0
3628.0,0.18048406899305858,2.0
3629.0,0.19061441375518834,2.0
3630.0,0.17866491302047643,2.0
3631.0,0.16111555006371153,2.0
3632.0,0.15921981949223862,2.0
3633.0,0.16184817140447527,2.0
3634.0,0.14725259004998947,0.0
3635.0,0.630663045726307,2.0
3636.0,0.6190889172768386,2.0
3637.0,0.599283537052977,2.0
3638.0,0.5687851611959658,2.0
3639.0,0.5206957009589548,2.0
3640.0,0.4755774901042155,2.0
3641.0,0.44108500176272447,2.0
3642.0,0.41685411331330563,2.0
3643.0,0.3924481982616964,2.0
3644.0,0.3754011273556518,2.0
3645.0,0.3630753169368981,2.0
3646.0,0.3239549549009237,2.0
3647.0,0.28680731871561876,2.0
3648.0,0.2572529775063132,2.0
3649.0,0.234190878318621,2.0
3650.0,0.23350460071394125,2.0
3651.0,0.23493274423066363,2.0
3652.0,0.23654114917658198,2.0
3653.0,0.21317492882947026,2.0
3654.0,0.21718878745795117,2.0
3655.0,0.19681147331786075,2.0
3656.0,0.18751273215255368,2.0
3657.0,0.18993611387138126,2.0
3658.0,0.19242114124705478,2.0
3659.0,0.19447763873318386,2.0
3660.0,0.18300523818038264,2.0
3661.0,0.17428244962184414,2.0
3662.0,0.17324263770485163,2.0
3663.0,0.16751424626887967,2.0
3664.0,0.16469996012293875,2.0
3665.0,0.16602103234598461,2.0
3666.0,0.16848808416137384,2.0
3667.0,0.17150839338980878,2.0
3668.0,0.17550781893142506,2.0
3669.0,0.16782966615439243,2.0
3670.0,0.1594203082779393,2.0
3671.0,0.1551602636849323,2.0
3672.0,0.15354997741517437,2.0
3673.0,0.15641679704133427,2.0
3674.0,0.15860980644723438,2.0
3675.0,0.16460394069850653,2.0
3676.0,0.15412194607660412,2.0
3677.0,0.14331215595755964,1.0
3678.0,0.19371096360274864,2.0
3679.0,0.182455600253427,2.0
3680.0,0.19247573336887136,2.0
3681.0,0.18493349790462338,2.0
3682.0,0.15643833020961423,2.0
3683.0,0.14093643625877905,1.0
3684.0,0.16607189578225895,2.0
3685.0,0.16277491844774328,2.0
3686.0,0.14357135828132594,1.0
3687.0,0.179972333299177,2.0
3688.0,0.1744175996504784,2.0
3689.0,0.1721625116632083,2.0
3690.0,0.1475878056719589,0.0
3691.0,0.627287168177176,2.0
3692.0,0.6069178402112945,2.0
3693.0,0.5613226194148084,2.0
3694.0,0.5390894477681796,2.0
3695.0,0.500673241865663,2.0
3696.0,0.4656050101658019,2.0
3697.0,0.42394091996221295,2.0
3698.0,0.40445440585520526,2.0
3699.0,0.37713850034675706,2.0
3700.0,0.3403618741247446,2.0
3701.0,0.3077077656471198,2.0
3702.0,0.2894984819237284,2.0
3703.0,0.2764952292070977,2.0
3704.0,0.26964564721207734,2.0
3705.0,0.2390821158312185,2.0
3706.0,0.23589370346458155,2.0
3707.0,0.2365610186093382,2.0
3708.0,0.20606583002748924,2.0
3709.0,0.19371169367439225,2.0
3710.0,0.17888417986043104,2.0
3711.0,0.1759952971193504,2.0
3712.0,0.1758969591071195,2.0
3713.0,0.18070929944733724,2.0
3714.0,0.18161463747733836,2.0
3715.0,0.16189379424087624,2.0
3716.0,0.15262440678805392,2.0
3717.0,0.15305019035790668,2.0
3718.0,0.15612571693654603,2.0
3719.0,0.15730552849095708,2.0
3720.0,0.1590896498562649,2.0
3721.0,0.1453887840056246,1.0
3722.0,0.17580406822234076,2.0
3723.0,0.1556577728410966,2.0
3724.0,0.1456772095289176,1.0
3725.0,0.17805368499833052,2.0
3726.0,0.1761112910873786,2.0
3727.0,0.1700594406384645,2.0
3728.0,0.16979364105426542,2.0
3729.0,0.16706626569722,2.0
3730.0,0.14412584757921648,1.0
3731.0,0.13569044512508222,0.0
3732.0,0.7110440598759405,2.0
3733.0,0.6606580455033636,2.0
3734.0,0.6227283011558173,2.0
3735.0,0.6296647064386564,2.0
3736.0,0.6172561439344019,2.0
3737.0,0.5856233337633392,2.0
3738.0,0.5413661551422828,2.0
3739.0,0.4889570235586895,2.0
3740.0,0.4332936961557439,2.0
3741.0,0.3860557673883339,2.0
3742.0,0.3471651140826096,2.0
3743.0,0.30891586152508654,2.0
3744.0,0.2793222819276408,2.0
3745.0,0.25856886586046723,2.0
3746.0,0.23087941180670984,2.0
3747.0,0.22209418099455008,2.0
3748.0,0.20735979410874128,2.0
3749.0,0.19212439295046396,2.0
3750.0,0.19207595594109625,2.0
3751.0,0.18345528979726589,2.0
3752.0,0.17490352130510847,2.0
3753.0,0.16747038303836503,2.0
3754.0,0.16922910309956135,2.0
3755.0,0.1594128731382991,2.0
3756.0,0.15576203610858214,2.0
3757.0,0.16323885205606495,2.0
3758.0,0.1638504779084108,2.0
3759.0,0.1615594515472587,2.0
3760.0,0.16354402321442374,2.0
3761.0,0.16936803098294928,2.0
3762.0,0.17139933642781865,2.0
3763.0,0.15541365784849892,2.0
3764.0,0.14663023520572638,0.0
3765.0,0.4327645767032978,2.0
3766.0,0.3934078328753483,2.0
3767.0,0.3506497457967559,2.0
3768.0,0.3194392439141268,2.0
3769.0,0.29183431837962803,2.0
3770.0,0.26960807510735485,2.0
3771.0,0.2526167925655935,2.0
3772.0,0.22209307162477826,2.0
3773.0,0.21466815808753575,2.0
3774.0,0.19740211196498528,2.0
3775.0,0.19220269048859237,2.0
3776.0,0.1764661523576842,2.0
3777.0,0.17068057385713298,2.0
3778.0,0.1647610042994792,2.0
3779.0,0.16136406983155716,2.0
3780.0,0.1597027320415983,2.0
3781.0,0.15322648476203668,2.0
3782.0,0.15335355476198592,2.0
3783.0,0.15158690698733754,2.0
3784.0,0.15545269455212035,2.0
3785.0,0.14850524089816716,0.0
3786.0,0.6108178648835638,2.0
3787.0,0.5821659284049374,2.0
3788.0,0.5548156291780346,2.0
3789.0,0.5212555741858227,2.0
3790.0,0.471345013424173,2.0
3791.0,0.4288155130287063,2.0
3792.0,0.3904730962129723,2.0
3793.0,0.343838249399816,2.0
3794.0,0.3315801873239535,2.0
3795.0,0.29961276127857067,2.0
3796.0,0.2638557955866115,2.0
3797.0,0.2554053756186628,2.0
3798.0,0.2473761427811655,2.0
3799.0,0.21386647312285584,2.0
3800.0,0.18994319855935077,2.0
3801.0,0.17492022434523186,2.0
3802.0,0.17184016135315314,2.0
3803.0,0.16966239521519288,2.0
3804.0,0.17136741309137543,2.0
3805.0,0.1728692934212815,2.0
3806.0,0.1617954007049781,2.0
3807.0,0.16450916414311761,2.0
3808.0,0.16637609060452463,2.0
3809.0,0.15550195475969855,2.0
3810.0,0.15141114136164413,2.0
3811.0,0.15255275051984096,2.0
3812.0,0.1536952596230055,2.0
3813.0,0.1549628284565411,2.0
3814.0,0.14657076759370063,1.0
3815.0,0.18002035004263328,2.0
3816.0,0.1787435472418949,2.0
3817.0,0.15472863032918932,2.0
3818.0,0.16256262327974377,2.0
3819.0,0.16429187821790853,2.0
3820.0,0.1657016405926969,2.0
3821.0,0.17509111929671484,2.0
3822.0,0.17140349170573832,2.0
3823.0,0.16797064591685298,2.0
3824.0,0.17321069820406493,2.0
3825.0,0.17033246676129643,2.0
3826.0,0.16907173366189265,2.0
3827.0,0.16748347544528025,2.0
3828.0,0.16622585879472596,2.0
3829.0,0.15030027476608132,2.0
3830.0,0.14156565994798992,1.0
3831.0,0.1939393118006943,2.0
3832.0,0.18394029070062756,2.0
3833.0,0.1594816367956985,2.0
3834.0,0.14514203689094213,1.0
3835.0,0.16448006018451217,2.0
3836.0,0.1611873349339134,2.0
3837.0,0.1397004365384476,1.0
3838.0,0.2133313702391268,2.0
3839.0,0.19455465728202664,2.0
3840.0,0.16679384281552262,2.0
3841.0,0.1474681169703009,1.0
3842.0,0.14186378811961178,1.0
3843.0,0.18715993922315416,2.0
3844.0,0.17473217093664745,2.0
3845.0,0.15312854880358356,2.0
3846.0,0.13963732357213066,1.0
3847.0,0.1413084738112929,1.0
3848.0,0.14095983276110902,1.0
3849.0,0.13004787291972225,0.0
3850.0,0.6592324861966887,2.0
3851.0,0.6052936648523277,2.0
3852.0,0.6028463789360359,2.0
3853.0,0.5776178896194811,2.0
3854.0,0.5398296074786297,2.0
3855.0,0.49338993704475725,2.0
3856.0,0.4477314978341663,2.0
3857.0,0.4070043219178887,2.0
3858.0,0.37960594303907924,2.0
3859.0,0.33405262636758626,2.0
3860.0,0.3136000131464461,2.0
3861.0,0.27296478581169026,2.0
3862.0,0.24409538055043162,2.0
3863.0,0.22020402850549498,2.0
3864.0,0.22298001537246895,2.0
3865.0,0.20707422815962456,2.0
3866.0,0.19420134587841872,2.0
3867.0,0.18811779369237785,2.0
3868.0,0.18188068101397514,2.0
3869.0,0.16823603605225912,2.0
3870.0,0.16400909956489013,2.0
3871.0,0.15520646879740618,2.0
3872.0,0.15318594946737052,2.0
3873.0,0.15768400130665294,2.0
3874.0,0.1528971085432766,2.0
3875.0,0.14802700833346233,1.0
3876.0,0.16509367116429152,2.0
3877.0,0.15556903586419363,2.0
3878.0,0.1537770692677804,2.0
3879.0,0.14700783952920143,1.0
3880.0,0.1755674519515692,2.0
3881.0,0.16904274432881095,2.0
3882.0,0.15961310624285163,2.0
3883.0,0.1675064350557149,2.0
3884.0,0.15363060736847017,2.0
3885.0,0.1441639735513255,1.0
3886.0,0.16962898760699138,2.0
3887.0,0.18490917179637026,2.0
3888.0,0.1718938365326078,2.0
3889.0,0.1472015287226395,1.0
3890.0,0.14261855008214377,0.0
3891.0,0.6652471373066221,2.0
3892.0,0.6079500816017849,2.0
3893.0,0.5637168143400135,2.0
3894.0,0.5090533727705592,2.0
3895.0,0.45683014732912586,2.0
3896.0,0.409573644791403,2.0
3897.0,0.3567186327612574,2.0
3898.0,0.3264728120812666,2.0
3899.0,0.2892507297845161,2.0
3900.0,0.2565357391046898,2.0
3901.0,0.24524454475998764,2.0
3902.0,0.21676903747257076,2.0
3903.0,0.21222087228193282,2.0
3904.0,0.19162961074484208,2.0
3905.0,0.17940505341716828,2.0
3906.0,0.17706835678023092,2.0
3907.0,0.1779683330123332,2.0
3908.0,0.1781322063248829,2.0
3909.0,0.1794815076405555,2.0
3910.0,0.18165251983306238,2.0
3911.0,0.18329156850935371,2.0
3912.0,0.17205580430815176,2.0
3913.0,0.17576747612037902,2.0
3914.0,0.160671985085523,2.0
3915.0,0.16257483326300365,2.0
3916.0,0.16641381739930533,2.0
3917.0,0.1723920654076844,2.0
3918.0,0.15656944014890223,2.0
3919.0,0.15772870050422216,2.0
3920.0,0.1606976996303574,2.0
3921.0,0.16366952539605495,2.0
3922.0,0.1484278498359095,1.0
3923.0,0.20749282339929226,2.0
3924.0,0.18518688592741817,2.0
3925.0,0.16736544518779778,2.0
3926.0,0.16071977982380437,2.0
3927.0,0.1482054227304684,0.0
3928.0,0.35388741575518906,2.0
3929.0,0.32595361889171387,2.0
3930.0,0.2881912971830514,2.0
3931.0,0.27077911136972793,2.0
3932.0,0.2572923525779537,2.0
3933.0,0.22561596846949775,2.0
3934.0,0.20477292351703388,2.0
3935.0,0.19327015083445784,2.0
3936.0,0.18561681951054193,2.0
3937.0,0.17714675391161727,2.0
3938.0,0.17318029903005047,2.0
3939.0,0.16760029821965622,2.0
3940.0,0.16565235632740521,2.0
3941.0,0.16843334646862246,2.0
3942.0,0.1623623435373966,2.0
3943.0,0.15606997005335893,2.0
3944.0,0.1557553180465091,2.0
3945.0,0.15377519789249472,2.0
3946.0,0.1550603293547959,2.0
3947.0,0.14440304501706575,1.0
3948.0,0.17919004783794423,2.0
3949.0,0.16429579113178266,2.0
3950.0,0.15221535298069777,2.0
3951.0,0.14640586820780221,0.0
3952.0,0.6442134887043595,2.0
3953.0,0.6186349790914438,2.0
3954.0,0.5880793040781618,2.0
3955.0,0.5748932026828886,2.0
3956.0,0.533231461860106,2.0
3957.0,0.4845946121042022,2.0
3958.0,0.4341873928288653,2.0
3959.0,0.3891481599319436,2.0
3960.0,0.35401323852798683,2.0
3961.0,0.34456844465148395,2.0
3962.0,0.30444695183407977,2.0
3963.0,0.29095652630430235,2.0
3964.0,0.275153462989525,2.0
3965.0,0.23822750130002207,2.0
3966.0,0.21584422004927775,2.0
3967.0,0.19755820275567296,2.0
3968.0,0.19475080318769578,2.0
3969.0,0.1808802048272412,2.0
3970.0,0.18627748295473967,2.0
3971.0,0.19278180944997508,2.0
3972.0,0.16890535117990524,2.0
3973.0,0.17574128913485104,2.0
3974.0,0.1815472250869892,2.0
3975.0,0.1623205306760721,2.0
3976.0,0.15070268554757843,2.0
3977.0,0.1583477505126471,2.0
3978.0,0.16919479438973048,2.0
3979.0,0.1605049013962987,2.0
3980.0,0.1517690887696096,2.0
3981.0,0.1486496001978429,1.0
3982.0,0.1591368250337199,2.0
3983.0,0.15030363629154583,2.0
3984.0,0.1467134792225663,1.0
3985.0,0.18442037700869968,2.0
3986.0,0.16047062779813814,2.0
3987.0,0.14226709582045355,1.0
3988.0,0.21404415356329629,2.0
3989.0,0.1877937771872277,2.0
3990.0,0.1713044650195731,2.0
3991.0,0.1613022518038857,2.0
3992.0,0.1424373127306836,1.0
3993.0,0.16628803156711564,2.0
3994.0,0.1648074009914498,2.0
3995.0,0.14441299991661702,1.0
3996.0,0.14716551148828175,1.0
3997.0,0.15734720403556451,2.0
3998.0,0.14161796315164166,1.0
3999.0,0.2207304806123327,2.0
4000.0,0.19531177676941916,2.0
4001.0,0.17830761695219577,2.0
4002.0,0.1652849588169315,2.0
4003.0,0.15460452850253614,2.0
4004.0,0.14390419192214138,0.0
4005.0,0.5530424463696673,2.0
4006.0,0.5159726272101126,2.0
4007.0,0.4619641585542438,2.0
4008.0,0.4636652240651343,2.0
4009.0,0.4109622168809932,2.0
4010.0,0.36727888010337295,2.0
4011.0,0.319600242174128,2.0
4012.0,0.29227857504803134,2.0
4013.0,0.2602367380849465,2.0
4014.0,0.2298643435891587,2.0
4015.0,0.20993349014864482,2.0
4016.0,0.20947569785404352,2.0
4017.0,0.1955522925701627,2.0
4018.0,0.1874819241618776,2.0
4019.0,0.19289179188175282,2.0
4020.0,0.18355740968331996,2.0
4021.0,0.17269242841277188,2.0
4022.0,0.15762675139303006,2.0
4023.0,0.15775942408754545,2.0
4024.0,0.15831286180701382,2.0
4025.0,0.15228278353708205,2.0
4026.0,0.14833629399402765,1.0
4027.0,0.16032762845048337,2.0
4028.0,0.1463118765731577,1.0
4029.0,0.16170205340515964,2.0
4030.0,0.1612684303783053,2.0
4031.0,0.15947104541586543,2.0
4032.0,0.1494730859481929,1.0
4033.0,0.18108653295129518,2.0
4034.0,0.17080420664850024,2.0
4035.0,0.16177462523093333,2.0
4036.0,0.14399512125794728,1.0
4037.0,0.1461889593454131,1.0
4038.0,0.15638319184677213,2.0
4039.0,0.13701820968535217,1.0
4040.0,0.1474509987354565,1.0
4041.0,0.1535311014730186,2.0
4042.0,0.15653457755131994,2.0
4043.0,0.1522027817650021,2.0
4044.0,0.14590221482899376,1.0
4045.0,0.1292239140731425,1.0
4046.0,0.15103140180263522,2.0
4047.0,0.1406454253385795,0.0
4048.0,0.40513802103243124,2.0
4049.0,0.3511359338646616,2.0
4050.0,0.3246169943919394,2.0
4051.0,0.27678975642128156,2.0
4052.0,0.25334304597951535,2.0
4053.0,0.24005245607967143,2.0
4054.0,0.2318296984807322,2.0
4055.0,0.19482057888019816,2.0
4056.0,0.17047373057234774,2.0
4057.0,0.1659793550958863,2.0
4058.0,0.16263273183770288,2.0
4059.0,0.14632812985903815,0.0
4060.0,0.47073631358420076,2.0
4061.0,0.4208721320047737,2.0
4062.0,0.3775045444788123,2.0
4063.0,0.33570112552839737,2.0
4064.0,0.3107741756620331,2.0
4065.0,0.2930727756662578,2.0
4066.0,0.26295890968266505,2.0
4067.0,0.24917964832057385,2.0
4068.0,0.23368069114086953,2.0
4069.0,0.21371563646903047,2.0
4070.0,0.20862227379805706,2.0
4071.0,0.1994134871280388,2.0
4072.0,0.20208039107117856,2.0
4073.0,0.19534014185862741,2.0
4074.0,0.17802057199197802,2.0
4075.0,0.17700032922325934,2.0
4076.0,0.17492387279827099,2.0
4077.0,0.17599079827964095,2.0
4078.0,0.17311451692132812,2.0
4079.0,0.15682680843101676,2.0
4080.0,0.1629990912720144,2.0
4081.0,0.17074702371482592,2.0
4082.0,0.15978362888584285,2.0
4083.0,0.15854279088064666,2.0
4084.0,0.15409252600142367,2.0
4085.0,0.14061513304977608,1.0
4086.0,0.1652868026895732,2.0
4087.0,0.157232979388235,2.0
4088.0,0.15175310740787024,2.0
4089.0,0.14731975785765639,0.0
4090.0,0.6271544493996789,2.0
4091.0,0.5891489856572684,2.0
4092.0,0.5537720964104121,2.0
4093.0,0.5290131341858384,2.0
4094.0,0.49980618716289815,2.0
4095.0,0.463181554472316,2.0
4096.0,0.4276497954776296,2.0
4097.0,0.41202965146422793,2.0
4098.0,0.3991990013470842,2.0
4099.0,0.3838550617654318,2.0
4100.0,0.34088894250691393,2.0
4101.0,0.31026201140353377,2.0
4102.0,0.27747096990955067,2.0
4103.0,0.2517925040091388,2.0
4104.0,0.25299297486912553,2.0
4105.0,0.23245143242835564,2.0
4106.0,0.22315733310074037,2.0
4107.0,0.20592442356381968,2.0
4108.0,0.20562852109170965,2.0
4109.0,0.21085691544612797,2.0
4110.0,0.21683890952107138,2.0
4111.0,0.20100322041890614,2.0
4112.0,0.18986985204984227,2.0
4113.0,0.18160350959339305,2.0
4114.0,0.17995385603516723,2.0
4115.0,0.17182281485129414,2.0
4116.0,0.17114932532946509,2.0
4117.0,0.1652156464956065,2.0
4118.0,0.16521763540317955,2.0
4119.0,0.1653596965629251,2.0
4120.0,0.17028462748283874,2.0
4121.0,0.17383245547929285,2.0
4122.0,0.1712164887015561,2.0
4123.0,0.16554391960725315,2.0
4124.0,0.16727045974010685,2.0
4125.0,0.1590193735816332,2.0
4126.0,0.15908530884276406,2.0
4127.0,0.1578503897205666,2.0
4128.0,0.158690035694982,2.0
4129.0,0.16163964598202707,2.0
4130.0,0.16682816055063152,2.0
4131.0,0.16927889951794106,2.0
4132.0,0.16849005074690837,2.0
4133.0,0.16075324200978064,2.0
4134.0,0.15293802825086028,2.0
4135.0,0.152121930469808,2.0
4136.0,0.14648422999133554,1.0
4137.0,0.23077325999421788,2.0
4138.0,0.216840019126406,2.0
4139.0,0.21591180123271908,2.0
4140.0,0.18272225963216843,2.0
4141.0,0.16400218621232354,2.0
4142.0,0.16598072310157952,2.0
4143.0,0.15258085179624942,2.0
4144.0,0.15792600144873128,2.0
4145.0,0.14756293917072055,1.0
4146.0,0.21358713606107982,2.0
4147.0,0.18871910744147924,2.0
4148.0,0.19049352788067248,2.0
4149.0,0.1841776172484011,2.0
4150.0,0.18639796749638982,2.0
4151.0,0.18094009902620567,2.0
4152.0,0.17880764510310537,2.0
4153.0,0.15663449915719418,2.0
4154.0,0.14369904942565853,1.0
4155.0,0.18698986504432863,2.0
4156.0,0.16266842728698072,2.0
4157.0,0.15665982259503253,2.0
4158.0,0.1587703445150923,2.0
4159.0,0.15988523317440934,2.0
4160.0,0.14572914205400284,0.0
4161.0,0.5039860359352304,2.0
4162.0,0.46326595728894976,2.0
4163.0,0.4337777057663451,2.0
4164.0,0.40023805808891794,2.0
4165.0,0.3612981343851989,2.0
4166.0,0.33501157932150094,2.0
4167.0,0.29691049832591176,2.0
4168.0,0.28410790081707205,2.0
4169.0,0.2717288212826124,2.0
4170.0,0.24407573904155655,2.0
4171.0,0.21888723308389396,2.0
4172.0,0.21237239389901064,2.0
4173.0,0.20976619733505836,2.0
4174.0,0.18416103750082674,2.0
4175.0,0.17392599077507478,2.0
4176.0,0.17212519950839733,2.0
4177.0,0.17135520665030948,2.0
4178.0,0.1723336528387464,2.0
4179.0,0.1753030662864405,2.0
4180.0,0.16003765338621478,2.0
4181.0,0.16176552698731095,2.0
4182.0,0.16267438344277138,2.0
4183.0,0.15322212988952677,2.0
4184.0,0.15487677899748453,2.0
4185.0,0.15607283132325772,2.0
4186.0,0.15871507538173965,2.0
4187.0,0.15105102858438796,2.0
4188.0,0.15646239035893816,2.0
4189.0,0.1406660015903078,1.0
4190.0,0.16962469657216742,2.0
4191.0,0.1490577809313231,1.0
4192.0,0.201649649824178,2.0
4193.0,0.1795220352435089,2.0
4194.0,0.17224919722879184,2.0
4195.0,0.15031476870178498,2.0
4196.0,0.13689455716089297,0.0
4197.0,0.3281772483232978,2.0
4198.0,0.294551209334905,2.0
4199.0,0.26973896977008965,2.0
4200.0,0.23734742354164373,2.0
4201.0,0.21769059434664928,2.0
4202.0,0.2046261894103935,2.0
4203.0,0.20230062454658068,2.0
4204.0,0.201293330684695,2.0
4205.0,0.1998320204995616,2.0
4206.0,0.1942448471878741,2.0
4207.0,0.19063422050485365,2.0
4208.0,0.16450787132022565,2.0
4209.0,0.1467341526177957,1.0
4210.0,0.20508936996155833,2.0
4211.0,0.19270037253742134,2.0
4212.0,0.19173294308577615,2.0
4213.0,0.1596582556814562,2.0
4214.0,0.1383031944638666,1.0
4215.0,0.14541272855802004,1.0
4216.0,0.15882946603891396,2.0
4217.0,0.14124194952259617,1.0
4218.0,0.15635524371652515,2.0
4219.0,0.13607519773348564,1.0
4220.0,0.1500906973499149,2.0
4221.0,0.14152179422416863,0.0
4222.0,0.6345002177868683,2.0
4223.0,0.60361830011349,2.0
4224.0,0.5591165079257634,2.0
4225.0,0.5262499652172339,2.0
4226.0,0.4869698426030272,2.0
4227.0,0.4555587414271254,2.0
4228.0,0.424496519360094,2.0
4229.0,0.3884266938231062,2.0
4230.0,0.3483276580975625,2.0
4231.0,0.304863177031771,2.0
4232.0,0.289203108522884,2.0
4233.0,0.25033831132532186,2.0
4234.0,0.2384681465009867,2.0
4235.0,0.23719887921810862,2.0
4236.0,0.21980828312936607,2.0
4237.0,0.19681297454471286,2.0
4238.0,0.18769951693829895,2.0
4239.0,0.18702124943413162,2.0
4240.0,0.16892574390266304,2.0
4241.0,0.16673663522779653,2.0
4242.0,0.16420059568564543,2.0
4243.0,0.14331868643327927,1.0
4244.0,0.18531031499762257,2.0
4245.0,0.1724744300904975,2.0
4246.0,0.16842270707591772,2.0
4247.0,0.1497236323495388,1.0
4248.0,0.1753310880109517,2.0
4249.0,0.16122199658853464,2.0
4250.0,0.14182815366724683,1.0
4251.0,0.13368380482293488,1.0
4252.0,0.1313795719567987,0.0
4253.0,0.4418062965912126,2.0
4254.0,0.41164055454324977,2.0
4255.0,0.38244947792179196,2.0
4256.0,0.360286581252587,2.0
4257.0,0.3512943606908231,2.0
4258.0,0.3093206381044108,2.0
4259.0,0.2952203209757084,2.0
4260.0,0.28286266122472425,2.0
4261.0,0.24858514123874895,2.0
4262.0,0.22205446828257805,2.0
4263.0,0.20210801949259094,2.0
4264.0,0.18778208220232,2.0
4265.0,0.17884928814832096,2.0
4266.0,0.18411303109914914,2.0
4267.0,0.17796378859536743,2.0
4268.0,0.157094375579561,2.0
4269.0,0.15509336016126624,2.0
4270.0,0.1399664075435898,0.0
4271.0,0.5089580844071919,2.0
4272.0,0.4609357249328059,2.0
4273.0,0.40602053272102046,2.0
4274.0,0.35792485597577217,2.0
4275.0,0.3276308374554262,2.0
4276.0,0.30506591240798786,2.0
4277.0,0.2598686971228629,2.0
4278.0,0.22341659550262935,2.0
4279.0,0.2144103687922034,2.0
4280.0,0.1842200950461693,2.0
4281.0,0.16860290593676291,2.0
4282.0,0.15199258162849366,2.0
4283.0,0.14570379211535955,1.0
4284.0,0.17831603647736646,2.0
4285.0,0.15553312089597163,2.0
4286.0,0.14967799671568416,1.0
4287.0,0.2252432055339325,2.0
4288.0,0.20072532030050189,2.0
4289.0,0.1761215415443715,2.0
4290.0,0.1610251815881111,2.0
4291.0,0.1442056709177355,1.0
4292.0,0.1370085309025686,1.0
4293.0,0.14185543289380764,0.0
4294.0,0.4658279453163341,2.0
4295.0,0.4099647105347247,2.0
4296.0,0.37747518509772954,2.0
4297.0,0.3318564382136549,2.0
4298.0,0.30399031537158555,2.0
4299.0,0.2691541817468991,2.0
4300.0,0.2453513038841898,2.0
4301.0,0.229015590933012,2.0
4302.0,0.20058008708371552,2.0
4303.0,0.18558991904967193,2.0
4304.0,0.17402274788080035,2.0
4305.0,0.16880417802445002,2.0
4306.0,0.17327027366097753,2.0
4307.0,0.15434387096853486,2.0
4308.0,0.1503612142622507,2.0
4309.0,0.16410162764703698,2.0
4310.0,0.1529085211395245,2.0
4311.0,0.16083164912443257,2.0
4312.0,0.15649763496589408,2.0
4313.0,0.1502457697571391,2.0
4314.0,0.14585388932810728,1.0
4315.0,0.16152759349485085,2.0
4316.0,0.14278056104352885,1.0
4317.0,0.14609348684440301,1.0
4318.0,0.1233433312028047,1.0
4319.0,0.1311792266213629,1.0
4320.0,0.12651360709430803,1.0
4321.0,0.47531692640286594,2.0
4322.0,0.41748271101484413,2.0
4323.0,0.36720415433799775,2.0
4324.0,0.31780608534527643,2.0
4325.0,0.27787839292208494,2.0
4326.0,0.23300877974931988,2.0
4327.0,0.1940367896129741,2.0
4328.0,0.18752018325250497,2.0
4329.0,0.17489828405950203,2.0
4330.0,0.16781175868976714,2.0
4331.0,0.1486315664156147,1.0
4332.0,0.13449849337857833,1.0
4333.0,0.12496006086405001,1.0
4334.0,0.1350331635437143,1.0
4335.0,0.11718747370606465,1.0
4336.0,0.2314707056874676,2.0
4337.0,0.19988958929888562,2.0
4338.0,0.16668317546251193,2.0
4339.0,0.159756198557377,2.0
4340.0,0.14544399954200604,1.0
4341.0,0.24123360169780214,2.0
4342.0,0.20569373949152941,2.0
4343.0,0.178339731067437,2.0
4344.0,0.16177258344316245,2.0
4345.0,0.1482975282006591,1.0
4346.0,0.1297550208683682,1.0
4347.0,0.12294755861678194,1.0
4348.0,0.11783377351939212,1.0
4349.0,0.16329650838102344,2.0
4350.0,0.14449175583815718,1.0
4351.0,0.12030028957925705,1.0
4352.0,0.12781377937307922,1.0
4353.0,0.14121296609485265,1.0
4354.0,0.16100669505572146,2.0
4355.0,0.14521526581833516,1.0
4356.0,0.13136330543936892,1.0
4357.0,0.10493202683019512,1.0
4358.0,0.14490313840749475,1.0
4359.0,0.13450849267030277,1.0
4360.0,0.15072068338794767,2.0
4361.0,0.13502147803563486,1.0
4362.0,0.13305493014094638,1.0
4363.0,0.1708499936625294,2.0
4364.0,0.15515566775841927,2.0
4365.0,0.14264601520678988,1.0
4366.0,0.13601379212802683,1.0
4367.0,0.15046989804613908,2.0
4368.0,0.1350739788342092,1.0
4369.0,0.17698773657962613,2.0
4370.0,0.16025933730044511,2.0
4371.0,0.14350629961994457,1.0
4372.0,0.15964175894079186,2.0
4373.0,0.13608233383555896,1.0
4374.0,0.10888501824734462,1.0
4375.0,0.14136184191073914,1.0
4376.0,0.11863708258726255,1.0
4377.0,0.15306148285905863,2.0
4378.0,0.13649546919434255,1.0
4379.0,0.1421118501021082,0.0
4380.0,0.7126227017790392,2.0
4381.0,0.6952261841139213,2.0
4382.0,0.6533343788411936,2.0
4383.0,0.6357902662995268,2.0
4384.0,0.5979511715178478,2.0
4385.0,0.5629856488875096,2.0
4386.0,0.5419948301785178,2.0
4387.0,0.5520936940212692,2.0
4388.0,0.5080424346948254,2.0
4389.0,0.4629020407631467,2.0
4390.0,0.41387525378128726,2.0
4391.0,0.3675791212611961,2.0
4392.0,0.32727781983800286,2.0
4393.0,0.29840068933341085,2.0
4394.0,0.2678905343911907,2.0
4395.0,0.24382430199078295,2.0
4396.0,0.2310094797348029,2.0
4397.0,0.20785534009827888,2.0
4398.0,0.20238804441848002,2.0
4399.0,0.18528749084667587,2.0
4400.0,0.1795400926905394,2.0
4401.0,0.16815066481904895,2.0
4402.0,0.1600891413933497,2.0
4403.0,0.15095799332550527,2.0
4404.0,0.146424211646511,1.0
4405.0,0.1846021713160385,2.0
4406.0,0.15950703176402742,2.0
4407.0,0.156700894198024,2.0
4408.0,0.136169108861718,1.0
4409.0,0.2699937871412804,2.0
4410.0,0.22649711150434082,2.0
4411.0,0.19209286750249202,2.0
4412.0,0.16898000211059389,2.0
4413.0,0.146335392072965,1.0
4414.0,0.15749062474322706,2.0
4415.0,0.13294406116204752,0.0
4416.0,0.6324555922619831,2.0
4417.0,0.5948692125571302,2.0
4418.0,0.5593249483853919,2.0
4419.0,0.5182142071580181,2.0
4420.0,0.47991415477670746,2.0
4421.0,0.43161133323635786,2.0
4422.0,0.4122546141049067,2.0
4423.0,0.37766024770700657,2.0
4424.0,0.3284780995771859,2.0
4425.0,0.28615095864187245,2.0
4426.0,0.2768907240598709,2.0
4427.0,0.23881826506394926,2.0
4428.0,0.2334525272501345,2.0
4429.0,0.23837670111900472,2.0
4430.0,0.20756750241675664,2.0
4431.0,0.21053892720301132,2.0
4432.0,0.18282436449678435,2.0
4433.0,0.16629532120152474,2.0
4434.0,0.15995074817852545,2.0
4435.0,0.15415174169871654,2.0
4436.0,0.14948331875966997,0.0
4437.0,0.5362113769915546,2.0
4438.0,0.4963407164881834,2.0
4439.0,0.4616603148132694,2.0
4440.0,0.4337332922155376,2.0
4441.0,0.398873139165255,2.0
4442.0,0.3778433650220913,2.0
4443.0,0.3259192037301789,2.0
4444.0,0.31617568516324235,2.0
4445.0,0.2767413416544894,2.0
4446.0,0.2435053680195443,2.0
4447.0,0.23573206595659296,2.0
4448.0,0.2075102244510999,2.0
4449.0,0.20907072043704586,2.0
4450.0,0.18537579761710915,2.0
4451.0,0.1865118455863332,2.0
4452.0,0.18922695947033039,2.0
4453.0,0.19581858978419106,2.0
4454.0,0.19831610536238542,2.0
4455.0,0.2001782490985211,2.0
4456.0,0.18138847270490838,2.0
4457.0,0.1684136175824219,2.0
4458.0,0.16944450604011657,2.0
4459.0,0.15236566168504861,2.0
4460.0,0.14230220943555233,1.0
4461.0,0.18039084641372927,2.0
4462.0,0.1549747016449656,2.0
4463.0,0.13688996672179965,1.0
4464.0,0.19105166740019375,2.0
4465.0,0.16793628893174586,2.0
4466.0,0.15261959495682192,2.0
4467.0,0.14232206598391245,1.0
4468.0,0.18004045863907325,2.0
4469.0,0.16924310513135493,2.0
4470.0,0.1485955738114299,0.0
4471.0,0.6579096920976114,2.0
4472.0,0.6271504801749594,2.0
4473.0,0.6195934904119107,2.0
4474.0,0.5887296866206027,2.0
4475.0,0.5450746330654646,2.0
4476.0,0.506548534395838,2.0
4477.0,0.4628447200854522,2.0
4478.0,0.41611550703961664,2.0
4479.0,0.3935653016201998,2.0
4480.0,0.3618482900403774,2.0
4481.0,0.3137103106231402,2.0
4482.0,0.3027398766022889,2.0
4483.0,0.2649435067033673,2.0
4484.0,0.238038180865967,2.0
4485.0,0.2149618018509331,2.0
4486.0,0.21084562352655917,2.0
4487.0,0.20649269756252708,2.0
4488.0,0.20894009011981785,2.0
4489.0,0.2094581927266436,2.0
4490.0,0.21207231981064958,2.0
4491.0,0.1857354124646354,2.0
4492.0,0.18663144657876093,2.0
4493.0,0.17377068754925845,2.0
4494.0,0.17448857815964405,2.0
4495.0,0.1542804055180926,2.0
4496.0,0.15875401450570104,2.0
4497.0,0.16404869768511965,2.0
4498.0,0.16528226358568504,2.0
4499.0,0.17000252553095707,2.0
4500.0,0.14953428156796797,1.0
4501.0,0.15391980453012652,2.0
4502.0,0.1379734096300116,1.0
4503.0,0.16909011648279215,2.0
4504.0,0.1459423840022427,1.0
4505.0,0.1565346314892364,2.0
4506.0,0.13872426127526277,1.0
4507.0,0.16350517367359563,2.0
4508.0,0.14718186638311692,0.0
4509.0,0.5392044648216032,2.0
4510.0,0.4965723622600701,2.0
4511.0,0.45276655195825466,2.0
4512.0,0.41808401835126524,2.0
4513.0,0.37305689355131666,2.0
4514.0,0.3448949192133227,2.0
4515.0,0.32249856816342676,2.0
4516.0,0.3083520614405047,2.0
4517.0,0.26885861134240086,2.0
4518.0,0.26182396354503606,2.0
4519.0,0.23107811146444907,2.0
4520.0,0.22911701100685844,2.0
4521.0,0.2115064857940777,2.0
4522.0,0.20975883971272608,2.0
4523.0,0.2117565287835913,2.0
4524.0,0.21124625540059036,2.0
4525.0,0.18782176724990085,2.0
4526.0,0.1888438059084705,2.0
4527.0,0.16824644200706018,2.0
4528.0,0.15832987892245395,2.0
4529.0,0.15250495606168352,2.0
4530.0,0.15235612449677766,2.0
4531.0,0.14851983165940924,1.0
4532.0,0.18520752852053715,2.0
4533.0,0.16106567518219617,2.0
4534.0,0.14537340394523046,1.0
4535.0,0.1834853101638187,2.0
4536.0,0.17728471434300253,2.0
4537.0,0.15291464167485216,2.0
4538.0,0.14538451719140993,1.0
4539.0,0.1503672927969656,2.0
4540.0,0.13486146953518635,1.0
4541.0,0.14223907167834834,1.0
4542.0,0.12667359818892476,0.0
4543.0,0.6436166893617712,2.0
4544.0,0.6191925660782718,2.0
4545.0,0.6001643600190585,2.0
4546.0,0.5657749945105798,2.0
4547.0,0.5690366816923441,2.0
4548.0,0.5324725824224941,2.0
4549.0,0.5129396452651969,2.0
4550.0,0.4821931482343908,2.0
4551.0,0.4498137451916428,2.0
4552.0,0.4140870189003023,2.0
4553.0,0.3898601282760527,2.0
4554.0,0.39186330721702517,2.0
4555.0,0.3748445452265796,2.0
4556.0,0.32997098864266516,2.0
4557.0,0.3242694344285422,2.0
4558.0,0.3214087761706921,2.0
4559.0,0.2753555088941213,2.0
4560.0,0.23869536834128974,2.0
4561.0,0.24134176727656045,2.0
4562.0,0.22011542144877516,2.0
4563.0,0.21774945718462985,2.0
4564.0,0.2031159323037217,2.0
4565.0,0.18219964440825637,2.0
4566.0,0.17603927932331387,2.0
4567.0,0.17099010484041774,2.0
4568.0,0.1672957040783917,2.0
4569.0,0.16964961877148468,2.0
4570.0,0.1568747647546977,2.0
4571.0,0.14973204554682523,1.0
4572.0,0.2586164681813664,2.0
4573.0,0.2197846531614029,2.0
4574.0,0.24584419871269747,2.0
4575.0,0.20580100816409486,2.0
4576.0,0.1903872705140636,2.0
4577.0,0.1793289587968252,2.0
4578.0,0.1581752348957408,2.0
4579.0,0.16618336946094397,2.0
4580.0,0.16127021849166484,2.0
4581.0,0.14276155404054172,1.0
4582.0,0.21940002859108648,2.0
4583.0,0.20736485981417163,2.0
4584.0,0.1809740052921157,2.0
4585.0,0.1646868081972464,2.0
4586.0,0.1443538410246255,1.0
4587.0,0.1739858683169594,2.0
4588.0,0.1729576841219276,2.0
4589.0,0.15635027098559046,2.0
4590.0,0.1376261405212747,1.0
4591.0,0.14709336227871217,1.0
4592.0,0.14322363290239498,1.0
4593.0,0.18735961604605247,2.0
4594.0,0.17278816157427596,2.0
4595.0,0.1495979514085259,1.0
4596.0,0.15120749331615568,2.0
4597.0,0.12964036349845118,1.0
4598.0,0.120609505967823,1.0
4599.0,0.12967678335838378,1.0
4600.0,0.12286983509108557,1.0
4601.0,0.11551113022906738,1.0
4602.0,0.15930651609474603,2.0
4603.0,0.14406851539807686,1.0
4604.0,0.11382721688674088,1.0
4605.0,0.12241029259115473,1.0
4606.0,0.12202146705637257,1.0
4607.0,0.13077974727102618,0.0
4608.0,0.4445248160688745,2.0
4609.0,0.4093348392250348,2.0
4610.0,0.3770766192502215,2.0
4611.0,0.3335766725861575,2.0
4612.0,0.289300898638205,2.0
4613.0,0.2693902436212748,2.0
4614.0,0.23175995371583635,2.0
4615.0,0.2057705570392394,2.0
4616.0,0.19041652718189642,2.0
4617.0,0.18208481948799046,2.0
4618.0,0.16901656994018233,2.0
4619.0,0.15845252079663097,2.0
4620.0,0.15518176623550692,2.0
4621.0,0.15191637514301595,2.0
4622.0,0.1378872935724899,1.0
4623.0,0.2239295169970329,2.0
4624.0,0.19920182734703726,2.0
4625.0,0.1845123819422387,2.0
4626.0,0.17701105577071763,2.0
4627.0,0.15864412943397296,2.0
4628.0,0.1535946211791377,2.0
4629.0,0.1488586583515303,1.0
4630.0,0.17854868984816932,2.0
4631.0,0.15769039379159333,2.0
4632.0,0.15021759195954817,2.0
4633.0,0.1361226270257505,1.0
4634.0,0.14568933598797248,1.0
4635.0,0.15091377253138694,2.0
4636.0,0.13907564895311958,1.0
4637.0,0.21793690458164616,2.0
4638.0,0.19470681413430574,2.0
4639.0,0.17863832999594198,2.0
4640.0,0.16963335963470916,2.0
4641.0,0.16706274082491374,2.0
4642.0,0.14653071828698672,1.0
4643.0,0.12803570471282938,1.0
4644.0,0.12065671647160298,0.0
4645.0,0.6460775799481153,2.0
4646.0,0.6018712437247364,2.0
4647.0,0.5800341988753415,2.0
4648.0,0.5374641990647225,2.0
4649.0,0.4993151114601281,2.0
4650.0,0.4760537318084259,2.0
4651.0,0.44787279991112916,2.0
4652.0,0.42558488876272016,2.0
4653.0,0.38306843935891377,2.0
4654.0,0.3701618644056276,2.0
4655.0,0.32213271480397276,2.0
4656.0,0.27820033625554336,2.0
4657.0,0.27744573950639473,2.0
4658.0,0.24070808597339652,2.0
4659.0,0.21413312897776837,2.0
4660.0,0.19075013145809766,2.0
4661.0,0.17840899351323009,2.0
4662.0,0.17275484630503024,2.0
4663.0,0.17139169456214293,2.0
4664.0,0.17460039100875857,2.0
4665.0,0.18281373658139483,2.0
4666.0,0.19853674514642428,2.0
4667.0,0.20640421540256998,2.0
4668.0,0.19193920125713304,2.0
4669.0,0.1673977852168359,2.0
4670.0,0.16714249839884096,2.0
4671.0,0.14743193488685116,1.0
4672.0,0.16346471912250002,2.0
4673.0,0.14823680500196051,0.0
4674.0,0.6698961528993164,2.0
4675.0,0.6651261005615123,2.0
4676.0,0.6508060964662374,2.0
4677.0,0.6011160354669682,2.0
4678.0,0.5791881902503355,2.0
4679.0,0.5528203763505158,2.0
4680.0,0.5065237941798935,2.0
4681.0,0.4659238501060996,2.0
4682.0,0.4255424355496138,2.0
4683.0,0.39373273161821365,2.0
4684.0,0.35246403799941184,2.0
4685.0,0.309643566020228,2.0
4686.0,0.30846483893491994,2.0
4687.0,0.2967990105454198,2.0
4688.0,0.26240506305628586,2.0
4689.0,0.26807018033694996,2.0
4690.0,0.2697341900161653,2.0
4691.0,0.2442511742989952,2.0
4692.0,0.24211790635844793,2.0
4693.0,0.24241193032277508,2.0
4694.0,0.2145612993324349,2.0
4695.0,0.22668082849295784,2.0
4696.0,0.2042909385570784,2.0
4697.0,0.21243618265560704,2.0
4698.0,0.21324207352947872,2.0
4699.0,0.2162754302009106,2.0
4700.0,0.23047511072174431,2.0
4701.0,0.20685975558788378,2.0
4702.0,0.18719900150291635,2.0
4703.0,0.18936793370730504,2.0
4704.0,0.20182903591420417,2.0
4705.0,0.2030412590011021,2.0
4706.0,0.18212995356882486,2.0
4707.0,0.18420837461023232,2.0
4708.0,0.18551640895233573,2.0
4709.0,0.16997952517424994,2.0
4710.0,0.17241959708090177,2.0
4711.0,0.16003179426775252,2.0
4712.0,0.16152405936230727,2.0
4713.0,0.16439569164276457,2.0
4714.0,0.1551150119113851,2.0
4715.0,0.15806511897002481,2.0
4716.0,0.16056947872254804,2.0
4717.0,0.15166649486168027,2.0
4718.0,0.15792105330769252,2.0
4719.0,0.1701174174172786,2.0
4720.0,0.15804797691443295,2.0
4721.0,0.15258132339955116,2.0
4722.0,0.15102021756732492,2.0
4723.0,0.15505125868806144,2.0
4724.0,0.1456162652166308,1.0
4725.0,0.2580409060899663,2.0
4726.0,0.24612021158854536,2.0
4727.0,0.22134689393902063,2.0
4728.0,0.18586876135511454,2.0
4729.0,0.1634290309285214,2.0
4730.0,0.1510328316152209,2.0
4731.0,0.14393038027502447,1.0
4732.0,0.1729006911828741,2.0
4733.0,0.15347444975847468,2.0
4734.0,0.1548490865201302,2.0
4735.0,0.1411718874584864,1.0
4736.0,0.1580281904027345,2.0
4737.0,0.15484601257672415,2.0
4738.0,0.14983385917841166,1.0
4739.0,0.15634737839720622,2.0
4740.0,0.1384437698729928,1.0
4741.0,0.13795806722745826,1.0
4742.0,0.1816208379389724,2.0
4743.0,0.16005494279886784,2.0
4744.0,0.15267864545693466,2.0
4745.0,0.1391594587048336,1.0
4746.0,0.1462079773787871,1.0
4747.0,0.15012408166661598,2.0
4748.0,0.1512339035216852,2.0
4749.0,0.131863435398877,0.0
4750.0,0.6747402590197654,2.0
4751.0,0.6636231766321441,2.0
4752.0,0.6128711959846943,2.0
4753.0,0.5906929371518456,2.0
4754.0,0.5622171759782596,2.0
4755.0,0.5151843167982514,2.0
4756.0,0.4968041141000451,2.0
4757.0,0.46114018121307027,2.0
4758.0,0.42384805256065133,2.0
4759.0,0.4014428537037581,2.0
4760.0,0.3683228522133234,2.0
4761.0,0.34948926649200623,2.0
4762.0,0.314351063087068,2.0
4763.0,0.3117254753010288,2.0
4764.0,0.30419927116552764,2.0
4765.0,0.2978417195498618,2.0
4766.0,0.29747707182391725,2.0
4767.0,0.2567938988279794,2.0
4768.0,0.2289043644483992,2.0
4769.0,0.2319614959750791,2.0
4770.0,0.20352391339445502,2.0
4771.0,0.20711060591004438,2.0
4772.0,0.21144764382602887,2.0
4773.0,0.2138625160570679,2.0
4774.0,0.2233315268906631,2.0
4775.0,0.2317360865388829,2.0
4776.0,0.23722260517491964,2.0
4777.0,0.2382023894002423,2.0
4778.0,0.20423378944986248,2.0
4779.0,0.1837947989369419,2.0
4780.0,0.18717495656860622,2.0
4781.0,0.1718134701363892,2.0
4782.0,0.17641262016271778,2.0
4783.0,0.16493285378529807,2.0
4784.0,0.15620228478576503,2.0
4785.0,0.1521752321317411,2.0
4786.0,0.14685789332910854,1.0
4787.0,0.18726531456718037,2.0
4788.0,0.16972515161164148,2.0
4789.0,0.17349553710439392,2.0
4790.0,0.16059924247984975,2.0
4791.0,0.16367208497467464,2.0
4792.0,0.162740970708469,2.0
4793.0,0.1465322247229351,1.0
4794.0,0.21051252495809974,2.0
4795.0,0.20208385336641788,2.0
4796.0,0.1683467611244405,2.0
4797.0,0.14428917824242488,1.0
4798.0,0.1827299344720724,2.0
4799.0,0.15499442296679583,2.0
4800.0,0.13922991772739884,0.0
4801.0,0.49060476245961393,2.0
4802.0,0.43458202732835116,2.0
4803.0,0.39099155648333683,2.0
4804.0,0.3490608167393832,2.0
4805.0,0.31365519901042394,2.0
4806.0,0.2688669164249561,2.0
4807.0,0.2419783115030708,2.0
4808.0,0.2241305436617379,2.0
4809.0,0.21339868009737437,2.0
4810.0,0.1837531427965488,2.0
4811.0,0.17788830669499608,2.0
4812.0,0.18017102705607146,2.0
4813.0,0.15717864901821138,2.0
4814.0,0.1393329848911479,1.0
4815.0,0.1805564642898947,2.0
4816.0,0.1690535359321851,2.0
4817.0,0.1529995392140336,2.0
4818.0,0.1465254249948817,1.0
4819.0,0.16852455421600598,2.0
4820.0,0.1492271188364628,1.0
4821.0,0.16776930133029472,2.0
4822.0,0.1621287441848539,2.0
4823.0,0.15881815327561444,2.0
4824.0,0.13757907813620368,1.0
4825.0,0.157052309387208,2.0
4826.0,0.15779435437783232,2.0
4827.0,0.15145029938823462,2.0
4828.0,0.1328074889911904,1.0
4829.0,0.15183780905300265,2.0
4830.0,0.1332574113004661,1.0
4831.0,0.1553632322239137,2.0
4832.0,0.1559398368700493,2.0
4833.0,0.15139636239928345,2.0
4834.0,0.1511631477002251,2.0
4835.0,0.149890142870159,1.0
4836.0,0.2221184833612473,2.0
4837.0,0.18768199304896854,2.0
4838.0,0.1669768927163311,2.0
4839.0,0.15273755584477586,2.0
4840.0,0.13749137703349082,0.0
4841.0,0.6367386766962292,2.0
4842.0,0.5922059631170051,2.0
4843.0,0.5733793217347234,2.0
4844.0,0.5442854482966308,2.0
4845.0,0.5279817281734083,2.0
4846.0,0.5052575864981405,2.0
4847.0,0.5023086045009456,2.0
4848.0,0.5020277141206839,2.0
4849.0,0.46601862863959315,2.0
4850.0,0.44051247680803174,2.0
4851.0,0.40177795124507587,2.0
4852.0,0.36667939114844283,2.0
4853.0,0.3264731169025774,2.0
4854.0,0.2884246432528434,2.0
4855.0,0.266098012555964,2.0
4856.0,0.26069405879299057,2.0
4857.0,0.22881922900875137,2.0
4858.0,0.23123692810926047,2.0
4859.0,0.2033744110511766,2.0
4860.0,0.1952367215202555,2.0
4861.0,0.18198767263893126,2.0
4862.0,0.1761146397781293,2.0
4863.0,0.17194484390566026,2.0
4864.0,0.15996180222555786,2.0
4865.0,0.1566364501038149,2.0
4866.0,0.15813485525692184,2.0
4867.0,0.16467816926529566,2.0
4868.0,0.15630903991777526,2.0
4869.0,0.15250628285779408,2.0
4870.0,0.14859037514932688,1.0
4871.0,0.2239802551676479,2.0
4872.0,0.19105391251425632,2.0
4873.0,0.1839565849790735,2.0
4874.0,0.17397698797849345,2.0
4875.0,0.1764008714643691,2.0
4876.0,0.1719616687490887,2.0
4877.0,0.16986412602381046,2.0
4878.0,0.16872715898946117,2.0
4879.0,0.14450577801329167,1.0
4880.0,0.1706651219301586,2.0
4881.0,0.17277029391375692,2.0
4882.0,0.17294769230312076,2.0
4883.0,0.17612443528327812,2.0
4884.0,0.1723715664867435,2.0
4885.0,0.1459193659208865,1.0
4886.0,0.20505650888034216,2.0
4887.0,0.19215046154153798,2.0
4888.0,0.18913543109353198,2.0
4889.0,0.15931860307702483,2.0
4890.0,0.14220207546719987,1.0
4891.0,0.16712897039909844,2.0
4892.0,0.14881681115076145,1.0
4893.0,0.14783165727601472,1.0
4894.0,0.17256765551314418,2.0
4895.0,0.1605035041959364,2.0
4896.0,0.15771173000358685,2.0
4897.0,0.154245327799095,2.0
4898.0,0.15309930094973417,2.0
4899.0,0.13331872686220964,0.0
4900.0,0.6556274488427098,2.0
4901.0,0.6091270777408918,2.0
4902.0,0.566864796561899,2.0
4903.0,0.5126266433544453,2.0
4904.0,0.46975332490974864,2.0
4905.0,0.4287765224087715,2.0
4906.0,0.3777698941171051,2.0
4907.0,0.3548516836960861,2.0
4908.0,0.3344932683023862,2.0
4909.0,0.3178207099681052,2.0
4910.0,0.30135840097124145,2.0
4911.0,0.2568724953917625,2.0
4912.0,0.2622401218631323,2.0
4913.0,0.2543796659592537,2.0
4914.0,0.24887461750918333,2.0
4915.0,0.2504152790550652,2.0
4916.0,0.20994414604116837,2.0
4917.0,0.21053429296575427,2.0
4918.0,0.18299877501762415,2.0
4919.0,0.19136823747870563,2.0
4920.0,0.16733386233276226,2.0
4921.0,0.16869469035464296,2.0
4922.0,0.14871652608195635,1.0
4923.0,0.19620547255645235,2.0
4924.0,0.17544339110587495,2.0
4925.0,0.16362197472690956,2.0
4926.0,0.1528036735175599,2.0
4927.0,0.15623537568666424,2.0
4928.0,0.14481669866508318,1.0
4929.0,0.21844715815374355,2.0
4930.0,0.20711647926046314,2.0
4931.0,0.1739127236314798,2.0
4932.0,0.14455718283827174,1.0
4933.0,0.15469040512685173,2.0
4934.0,0.15104174962861178,2.0
4935.0,0.13122191166168407,1.0
4936.0,0.17388333475308343,2.0
4937.0,0.14679151026221207,1.0
4938.0,0.1908178573707016,2.0
4939.0,0.1737568383245211,2.0
4940.0,0.143555269593661,1.0
4941.0,0.14933434185210892,0.0
4942.0,0.7075544019742437,2.0
4943.0,0.6607543814262021,2.0
4944.0,0.6055421072320586,2.0
4945.0,0.5602432320686285,2.0
4946.0,0.5154190957918454,2.0
4947.0,0.4784176330019978,2.0
4948.0,0.44896869134150386,2.0
4949.0,0.4241511982708258,2.0
4950.0,0.3916806923362483,2.0
4951.0,0.34619211153346996,2.0
4952.0,0.33569964899783655,2.0
4953.0,0.2858470356282339,2.0
4954.0,0.24682684359477353,2.0
4955.0,0.21588591279572916,2.0
4956.0,0.22245338504148726,2.0
4957.0,0.19982075679106104,2.0
4958.0,0.19485948792254176,2.0
4959.0,0.1803083873773195,2.0
4960.0,0.16658905191596968,2.0
4961.0,0.16323059563022968,2.0
4962.0,0.16429319012368773,2.0
4963.0,0.1576062676315525,2.0
4964.0,0.1568646451689123,2.0
4965.0,0.15905878238869278,2.0
4966.0,0.1652913498613957,2.0
4967.0,0.17291354131036824,2.0
4968.0,0.17879213528955543,2.0
4969.0,0.15742737526358896,2.0
4970.0,0.16651591692803264,2.0
4971.0,0.15160760952819075,2.0
4972.0,0.14791404563579036,1.0
4973.0,0.17533079159224718,2.0
4974.0,0.1656399099915963,2.0
4975.0,0.16317451243379139,2.0
4976.0,0.1512675034063608,2.0
4977.0,0.1467878233772314,1.0
4978.0,0.2391533368039736,2.0
4979.0,0.2071945831449081,2.0
4980.0,0.1900599781197786,2.0
4981.0,0.16199777236597288,2.0
4982.0,0.1459809296899727,1.0
4983.0,0.23790103243704205,2.0
4984.0,0.19945320342807493,2.0
4985.0,0.1864207617309202,2.0
4986.0,0.17509136975476547,2.0
4987.0,0.1517101329896799,2.0
4988.0,0.13480758415495042,1.0
4989.0,0.16199786162914426,2.0
4990.0,0.141370312907321,1.0
4991.0,0.16543382990588262,2.0
4992.0,0.15718769591090012,2.0
4993.0,0.16317366059802368,2.0
4994.0,0.1380241140007413,1.0
4995.0,0.16930161647825653,2.0
4996.0,0.15761208285812894,2.0
4997.0,0.1457673826220387,1.0
4998.0,0.13658625603267294,0.0
4999.0,0.6034894956986159,2.0
5000.0,0.5499715893466788,2.0
5001.0,0.4962320714680638,2.0
5002.0,0.43996004503548747,2.0
5003.0,0.3853453708434642,2.0
5004.0,0.33762831741009725,2.0
5005.0,0.28211538515603735,2.0
5006.0,0.2646798726401267,2.0
5007.0,0.24067700208457632,2.0
5008.0,0.20302810506296895,2.0
5009.0,0.17759820604640197,2.0
5010.0,0.16498205980737374,2.0
5011.0,0.15692609830586338,2.0
5012.0,0.15582884903389838,2.0
5013.0,0.14196519232968802,1.0
5014.0,0.16695634883673047,2.0
5015.0,0.1495354241357339,1.0
5016.0,0.1441023077407913,1.0
5017.0,0.15537521598120266,2.0
5018.0,0.14685415825082063,1.0
5019.0,0.14171102369618685,1.0
5020.0,0.1327184632793333,1.0
5021.0,0.12868923519650133,1.0
5022.0,0.1387117512080418,1.0
5023.0,0.21946540636033435,2.0
5024.0,0.18745515517609618,2.0
5025.0,0.16929247503473005,2.0
5026.0,0.15500820449014682,2.0
5027.0,0.14757976557323393,1.0
5028.0,0.19658109600414644,2.0
5029.0,0.16955341700532836,2.0
5030.0,0.16006075087127258,2.0
5031.0,0.15414709782352087,2.0
5032.0,0.1378474424701183,1.0
5033.0,0.1963386326899677,2.0
5034.0,0.16284771944245446,2.0
5035.0,0.15052381901238165,2.0
5036.0,0.14963508188630026,1.0
5037.0,0.1385887604839032,1.0
5038.0,0.1947444624253556,2.0
5039.0,0.1723178605731607,2.0
5040.0,0.14947793733800716,1.0
5041.0,0.1647534812346257,2.0
5042.0,0.14317465499458115,1.0
5043.0,0.14362938181686158,1.0
5044.0,0.1418821628317955,0.0
5045.0,0.7382443322562139,2.0
5046.0,0.7295672576263244,2.0
5047.0,0.7174907003878999,2.0
5048.0,0.7141946683776089,2.0
5049.0,0.6953251415370849,2.0
5050.0,0.6789487371989731,2.0
5051.0,0.6348037215619331,2.0
5052.0,0.5857616943019601,2.0
5053.0,0.5376063928096215,2.0
5054.0,0.5047306688733739,2.0
5055.0,0.47342975047924096,2.0
5056.0,0.44222760274826073,2.0
5057.0,0.41668575917476613,2.0
5058.0,0.4016072667024799,2.0
5059.0,0.35731760330383455,2.0
5060.0,0.3399742241239907,2.0
5061.0,0.2916776626228421,2.0
5062.0,0.28500733635637565,2.0
5063.0,0.2835878066614704,2.0
5064.0,0.2807428955467832,2.0
5065.0,0.24514286820611242,2.0
5066.0,0.2505636865894801,2.0
5067.0,0.2213649584795081,2.0
5068.0,0.19509258760920783,2.0
5069.0,0.19375705199618576,2.0
5070.0,0.17797873974556294,2.0
5071.0,0.17036107689010127,2.0
5072.0,0.16773736616219254,2.0
5073.0,0.17788160365422462,2.0
5074.0,0.16252863638251597,2.0
5075.0,0.1588098039653354,2.0
5076.0,0.15154125196371526,2.0
5077.0,0.15146000185976138,2.0
5078.0,0.15666801317366807,2.0
5079.0,0.1586344642986773,2.0
5080.0,0.15893250748312904,2.0
5081.0,0.16037079299186796,2.0
5082.0,0.15181659880812393,2.0
5083.0,0.1539026633475252,2.0
5084.0,0.14068843097889894,0.0
5085.0,0.6375888093877856,2.0
5086.0,0.6376532704159243,2.0
5087.0,0.6198517761971147,2.0
5088.0,0.5892930234993395,2.0
5089.0,0.5724705753527384,2.0
5090.0,0.5322357517149929,2.0
5091.0,0.4991005652564649,2.0
5092.0,0.4687644798467192,2.0
5093.0,0.4252350407666079,2.0
5094.0,0.3835272424280385,2.0
5095.0,0.3510206199641523,2.0
5096.0,0.3184135541135714,2.0
5097.0,0.30076814547365627,2.0
5098.0,0.28117560097628086,2.0
5099.0,0.2620223860232618,2.0
5100.0,0.24265168080009522,2.0
5101.0,0.22591212638308641,2.0
5102.0,0.2175586280052368,2.0
5103.0,0.20775118329990963,2.0
5104.0,0.19644949409001805,2.0
5105.0,0.18460709021108845,2.0
5106.0,0.18179899383683706,2.0
5107.0,0.17638114251535106,2.0
5108.0,0.17557207888408505,2.0
5109.0,0.16423082749145718,2.0
5110.0,0.16550417309260368,2.0
5111.0,0.1530044530164721,2.0
5112.0,0.14810086506317238,1.0
5113.0,0.1623216863616433,2.0
5114.0,0.16232286004232482,2.0
5115.0,0.1632255824207759,2.0
5116.0,0.14529533971045197,1.0
5117.0,0.18220306585195464,2.0
5118.0,0.19281767794998517,2.0
5119.0,0.16887769526568164,2.0
5120.0,0.15670203258208004,2.0
5121.0,0.15068989053525247,2.0
5122.0,0.1445146484871504,1.0
5123.0,0.16727352719035016,2.0
5124.0,0.16299278211993645,2.0
5125.0,0.15876363991493186,2.0
5126.0,0.14972779909292566,0.0
5127.0,0.4695521266886401,2.0
5128.0,0.4496919466806253,2.0
5129.0,0.40633955803036004,2.0
5130.0,0.3901253198476755,2.0
5131.0,0.34864988558382304,2.0
5132.0,0.33007059304448394,2.0
5133.0,0.2940625520750405,2.0
5134.0,0.2572988294492228,2.0
5135.0,0.24522307284080325,2.0
5136.0,0.2382263950056327,2.0
5137.0,0.23357564895898913,2.0
5138.0,0.2289099388898207,2.0
5139.0,0.20118086645489514,2.0
5140.0,0.202293922764387,2.0
5141.0,0.17677429504442022,2.0
5142.0,0.17661233383011032,2.0
5143.0,0.1759427686939441,2.0
5144.0,0.15101745037140435,2.0
5145.0,0.15133599923904645,2.0
5146.0,0.14070267045353893,1.0
5147.0,0.24280166949496979,2.0
5148.0,0.2086018899835756,2.0
5149.0,0.18188341537524078,2.0
5150.0,0.1894788001647586,2.0
5151.0,0.1697112780214663,2.0
5152.0,0.1568359044256006,2.0
5153.0,0.14108206034553483,1.0
5154.0,0.24843339513319584,2.0
5155.0,0.22224181855070535,2.0
5156.0,0.19392438125896655,2.0
5157.0,0.1775673657795293,2.0
5158.0,0.1518838315945329,2.0
5159.0,0.1433685933126611,1.0
5160.0,0.14510555413636939,1.0
5161.0,0.20524378126544107,2.0
5162.0,0.17851441700705528,2.0
5163.0,0.1779256417151723,2.0
5164.0,0.1670377179336076,2.0
5165.0,0.14471345810306568,0.0
5166.0,0.7081204689583078,2.0
5167.0,0.696621409428426,2.0
5168.0,0.6574054127334659,2.0
5169.0,0.6067854624029145,2.0
5170.0,0.5508819036947914,2.0
5171.0,0.512536209331372,2.0
5172.0,0.47979502628752535,2.0
5173.0,0.4363690178607104,2.0
5174.0,0.3970645316821916,2.0
5175.0,0.3654125960809822,2.0
5176.0,0.3180818434890275,2.0
5177.0,0.2705924672399562,2.0
5178.0,0.23984897245412737,2.0
5179.0,0.21427413080395447,2.0
5180.0,0.19665630416812951,2.0
5181.0,0.1882202881842541,2.0
5182.0,0.18456630104802746,2.0
5183.0,0.1690781858803695,2.0
5184.0,0.17230604381227888,2.0
5185.0,0.16384080072462415,2.0
5186.0,0.16105230649082797,2.0
5187.0,0.15958363847556528,2.0
5188.0,0.1575871158444241,2.0
5189.0,0.15541982924820424,2.0
5190.0,0.1470660657676725,1.0
5191.0,0.16542480906232931,2.0
5192.0,0.17019482980536232,2.0
5193.0,0.16936846696776225,2.0
5194.0,0.1660635551526311,2.0
5195.0,0.1642440752585022,2.0
5196.0,0.16714526231319396,2.0
5197.0,0.1667973059797263,2.0
5198.0,0.16926854216672005,2.0
5199.0,0.17313662429833854,2.0
5200.0,0.1703877599178728,2.0
5201.0,0.18064892665148985,2.0
5202.0,0.15245732682557678,2.0
5203.0,0.1680483028950567,2.0
5204.0,0.14751008390648096,1.0
5205.0,0.1886244963149771,2.0
5206.0,0.17486747905662645,2.0
5207.0,0.15409568246953023,2.0
5208.0,0.1474880180983031,1.0
5209.0,0.15618324262688515,2.0
5210.0,0.1359433322064441,1.0
5211.0,0.1477665357109998,1.0
5212.0,0.1460870977168801,1.0
5213.0,0.1793800703456383,2.0
5214.0,0.15727595429640961,2.0
5215.0,0.14499735779126935,1.0
5216.0,0.1549699533882255,2.0
5217.0,0.1364012306296544,1.0
5218.0,0.11966606835453847,1.0
5219.0,0.137165803819439,1.0
5220.0,0.1331121401970115,1.0
5221.0,0.15064785309410733,2.0
5222.0,0.15353417366372935,2.0
5223.0,0.131655274989412,1.0
5224.0,0.13448748205091787,1.0
5225.0,0.19022833923493138,2.0
5226.0,0.16779246887995852,2.0
5227.0,0.16474117578637004,2.0
5228.0,0.16355025249741495,2.0
5229.0,0.15014011733910892,2.0
5230.0,0.13199164652260137,1.0
5231.0,0.1325531981464645,1.0
5232.0,0.13703719802070857,1.0
5233.0,0.1568477698248555,2.0
5234.0,0.13802252514638635,1.0
5235.0,0.1159405603754278,1.0
5236.0,0.12846742219148666,1.0
5237.0,0.12224091189091726,1.0
5238.0,0.19269028911646305,2.0
5239.0,0.17611367086048685,2.0
5240.0,0.16568140215815286,2.0
5241.0,0.14905968479497395,1.0
5242.0,0.11359944535612354,1.0
5243.0,0.16280182918196062,2.0
5244.0,0.14430612440538765,1.0
5245.0,0.13995313323519443,1.0
5246.0,0.1324383817274632,1.0
5247.0,0.13960440877307817,1.0
5248.0,0.11621926241580247,1.0
5249.0,0.119139427361918,1.0
5250.0,0.13376199356816854,1.0
5251.0,0.11383951832998157,1.0
5252.0,0.11581086830654275,1.0
5253.0,0.12090017201218474,1.0
5254.0,0.10405160866733658,1.0
5255.0,0.11466818660309021,1.0
5256.0,0.10484643430570753,1.0
5257.0,0.13409844765970824,1.0
5258.0,0.11979278144800729,1.0
5259.0,0.18190748207283408,2.0
5260.0,0.15520221891609876,2.0
5261.0,0.15516293471341674,2.0
5262.0,0.13800344840396883,1.0
5263.0,0.12619179797556584,1.0
5264.0,0.11604485726312198,1.0
5265.0,0.12069526709290102,0.0
5266.0,0.5115318588460774,2.0
5267.0,0.46365984418413486,2.0
5268.0,0.4146630277608051,2.0
5269.0,0.35523751388035424,2.0
5270.0,0.3358126256096647,2.0
5271.0,0.2822582975799402,2.0
5272.0,0.26817099994667903,2.0
5273.0,0.2271396092204887,2.0
5274.0,0.218698092917973,2.0
5275.0,0.20124822640035966,2.0
5276.0,0.1883152363938948,2.0
5277.0,0.17373284203852596,2.0
5278.0,0.1547731187682777,2.0
5279.0,0.15160645305652076,2.0
5280.0,0.14270385516732495,0.0
5281.0,0.546509131552114,2.0
5282.0,0.4968684767329902,2.0
5283.0,0.44636295821955413,2.0
5284.0,0.39362823246796386,2.0
5285.0,0.3649147100130938,2.0
5286.0,0.3152428618066006,2.0
5287.0,0.3046878500807093,2.0
5288.0,0.2659139874922811,2.0
5289.0,0.2397262792752404,2.0
5290.0,0.23647740613470883,2.0
5291.0,0.21725658668128017,2.0
5292.0,0.2032213232189345,2.0
5293.0,0.20737471224054002,2.0
5294.0,0.2021735123397078,2.0
5295.0,0.17675879587671414,2.0
5296.0,0.1709126930511759,2.0
5297.0,0.1566359477300631,2.0
5298.0,0.14623195909838657,0.0
5299.0,0.6308135768654162,2.0
5300.0,0.6084204420335593,2.0
5301.0,0.5744549696556196,2.0
5302.0,0.5315364377741045,2.0
5303.0,0.49028281720953004,2.0
5304.0,0.44056215619594624,2.0
5305.0,0.3921504694693936,2.0
5306.0,0.350184569398149,2.0
5307.0,0.3246763972081752,2.0
5308.0,0.29912015755904253,2.0
5309.0,0.27627561704923853,2.0
5310.0,0.2651082895269427,2.0
5311.0,0.2567458735546386,2.0
5312.0,0.23514535439384354,2.0
5313.0,0.22087297138333345,2.0
5314.0,0.19911443824492825,2.0
5315.0,0.1893005134277295,2.0
5316.0,0.18836829124308557,2.0
5317.0,0.1733255686911821,2.0
5318.0,0.16895308135310658,2.0
5319.0,0.1580349932738701,2.0
5320.0,0.15133553577662123,2.0
5321.0,0.14402809139455378,1.0
5322.0,0.17398152805753758,2.0
5323.0,0.16758869701737744,2.0
5324.0,0.16420879900370966,2.0
5325.0,0.14666017482743465,1.0
5326.0,0.15094571662924172,2.0
5327.0,0.13164727509696433,1.0
5328.0,0.14519251551023502,1.0
5329.0,0.15764987891090027,2.0
5330.0,0.13760344412025277,1.0
5331.0,0.14290760963898833,1.0
5332.0,0.14654863668692572,1.0
5333.0,0.12739223117452525,1.0
5334.0,0.12830572452572886,1.0
5335.0,0.1263680384139102,1.0
5336.0,0.1288116636575855,0.0
5337.0,0.6935618485952921,2.0
5338.0,0.6498597891385445,2.0
5339.0,0.6513606380859427,2.0
5340.0,0.6278642195443629,2.0
5341.0,0.5842356306051314,2.0
5342.0,0.5642870565998737,2.0
5343.0,0.5359950992314454,2.0
5344.0,0.5001549532970613,2.0
5345.0,0.4641734546980308,2.0
5346.0,0.45006628021089157,2.0
5347.0,0.42605591743545945,2.0
5348.0,0.37895644236940884,2.0
5349.0,0.3644172721893544,2.0
5350.0,0.32060681013567627,2.0
5351.0,0.27847567725786615,2.0
5352.0,0.2436250731584163,2.0
5353.0,0.24341562364222005,2.0
5354.0,0.2443351783145525,2.0
5355.0,0.24450281525535067,2.0
5356.0,0.21203766713383365,2.0
5357.0,0.19205416129514308,2.0
5358.0,0.19169029104001778,2.0
5359.0,0.19298721086543408,2.0
5360.0,0.17738992607862228,2.0
5361.0,0.18058618120345638,2.0
5362.0,0.18286503468379714,2.0
5363.0,0.1861217288241354,2.0
5364.0,0.1644063798904028,2.0
5365.0,0.14866710885793166,1.0
5366.0,0.18173098050175132,2.0
5367.0,0.1802678591479009,2.0
5368.0,0.15776239778437845,2.0
5369.0,0.14294617929609313,1.0
5370.0,0.1621613940223494,2.0
5371.0,0.15518566591199934,2.0
5372.0,0.16342201499046338,2.0
5373.0,0.15399371374838144,2.0
5374.0,0.15378090198635297,2.0
5375.0,0.15069305308674474,2.0
5376.0,0.1298955448587168,1.0
5377.0,0.15040873676068983,2.0
5378.0,0.14645668004532203,0.0
5379.0,0.5523380220728962,2.0
5380.0,0.5178219557383216,2.0
5381.0,0.48399436088899755,2.0
5382.0,0.4551472787680796,2.0
5383.0,0.4071684516170353,2.0
5384.0,0.3762594343221786,2.0
5385.0,0.33031543772895766,2.0
5386.0,0.3105254518170718,2.0
5387.0,0.29805718867251496,2.0
5388.0,0.29063139858226184,2.0
5389.0,0.2836970719971602,2.0
5390.0,0.24241130539595607,2.0
5391.0,0.2114356352941439,2.0
5392.0,0.21218258640043464,2.0
5393.0,0.21269581691955092,2.0
5394.0,0.1950328487858197,2.0
5395.0,0.17936286329682438,2.0
5396.0,0.175732613179372,2.0
5397.0,0.17383650759057284,2.0
5398.0,0.16770642742207734,2.0
5399.0,0.15686848716441787,2.0
5400.0,0.1556116304168331,2.0
5401.0,0.15159380258779526,2.0
5402.0,0.15188573503981767,2.0
5403.0,0.14367025828534952,1.0
5404.0,0.18245992914055864,2.0
5405.0,0.17527273124273776,2.0
5406.0,0.1499003078288566,1.0
5407.0,0.1786059491628662,2.0
5408.0,0.15423888580927586,2.0
5409.0,0.15120222370980818,2.0
5410.0,0.14245222282981385,1.0
5411.0,0.21793277356630453,2.0
5412.0,0.18386492779518324,2.0
5413.0,0.17484927060846994,2.0
5414.0,0.18545977704672822,2.0
5415.0,0.18790729107585846,2.0
5416.0,0.18428309135314025,2.0
5417.0,0.1683111370302756,2.0
5418.0,0.15749076649738275,2.0
5419.0,0.13302008936949183,1.0
5420.0,0.15932816001776257,2.0
5421.0,0.14777092397823857,1.0
5422.0,0.12704058782551403,1.0
5423.0,0.13770651749611096,0.0
5424.0,0.6387207672297026,2.0
5425.0,0.6016291384190932,2.0
5426.0,0.5868746225734673,2.0
5427.0,0.5499471665697281,2.0
5428.0,0.5196450248586988,2.0
5429.0,0.48616714360097396,2.0
5430.0,0.4571963710360605,2.0
5431.0,0.4346727107159434,2.0
5432.0,0.40072066936110656,2.0
5433.0,0.38550215348347083,2.0
5434.0,0.3669138849968099,2.0
5435.0,0.3294010359560857,2.0
5436.0,0.3196357241833694,2.0
5437.0,0.3139450321788302,2.0
5438.0,0.27565541979165,2.0
5439.0,0.2825110325205261,2.0
5440.0,0.27925820154025693,2.0
5441.0,0.28223614137341946,2.0
5442.0,0.27828341066356466,2.0
5443.0,0.27982986012278876,2.0
5444.0,0.2807500602585624,2.0
5445.0,0.27916371404710716,2.0
5446.0,0.2777914092998368,2.0
5447.0,0.2577124074914131,2.0
5448.0,0.25922161175339115,2.0
5449.0,0.22792726694674637,2.0
5450.0,0.2027045899552021,2.0
5451.0,0.2042925651857851,2.0
5452.0,0.18547302851084335,2.0
5453.0,0.1874444143053514,2.0
5454.0,0.1737357866678131,2.0
5455.0,0.17269381161333694,2.0
5456.0,0.1677574784739599,2.0
5457.0,0.1649372231704193,2.0
5458.0,0.1674117823875117,2.0
5459.0,0.15522161770239928,2.0
5460.0,0.1501262463591353,2.0
5461.0,0.1469487068141766,1.0
5462.0,0.1956626669805015,2.0
5463.0,0.18943221019750917,2.0
5464.0,0.1643121865458222,2.0
5465.0,0.16196723811145936,2.0
5466.0,0.14489279331878352,1.0
5467.0,0.18174811112017814,2.0
5468.0,0.17581514308153012,2.0
5469.0,0.1598214249382416,2.0
5470.0,0.15236588590298894,2.0
5471.0,0.14490803672899716,1.0
5472.0,0.18667035999705073,2.0
5473.0,0.16910462409051524,2.0
5474.0,0.15320361453186873,2.0
5475.0,0.14749793339444123,1.0
5476.0,0.17621873308444252,2.0
5477.0,0.16069600326029482,2.0
5478.0,0.13885081611574396,1.0
5479.0,0.15249345522428262,2.0
5480.0,0.13284050773318867,1.0
5481.0,0.13057590782208478,1.0
5482.0,0.1463441142140155,1.0
5483.0,0.11926629327189045,0.0
5484.0,0.6964258996232482,2.0
5485.0,0.6856014267490784,2.0
5486.0,0.6313602740603371,2.0
5487.0,0.6187717653801721,2.0
5488.0,0.5581217760666378,2.0
5489.0,0.5351307934502813,2.0
5490.0,0.485841793774334,2.0
5491.0,0.44158263269140496,2.0
5492.0,0.39979708860703317,2.0
5493.0,0.36865819967967084,2.0
5494.0,0.3272265809751979,2.0
5495.0,0.27897008283980795,2.0
5496.0,0.24818855210911078,2.0
5497.0,0.23473383753586619,2.0
5498.0,0.20632754082621313,2.0
5499.0,0.2122653875280061,2.0
5500.0,0.2074102826169263,2.0
5501.0,0.20629056369563756,2.0
5502.0,0.18073111295829353,2.0
5503.0,0.16098498120070798,2.0
5504.0,0.15649444025882908,2.0
5505.0,0.155859572696879,2.0
5506.0,0.15583144442642405,2.0
5507.0,0.15893397077364466,2.0
5508.0,0.15976976077635457,2.0
5509.0,0.159831868532361,2.0
5510.0,0.16018668091070198,2.0
5511.0,0.14206813342645513,1.0
5512.0,0.20233301947843538,2.0
5513.0,0.18454130208482275,2.0
5514.0,0.16333575849877618,2.0
5515.0,0.16227565499319435,2.0
5516.0,0.17436240306073864,2.0
5517.0,0.15043082418224296,2.0
5518.0,0.13550777683324927,1.0
5519.0,0.14362921995554903,0.0
5520.0,0.6780982328789931,2.0
5521.0,0.6294815361982865,2.0
5522.0,0.5891833026685966,2.0
5523.0,0.5385179072298708,2.0
5524.0,0.5106178747671593,2.0
5525.0,0.4674139617071056,2.0
5526.0,0.4301398773714455,2.0
5527.0,0.40263907433539925,2.0
5528.0,0.3563633460120476,2.0
5529.0,0.31069997739048993,2.0
5530.0,0.28268997701774023,2.0
5531.0,0.24511712357817467,2.0
5532.0,0.23874707164055603,2.0
5533.0,0.21341285829267254,2.0
5534.0,0.18995668181311315,2.0
5535.0,0.18238876741761162,2.0
5536.0,0.1752884219929897,2.0
5537.0,0.17068076096820084,2.0
5538.0,0.16572543766898115,2.0
5539.0,0.1597281320471431,2.0
5540.0,0.15859826155779566,2.0
5541.0,0.153443162634221,2.0
5542.0,0.15369383813274845,2.0
5543.0,0.15132106306365511,2.0
5544.0,0.14980447111691594,1.0
5545.0,0.19309422872328827,2.0
5546.0,0.19337720818032905,2.0
5547.0,0.16676588018002458,2.0
5548.0,0.1489601124603467,1.0
5549.0,0.17638184590430844,2.0
5550.0,0.15373431441265004,2.0
5551.0,0.15244118305059437,2.0
5552.0,0.15209749622514562,2.0
5553.0,0.13626714790750638,1.0
5554.0,0.1676305492782641,2.0
5555.0,0.16022108664423848,2.0
5556.0,0.14626805411675953,0.0
5557.0,0.44164702755440105,2.0
5558.0,0.39634274180974527,2.0
5559.0,0.36403361508476917,2.0
5560.0,0.3280287798645436,2.0
5561.0,0.3021415150322694,2.0
5562.0,0.2891495437212308,2.0
5563.0,0.2753279664229734,2.0
5564.0,0.2699048872512535,2.0
5565.0,0.23730306816884153,2.0
5566.0,0.21197281877823354,2.0
5567.0,0.209736744650817,2.0
5568.0,0.19313092559963646,2.0
5569.0,0.17643505411356525,2.0
5570.0,0.16752104966496617,2.0
5571.0,0.16028726335014573,2.0
5572.0,0.15957301317431177,2.0
5573.0,0.15610518922537436,2.0
5574.0,0.1484920295122501,1.0
5575.0,0.17484452054821475,2.0
5576.0,0.1701291566809879,2.0
5577.0,0.15021135010665942,2.0
5578.0,0.15175911891013255,2.0
5579.0,0.1525647363676071,2.0
5580.0,0.15292154845763997,2.0
5581.0,0.1533426069942806,2.0
5582.0,0.15275575004402003,2.0
5583.0,0.15831090281650634,2.0
5584.0,0.14125288701265853,1.0
5585.0,0.14514130103675765,1.0
5586.0,0.19031891782888602,2.0
5587.0,0.15951591935305215,2.0
5588.0,0.14221291280427545,1.0
5589.0,0.1961431265726022,2.0
5590.0,0.18388504598978272,2.0
5591.0,0.15789480479563292,2.0
5592.0,0.1610314445833702,2.0
5593.0,0.14272951445060478,1.0
5594.0,0.14008487672393638,1.0
5595.0,0.137641834768879,1.0
5596.0,0.14624833981056956,1.0
5597.0,0.18082028588234905,2.0
5598.0,0.15780449481389924,2.0
5599.0,0.15381928916125065,2.0
5600.0,0.141883185772194,1.0
5601.0,0.1581338957552435,2.0
5602.0,0.1347529633223526,1.0
5603.0,0.15097891858087473,2.0
5604.0,0.13942138066663468,1.0
5605.0,0.13360973991330297,1.0
5606.0,0.1444627070952927,1.0
5607.0,0.1917261838664647,2.0
5608.0,0.16890971531490767,2.0
5609.0,0.15308202383379133,2.0
5610.0,0.14554549361865132,1.0
5611.0,0.13172044736589547,1.0
5612.0,0.12798478125379914,1.0
5613.0,0.13370448975626803,1.0
5614.0,0.1330835775758343,0.0
5615.0,0.6224688519120277,2.0
5616.0,0.6223959414508217,2.0
5617.0,0.6163558634507744,2.0
5618.0,0.6132041301459763,2.0
5619.0,0.5853723333465243,2.0
5620.0,0.5638615948333249,2.0
5621.0,0.5522146378350707,2.0
5622.0,0.5198014195759152,2.0
5623.0,0.4965804170592608,2.0
5624.0,0.47436206691861393,2.0
5625.0,0.4576004006749228,2.0
5626.0,0.4380371297530166,2.0
5627.0,0.42746466806360206,2.0
5628.0,0.4201911919635586,2.0
5629.0,0.3933611871300365,2.0
5630.0,0.39640155675091415,2.0
5631.0,0.3786521581820145,2.0
5632.0,0.3787848554696338,2.0
5633.0,0.37559029524553966,2.0
5634.0,0.3743194346728715,2.0
5635.0,0.3455919403388058,2.0
5636.0,0.35265775885490985,2.0
5637.0,0.3380352606003505,2.0
5638.0,0.33862568190324216,2.0
5639.0,0.34335475293338313,2.0
5640.0,0.3133065584668262,2.0
5641.0,0.2885602155971526,2.0
5642.0,0.29210488304783583,2.0
5643.0,0.2926551315201671,2.0
5644.0,0.2654079600665371,2.0
5645.0,0.2696549813397964,2.0
5646.0,0.2745959026686097,2.0
5647.0,0.2802477301593824,2.0
5648.0,0.25315749365065954,2.0
5649.0,0.23596020962601266,2.0
5650.0,0.22511876471549003,2.0
5651.0,0.21996573856868817,2.0
5652.0,0.21839798895186402,2.0
5653.0,0.2118899668972029,2.0
5654.0,0.2095882769100786,2.0
5655.0,0.214678163419039,2.0
5656.0,0.21865958129997298,2.0
5657.0,0.2269227657462185,2.0
5658.0,0.20450419386973204,2.0
5659.0,0.2066240639322261,2.0
5660.0,0.18610545997840522,2.0
5661.0,0.172660164156286,2.0
5662.0,0.17589703317522212,2.0
5663.0,0.18343836309334197,2.0
5664.0,0.16882310838649484,2.0
5665.0,0.16116201008240888,2.0
5666.0,0.15994940543026187,2.0
5667.0,0.16055245568996604,2.0
5668.0,0.15849038346945826,2.0
5669.0,0.15657369856502562,2.0
5670.0,0.15762005311094368,2.0
5671.0,0.15942679142911295,2.0
5672.0,0.16032743862479398,2.0
5673.0,0.14927480228406947,1.0
5674.0,0.17869647456536364,2.0
5675.0,0.1566170460874706,2.0
5676.0,0.15293587766640565,2.0
5677.0,0.1506713057293223,2.0
5678.0,0.15596614619816143,2.0
5679.0,0.1519547827993114,2.0
5680.0,0.1359447736968667,1.0
5681.0,0.1716507931716062,2.0
5682.0,0.16921925813105954,2.0
5683.0,0.14820107119074488,1.0
5684.0,0.1440459929088725,1.0
5685.0,0.1748949018451885,2.0
5686.0,0.154546560894688,2.0
5687.0,0.1454064279357736,1.0
5688.0,0.1348918107197002,1.0
5689.0,0.17324340949574224,2.0
5690.0,0.14596500687211716,0.0
5691.0,0.5620806045707886,2.0
5692.0,0.5044138526348253,2.0
5693.0,0.4501597593354974,2.0
5694.0,0.40807375648681116,2.0
5695.0,0.3441175145815524,2.0
5696.0,0.3400211621837351,2.0
5697.0,0.34972757766672163,2.0
5698.0,0.31961963773283575,2.0
5699.0,0.29296058102509015,2.0
5700.0,0.2534335306407206,2.0
5701.0,0.244893431534119,2.0
5702.0,0.2231542275424246,2.0
5703.0,0.22174591137593574,2.0
5704.0,0.21675851410258723,2.0
5705.0,0.21329488181137402,2.0
5706.0,0.2095168757696406,2.0
5707.0,0.20913199480307898,2.0
5708.0,0.1760727644523196,2.0
5709.0,0.16622494017001663,2.0
5710.0,0.14794172688077825,1.0
5711.0,0.24374118389126603,2.0
5712.0,0.2060366183445661,2.0
5713.0,0.19671720997247422,2.0
5714.0,0.16953246802846056,2.0
5715.0,0.16152079628503707,2.0
5716.0,0.14394734314656213,1.0
5717.0,0.15511472701228113,2.0
5718.0,0.14727007377452528,1.0
5719.0,0.2947638828053691,2.0
5720.0,0.26061854723819594,2.0
5721.0,0.25916168711153553,2.0
5722.0,0.2308324656358992,2.0
5723.0,0.18778033838637853,2.0
5724.0,0.1716854880015816,2.0
5725.0,0.16419241410087457,2.0
5726.0,0.15583549339146052,2.0
5727.0,0.15176889721923276,2.0
5728.0,0.14363259276373047,1.0
5729.0,0.13886275812352836,1.0
5730.0,0.14175008582693238,1.0
5731.0,0.14283047600071552,1.0
5732.0,0.15048071345494937,2.0
5733.0,0.13272252486234482,1.0
5734.0,0.12546818741462823,1.0
5735.0,0.11937643567033801,0.0
5736.0,0.6666181140955771,2.0
5737.0,0.6254209423263459,2.0
5738.0,0.5637237923828348,2.0
5739.0,0.4989192700079028,2.0
5740.0,0.4410855383963187,2.0
5741.0,0.3958413312566576,2.0
5742.0,0.33746226608665386,2.0
5743.0,0.30862529538496636,2.0
5744.0,0.25918264603853713,2.0
5745.0,0.225111716111499,2.0
5746.0,0.2149690221412519,2.0
5747.0,0.2093835481561399,2.0
5748.0,0.20742217193852042,2.0
5749.0,0.17613290088187816,2.0
5750.0,0.15419592914836405,2.0
5751.0,0.14095496974457578,1.0
5752.0,0.19305473691716457,2.0
5753.0,0.16122285372483766,2.0
5754.0,0.14039003694335678,1.0
5755.0,0.2079927946731018,2.0
5756.0,0.17062243267697297,2.0
5757.0,0.1469545533930277,1.0
5758.0,0.17226789351737218,2.0
5759.0,0.15901515677156486,2.0
5760.0,0.1380240075279079,1.0
5761.0,0.15281461740516405,2.0
5762.0,0.14187698959851852,1.0
5763.0,0.13251406780206104,1.0
5764.0,0.14825334369870125,1.0
5765.0,0.15905672010096275,2.0
5766.0,0.16642933179244568,2.0
5767.0,0.1392969935487841,1.0
5768.0,0.1293577287161076,1.0
5769.0,0.13950202138680345,0.0
5770.0,0.699504796965482,2.0
5771.0,0.6529480227435291,2.0
5772.0,0.6380692886904064,2.0
5773.0,0.5914280294064039,2.0
5774.0,0.5630564921724249,2.0
5775.0,0.5288308307973535,2.0
5776.0,0.4991939613891443,2.0
5777.0,0.4622053436357436,2.0
5778.0,0.4417691295100057,2.0
5779.0,0.3929279651322405,2.0
5780.0,0.3814848970616183,2.0
5781.0,0.3389217590376164,2.0
5782.0,0.2964833788283597,2.0
5783.0,0.2913993107006422,2.0
5784.0,0.29098626880478207,2.0
5785.0,0.3009122153568801,2.0
5786.0,0.2988307019841051,2.0
5787.0,0.29412614814724025,2.0
5788.0,0.29090357257049104,2.0
5789.0,0.2928123313898965,2.0
5790.0,0.25177910907299195,2.0
5791.0,0.2578910250115879,2.0
5792.0,0.2702911046045243,2.0
5793.0,0.26924467791308226,2.0
5794.0,0.2535539499798575,2.0
5795.0,0.26374983076083724,2.0
5796.0,0.27640235163242377,2.0
5797.0,0.24233561457360447,2.0
5798.0,0.24675960721227114,2.0
5799.0,0.2492502845548512,2.0
5800.0,0.22025871882141343,2.0
5801.0,0.19258667804429744,2.0
5802.0,0.17879844529258432,2.0
5803.0,0.1716071390401328,2.0
5804.0,0.17155223371111997,2.0
5805.0,0.17636005580464542,2.0
5806.0,0.18763094625093946,2.0
5807.0,0.1645742046419424,2.0
5808.0,0.15262894121017084,2.0
5809.0,0.14796492408627226,1.0
5810.0,0.18890236813474265,2.0
5811.0,0.1865543239558411,2.0
5812.0,0.18558578318166702,2.0
5813.0,0.20081918647316607,2.0
5814.0,0.20060179886833018,2.0
5815.0,0.19306563271308594,2.0
5816.0,0.16058942428412362,2.0
5817.0,0.1399372271957281,1.0
5818.0,0.15742679266236975,2.0
5819.0,0.1384281422499914,0.0
5820.0,0.7387503613213634,2.0
5821.0,0.6899501020986022,2.0
5822.0,0.6382693166672758,2.0
5823.0,0.6127130817483847,2.0
5824.0,0.573513427275695,2.0
5825.0,0.5202686397286336,2.0
5826.0,0.4761454542924407,2.0
5827.0,0.42623312804730956,2.0
5828.0,0.423004977001677,2.0
5829.0,0.39306925261834996,2.0
5830.0,0.3374633428144593,2.0
5831.0,0.3093809056708455,2.0
5832.0,0.2629606464741976,2.0
5833.0,0.22555904564210555,2.0
5834.0,0.20165354814660114,2.0
5835.0,0.1841101535303737,2.0
5836.0,0.18621193780047757,2.0
5837.0,0.1869559152088502,2.0
5838.0,0.18997326633906314,2.0
5839.0,0.17347951534338285,2.0
5840.0,0.1645723126084283,2.0
5841.0,0.16799926807181176,2.0
5842.0,0.1733046168537326,2.0
5843.0,0.18075610401020273,2.0
5844.0,0.19054132263395784,2.0
5845.0,0.1923846096229984,2.0
5846.0,0.1917078477408102,2.0
5847.0,0.16512241770188946,2.0
5848.0,0.17990776308217316,2.0
5849.0,0.18459734276541845,2.0
5850.0,0.19350666214871082,2.0
5851.0,0.17390017474480657,2.0
5852.0,0.16188540421456032,2.0
5853.0,0.16323694937361852,2.0
5854.0,0.14970981387958082,1.0
5855.0,0.19290906074294883,2.0
5856.0,0.1848640872890014,2.0
5857.0,0.18053395973060304,2.0
5858.0,0.15603523334696223,2.0
5859.0,0.142152530257386,1.0
5860.0,0.18120527921494284,2.0
5861.0,0.15448664554957803,2.0
5862.0,0.1385894705428362,1.0
5863.0,0.1637560246213171,2.0
5864.0,0.16255860429102895,2.0
5865.0,0.14998853790207856,1.0
5866.0,0.20044165122418003,2.0
5867.0,0.1751193047846561,2.0
5868.0,0.1509011551014181,2.0
5869.0,0.13826253677882971,1.0
5870.0,0.2167739100238933,2.0
5871.0,0.20012648004543165,2.0
5872.0,0.18992432540135074,2.0
5873.0,0.17807293411148015,2.0
5874.0,0.17444068774159827,2.0
5875.0,0.1701715544029599,2.0
5876.0,0.16687604109622017,2.0
5877.0,0.1684830434711339,2.0
5878.0,0.17119428155376237,2.0
5879.0,0.16941903725133764,2.0
5880.0,0.16883433020863647,2.0
5881.0,0.14627840771342998,1.0
5882.0,0.16094803167254615,2.0
5883.0,0.14677346111117762,1.0
5884.0,0.15421727134051644,2.0
5885.0,0.15123341299367576,2.0
5886.0,0.138957594801368,1.0
5887.0,0.1644823331369643,2.0
5888.0,0.15530639259709894,2.0
5889.0,0.14872587780334912,1.0
5890.0,0.1553544111178255,2.0
5891.0,0.14969305602446692,1.0
5892.0,0.16095003590150253,2.0
5893.0,0.13793664152217133,1.0
5894.0,0.18238844706541796,2.0
5895.0,0.16657441986097832,2.0
5896.0,0.16618565748765723,2.0
5897.0,0.1476019362773514,1.0
5898.0,0.15446854581340907,2.0
5899.0,0.13346614764459772,1.0
5900.0,0.18479822663579326,2.0
5901.0,0.1685706836423063,2.0
5902.0,0.15529902966398526,2.0
5903.0,0.14761425540747503,1.0
5904.0,0.16911107959489363,2.0
5905.0,0.16119732043347076,2.0
5906.0,0.14001886131192104,0.0
5907.0,0.5969033093146445,2.0
5908.0,0.570990761002218,2.0
5909.0,0.5249605273893139,2.0
5910.0,0.4785276575753484,2.0
5911.0,0.4440741870551259,2.0
5912.0,0.40522795424985936,2.0
5913.0,0.3584173870793455,2.0
5914.0,0.3131946194682974,2.0
5915.0,0.29410292140811445,2.0
5916.0,0.26549093438761595,2.0
5917.0,0.23748897731412028,2.0
5918.0,0.20610231853094288,2.0
5919.0,0.20354830370262383,2.0
5920.0,0.1884480748167817,2.0
5921.0,0.18933283262777395,2.0
5922.0,0.18955418831192397,2.0
5923.0,0.17127185082986932,2.0
5924.0,0.1639856610049804,2.0
5925.0,0.159985021729478,2.0
5926.0,0.15900191144438774,2.0
5927.0,0.16293471018514022,2.0
5928.0,0.14955082582397428,1.0
5929.0,0.17154314014174812,2.0
5930.0,0.15382291330897313,2.0
5931.0,0.1519731995373534,2.0
5932.0,0.14188828775508133,1.0
5933.0,0.16226115549401338,2.0
5934.0,0.15880659084324464,2.0
5935.0,0.15150750916614775,2.0
5936.0,0.13976661048123365,1.0
5937.0,0.19013501221277276,2.0
5938.0,0.1706784767124283,2.0
5939.0,0.16521960734826588,2.0
5940.0,0.15645724271935407,2.0
5941.0,0.15514352529310288,2.0
5942.0,0.15130545281669625,2.0
5943.0,0.15796221167139668,2.0
5944.0,0.15786343207365106,2.0
5945.0,0.15930828285260992,2.0
5946.0,0.16178501209288237,2.0
5947.0,0.16355367358483736,2.0
5948.0,0.1752787041988097,2.0
5949.0,0.15296240358171465,2.0
5950.0,0.1333719510970645,1.0
5951.0,0.18019265364658865,2.0
5952.0,0.16483348436826,2.0
5953.0,0.14359720446277408,1.0
5954.0,0.2261627398481102,2.0
5955.0,0.18963515837994982,2.0
5956.0,0.1866972486771395,2.0
5957.0,0.16212949737520893,2.0
5958.0,0.17617122631723234,2.0
5959.0,0.16134832241399585,2.0
5960.0,0.1506849680596621,2.0
5961.0,0.1444897327889308,1.0
5962.0,0.14980542664113966,1.0
5963.0,0.14796176776456063,1.0
5964.0,0.22050840853162335,2.0
5965.0,0.18692100748154492,2.0
5966.0,0.16161577761033502,2.0
5967.0,0.17473411267799338,2.0
5968.0,0.15055209177127182,2.0
5969.0,0.13481095673188082,1.0
5970.0,0.15025691419044018,2.0
5971.0,0.14514936800531897,1.0
5972.0,0.1425678392659639,1.0
5973.0,0.13632414974333684,0.0
5974.0,0.6421137095626852,2.0
5975.0,0.5804115655610169,2.0
5976.0,0.5143458198943903,2.0
5977.0,0.45604953307686547,2.0
5978.0,0.3924230965804081,2.0
5979.0,0.34171711877457944,2.0
5980.0,0.3179019870144075,2.0
5981.0,0.2876545988602598,2.0
5982.0,0.2620127615807264,2.0
5983.0,0.23855317654702662,2.0
5984.0,0.19958976917152996,2.0
5985.0,0.1888205777438139,2.0
5986.0,0.1852861948531463,2.0
5987.0,0.18451961692118304,2.0
5988.0,0.18123928491083502,2.0
5989.0,0.152683705194604,2.0
5990.0,0.15388344451500052,2.0
5991.0,0.1374077131668714,1.0
5992.0,0.18199833406405003,2.0
5993.0,0.1747380230853502,2.0
5994.0,0.1751200930903467,2.0
5995.0,0.14761567171920933,1.0
5996.0,0.3483827649541652,2.0
5997.0,0.3048243767953847,2.0
5998.0,0.2758989976202887,2.0
5999.0,0.25234158586264477,2.0
6000.0,0.21321296539656626,2.0
6001.0,0.1818651315605387,2.0
6002.0,0.16573629162413275,2.0
6003.0,0.16079676664750797,2.0
6004.0,0.14914526434972034,1.0
6005.0,0.17233313040561168,2.0
6006.0,0.14557223675327186,1.0
6007.0,0.18778335912254018,2.0
6008.0,0.17605010810267663,2.0
6009.0,0.15168844475261556,2.0
6010.0,0.1360499253908634,1.0
6011.0,0.14855810436161407,1.0
6012.0,0.14958928210817174,1.0
6013.0,0.18640585006306826,2.0
6014.0,0.17337557666366693,2.0
6015.0,0.1542341549672761,2.0
6016.0,0.14378707520860423,1.0
6017.0,0.1449861293784399,1.0
6018.0,0.1451076291589902,1.0
6019.0,0.18873730811552697,2.0
6020.0,0.15640667306678918,2.0
6021.0,0.13743910792381628,1.0
6022.0,0.22378707110694537,2.0
6023.0,0.1845393652435037,2.0
6024.0,0.15539983898030874,2.0
6025.0,0.1490455474075263,1.0
6026.0,0.13547576411994067,1.0
6027.0,0.13674156417020883,1.0
6028.0,0.20317908562942447,2.0
6029.0,0.1713863261128619,2.0
6030.0,0.15614086917797898,2.0
6031.0,0.1455882566145119,0.0
6032.0,0.7107074184712777,2.0
6033.0,0.6637877214535207,2.0
6034.0,0.6622537914221693,2.0
6035.0,0.663909618274773,2.0
6036.0,0.6330535869802769,2.0
6037.0,0.5693071059132156,2.0
6038.0,0.5083413523845663,2.0
6039.0,0.45371681140559517,2.0
6040.0,0.4048692221226966,2.0
6041.0,0.37470545002337835,2.0
6042.0,0.34218384263175106,2.0
6043.0,0.31998465571239226,2.0
6044.0,0.3025790205521908,2.0
6045.0,0.2578419254384112,2.0
6046.0,0.24984365817933338,2.0
6047.0,0.21201442458621977,2.0
6048.0,0.21284002714007727,2.0
6049.0,0.18747249882044414,2.0
6050.0,0.18968755859383124,2.0
6051.0,0.1718689659982012,2.0
6052.0,0.17298537718203633,2.0
6053.0,0.1739425053108018,2.0
6054.0,0.17821908244924592,2.0
6055.0,0.17902096410743684,2.0
6056.0,0.15771193042324194,2.0
6057.0,0.16364869186431796,2.0
6058.0,0.16631420671343378,2.0
6059.0,0.1511359032091838,2.0
6060.0,0.15279748913300953,2.0
6061.0,0.15510218295481748,2.0
6062.0,0.14111809636378142,1.0
6063.0,0.1806786387902432,2.0
6064.0,0.15991617888497137,2.0
6065.0,0.14684424170720167,1.0
6066.0,0.1487345025216225,1.0
6067.0,0.2180196433126737,2.0
6068.0,0.19760094776784215,2.0
6069.0,0.16701227817578232,2.0
6070.0,0.1720442706902464,2.0
6071.0,0.16928307484068886,2.0
6072.0,0.1639692636744457,2.0
6073.0,0.14491262674809036,0.0
6074.0,0.6951180981968377,2.0
6075.0,0.665341086964353,2.0
6076.0,0.6266153644275969,2.0
6077.0,0.602825166522245,2.0
6078.0,0.5588233345817435,2.0
6079.0,0.5509958632484859,2.0
6080.0,0.5002882874386692,2.0
6081.0,0.4535728442824665,2.0
6082.0,0.4144611582839206,2.0
6083.0,0.42532883181014547,2.0
6084.0,0.4002018433990059,2.0
6085.0,0.35086804511999575,2.0
6086.0,0.3138833172205163,2.0
6087.0,0.31593722466393687,2.0
6088.0,0.28585273410995155,2.0
6089.0,0.25137274826297545,2.0
6090.0,0.2318257144267075,2.0
6091.0,0.22075138541678807,2.0
6092.0,0.22744199078677896,2.0
6093.0,0.22073073033328994,2.0
6094.0,0.2024042971519936,2.0
6095.0,0.2042341331540106,2.0
6096.0,0.1971669349101849,2.0
6097.0,0.18689617272203318,2.0
6098.0,0.2045562822409448,2.0
6099.0,0.21766979145216436,2.0
6100.0,0.219701427947549,2.0
6101.0,0.19108299008713567,2.0
6102.0,0.17123238938818303,2.0
6103.0,0.152769878176571,2.0
6104.0,0.14395901958997945,0.0
6105.0,0.5055170712662285,2.0
6106.0,0.45731219399717116,2.0
6107.0,0.40962667097717753,2.0
6108.0,0.3677109894717793,2.0
6109.0,0.33088239878136894,2.0
6110.0,0.29375870309836727,2.0
6111.0,0.277723974368421,2.0
6112.0,0.25934348501696836,2.0
6113.0,0.2340089471628879,2.0
6114.0,0.21359494462282624,2.0
6115.0,0.19668917957296178,2.0
6116.0,0.19240507037658794,2.0
6117.0,0.18708603967849313,2.0
6118.0,0.18221473767203103,2.0
6119.0,0.18482342484297914,2.0
6120.0,0.18433110742494296,2.0
6121.0,0.18611139405450108,2.0
6122.0,0.183543035425859,2.0
6123.0,0.16171171479841512,2.0
6124.0,0.15074382240028553,2.0
6125.0,0.15380448397831797,2.0
6126.0,0.15373207337227024,2.0
6127.0,0.14741147609930366,1.0
6128.0,0.1916730178980771,2.0
6129.0,0.18338934965111967,2.0
6130.0,0.16138853656924224,2.0
6131.0,0.14716761000933867,0.0
6132.0,0.5052999447001324,2.0
6133.0,0.45846566742780603,2.0
6134.0,0.4425091195812515,2.0
6135.0,0.39571179273118146,2.0
6136.0,0.3407364157756021,2.0
6137.0,0.29357098934558146,2.0
6138.0,0.25091030914317214,2.0
6139.0,0.238827810983302,2.0
6140.0,0.20703889277193183,2.0
6141.0,0.21416431456824525,2.0
6142.0,0.2025889132864464,2.0
6143.0,0.17743191589090268,2.0
6144.0,0.15962012883249593,2.0
6145.0,0.1551787217406575,2.0
6146.0,0.15193127613757085,2.0
6147.0,0.14433090581277458,0.0
6148.0,0.6023795426665521,2.0
6149.0,0.5647215016991207,2.0
6150.0,0.548676078784339,2.0
6151.0,0.5108976780389225,2.0
6152.0,0.4838196882664081,2.0
6153.0,0.4544836355022558,2.0
6154.0,0.4314519964127618,2.0
6155.0,0.41346488887572663,2.0
6156.0,0.40009069288855337,2.0
6157.0,0.39039454913066596,2.0
6158.0,0.3687586121171348,2.0
6159.0,0.331585801786177,2.0
6160.0,0.330783851458399,2.0
6161.0,0.3026509560867692,2.0
6162.0,0.30247604020358015,2.0
6163.0,0.3031904216560927,2.0
6164.0,0.3001785882880025,2.0
6165.0,0.3012130368310947,2.0
6166.0,0.26441776036268666,2.0
6167.0,0.26767776220062023,2.0
6168.0,0.23765766462532673,2.0
6169.0,0.24077137282704775,2.0
6170.0,0.24513904248436127,2.0
6171.0,0.24863667338483478,2.0
6172.0,0.21841467279336407,2.0
6173.0,0.22272093058270603,2.0
6174.0,0.22743254091399978,2.0
6175.0,0.20403660524894335,2.0
6176.0,0.1862552601292596,2.0
6177.0,0.18758359747885628,2.0
6178.0,0.17579371369623165,2.0
6179.0,0.1720960429001917,2.0
6180.0,0.17182641165469278,2.0
6181.0,0.1643730292035465,2.0
6182.0,0.1676695630792374,2.0
6183.0,0.17255628735158507,2.0
6184.0,0.16827771556009535,2.0
6185.0,0.17863559657575473,2.0
6186.0,0.1623416942411172,2.0
6187.0,0.1673303717650283,2.0
6188.0,0.16896030221748212,2.0
6189.0,0.15181913952268467,2.0
6190.0,0.1404403288843131,1.0
6191.0,0.18894665069829014,2.0
6192.0,0.1612016925663359,2.0
6193.0,0.15937816322238874,2.0
6194.0,0.1576982533469865,2.0
6195.0,0.16062647688017337,2.0
6196.0,0.16464877378198167,2.0
6197.0,0.14272268768216456,1.0
6198.0,0.2240173902730118,2.0
6199.0,0.18503652096799023,2.0
6200.0,0.18188610168180913,2.0
6201.0,0.1702896461567548,2.0
6202.0,0.15718785410734037,2.0
6203.0,0.13874290108369047,1.0
6204.0,0.15529415103773636,2.0
6205.0,0.13665596205149783,1.0
6206.0,0.16155429751490258,2.0
6207.0,0.13998201552651723,1.0
6208.0,0.1573377777677706,2.0
6209.0,0.1459586328127174,1.0
6210.0,0.15911325744608068,2.0
6211.0,0.15205588430549916,2.0
6212.0,0.1511390385641269,2.0
6213.0,0.12973027305411255,1.0
6214.0,0.15201532878802182,2.0
6215.0,0.1320027628839659,1.0
6216.0,0.12887448944938398,1.0
6217.0,0.13728917695039214,1.0
6218.0,0.14034147985015966,1.0
6219.0,0.15066601771364715,2.0
6220.0,0.12881890197166834,1.0
6221.0,0.16436247673268356,2.0
6222.0,0.17164611834796112,2.0
6223.0,0.1526827602509787,2.0
6224.0,0.15406012554303444,2.0
6225.0,0.14662521558219596,1.0
6226.0,0.1712757490446491,2.0
6227.0,0.200661972110098,2.0
6228.0,0.16394951352027437,2.0
6229.0,0.14546299111483896,1.0
6230.0,0.1345185760645652,1.0
6231.0,0.16464170667345568,2.0
6232.0,0.16951347444447257,2.0
6233.0,0.1810035981115018,2.0
6234.0,0.1712586226044334,2.0
6235.0,0.14063612441612677,1.0
6236.0,0.15242714440057353,2.0
6237.0,0.14098902987650092,1.0
6238.0,0.18282572197957903,2.0
6239.0,0.15474265063821357,2.0
6240.0,0.14187701483361664,1.0
6241.0,0.15147675590278092,2.0
6242.0,0.14220807006216757,1.0
6243.0,0.13352071085262207,1.0
6244.0,0.16519775066643122,2.0
6245.0,0.14428709948280966,1.0
6246.0,0.16465905887964033,2.0
6247.0,0.15277659596518964,2.0
6248.0,0.13064507534750203,1.0
6249.0,0.14512355658548845,1.0
6250.0,0.1332411761972063,1.0
6251.0,0.12989335869802002,1.0
6252.0,0.15847528814606793,2.0
6253.0,0.1374862459262106,1.0
6254.0,0.17762628730153845,2.0
6255.0,0.15289759323962504,2.0
6256.0,0.14034508094180997,1.0
6257.0,0.3026256301336321,2.0
6258.0,0.2558724432743415,2.0
6259.0,0.22707228492575907,2.0
6260.0,0.20325844458531223,2.0
6261.0,0.16887404731932137,2.0
6262.0,0.17068622011157417,2.0
6263.0,0.14527216278531913,1.0
6264.0,0.13964407954820465,1.0
6265.0,0.12144285309430822,1.0
6266.0,0.11961129834600037,1.0
6267.0,0.17867118088826056,2.0
6268.0,0.17514988368917067,2.0
6269.0,0.15384841432338497,2.0
6270.0,0.14267083797618824,1.0
6271.0,0.21286110566777539,2.0
6272.0,0.1832615284683352,2.0
6273.0,0.17572610122429028,2.0
6274.0,0.15598822042047739,2.0
6275.0,0.13955754621909866,1.0
6276.0,0.12683646076657173,1.0
6277.0,0.1419511149290967,1.0
6278.0,0.13467145196806035,0.0
6279.0,0.6399561435599689,2.0
6280.0,0.6415256612216517,2.0
6281.0,0.5962803056492083,2.0
6282.0,0.5724493770790257,2.0
6283.0,0.5348696734839182,2.0
6284.0,0.5019112339038477,2.0
6285.0,0.4636928581767996,2.0
6286.0,0.4257148210214511,2.0
6287.0,0.38766058948867377,2.0
6288.0,0.36639142637902666,2.0
6289.0,0.345831546687978,2.0
6290.0,0.3072558823302581,2.0
6291.0,0.2657499678159497,2.0
6292.0,0.23305096038796597,2.0
6293.0,0.21092143648845818,2.0
6294.0,0.20518286324610108,2.0
6295.0,0.1986591791693889,2.0
6296.0,0.1868866263346839,2.0
6297.0,0.1861681677655852,2.0
6298.0,0.1679973513570081,2.0
6299.0,0.16006065255012,2.0
6300.0,0.15139254184190923,2.0
6301.0,0.14790549059524888,1.0
6302.0,0.19413733804623312,2.0
6303.0,0.16898538306733224,2.0
6304.0,0.15113964807755964,2.0
6305.0,0.13806378153526122,1.0
6306.0,0.15852797774426128,2.0
6307.0,0.1563931059128849,2.0
6308.0,0.13885166468768473,1.0
6309.0,0.2542035270059637,2.0
6310.0,0.22417158642663004,2.0
6311.0,0.20584415380546267,2.0
6312.0,0.18008772207651,2.0
6313.0,0.16661524128551403,2.0
6314.0,0.15931704957070125,2.0
6315.0,0.14085072161452517,1.0
6316.0,0.1998660504883033,2.0
6317.0,0.16802974280316996,2.0
6318.0,0.14985020771937713,1.0
6319.0,0.15526706836450477,2.0
6320.0,0.1438297321418901,1.0
6321.0,0.15985932985377005,2.0
6322.0,0.13899631491765196,0.0
6323.0,0.6535249361039204,2.0
6324.0,0.6143000096393987,2.0
6325.0,0.5987666615316634,2.0
6326.0,0.581776783885768,2.0
6327.0,0.5479346202060604,2.0
6328.0,0.5095558262187707,2.0
6329.0,0.48530368656178097,2.0
6330.0,0.45373672862661846,2.0
6331.0,0.4397573546243353,2.0
6332.0,0.4253044723628937,2.0
6333.0,0.4100257882428706,2.0
6334.0,0.3950084101040906,2.0
6335.0,0.3465426024611569,2.0
6336.0,0.30786300348147744,2.0
6337.0,0.26809293737172735,2.0
6338.0,0.24708958465273634,2.0
6339.0,0.2273058620780856,2.0
6340.0,0.21052095606933377,2.0
6341.0,0.2139737492990726,2.0
6342.0,0.2078920286706321,2.0
6343.0,0.2053065765017882,2.0
6344.0,0.19734898582931026,2.0
6345.0,0.19419747340408472,2.0
6346.0,0.180558726373526,2.0
6347.0,0.17287245227285863,2.0
6348.0,0.17027665409282305,2.0
6349.0,0.16881850069855775,2.0
6350.0,0.15924851919686975,2.0
6351.0,0.15828326994956654,2.0
6352.0,0.15476550861114174,2.0
6353.0,0.15379632824269493,2.0
6354.0,0.15413893681849694,2.0
6355.0,0.15689574484943553,2.0
6356.0,0.16081832602182322,2.0
6357.0,0.14783299750073195,1.0
6358.0,0.18589346474285875,2.0
6359.0,0.16119814294801066,2.0
6360.0,0.1686502459996876,2.0
6361.0,0.1504224797136804,2.0
6362.0,0.13784571263990797,1.0
6363.0,0.19635358151326962,2.0
6364.0,0.1868175895510415,2.0
6365.0,0.15894759724492113,2.0
6366.0,0.15519364880992426,2.0
6367.0,0.1540646370376669,2.0
6368.0,0.15695422271788181,2.0
6369.0,0.15100824378773298,2.0
6370.0,0.14992597443715927,1.0
6371.0,0.1478021273102504,1.0
6372.0,0.1846635380587698,2.0
6373.0,0.16609392306754692,2.0
6374.0,0.15847682144706968,2.0
6375.0,0.14451052971991252,1.0
6376.0,0.1541900438133415,2.0
6377.0,0.13530307477260678,1.0
6378.0,0.13996650728411938,1.0
6379.0,0.133748912919807,1.0
6380.0,0.1461329635707323,1.0
6381.0,0.2689142107730852,2.0
6382.0,0.2411775331100605,2.0
6383.0,0.20523635615478758,2.0
6384.0,0.17934556536207225,2.0
6385.0,0.15853252732791961,2.0
6386.0,0.14826683257551942,0.0
6387.0,0.6547608231394726,2.0
6388.0,0.6287701741541573,2.0
6389.0,0.5997519840913768,2.0
6390.0,0.5664005193214872,2.0
6391.0,0.5297869194566026,2.0
6392.0,0.48856362360911815,2.0
6393.0,0.4674892939010268,2.0
6394.0,0.4265167640261817,2.0
6395.0,0.3894068821786303,2.0
6396.0,0.3658676972434327,2.0
6397.0,0.3415412215308079,2.0
6398.0,0.3315643798550706,2.0
6399.0,0.31188070356471764,2.0
6400.0,0.27434716594041386,2.0
6401.0,0.2489340023337142,2.0
6402.0,0.22651707080003208,2.0
6403.0,0.21683023061592918,2.0
6404.0,0.20845232755049775,2.0
6405.0,0.19209097455571766,2.0
6406.0,0.1794384650753327,2.0
6407.0,0.16683640456946053,2.0
6408.0,0.15926720016324936,2.0
6409.0,0.15692148657845775,2.0
6410.0,0.1521374064006866,2.0
6411.0,0.15145257578926402,2.0
6412.0,0.15105341817794643,2.0
6413.0,0.14361128797325595,1.0
6414.0,0.15705259430670326,2.0
6415.0,0.14421402918454423,1.0
6416.0,0.2244275155161345,2.0
6417.0,0.22363590992566346,2.0
6418.0,0.19085905792262298,2.0
6419.0,0.17431894570556775,2.0
6420.0,0.1624567687323941,2.0
6421.0,0.1422633022015097,1.0
6422.0,0.18932575027807713,2.0
6423.0,0.1755982063574687,2.0
6424.0,0.14960601939362966,1.0
6425.0,0.15349752442225661,2.0
6426.0,0.14618926173416494,1.0
6427.0,0.12395943293647807,1.0
6428.0,0.1452930846027996,1.0
6429.0,0.14357951083160245,1.0
6430.0,0.11815776619867056,1.0
6431.0,0.12314979744237739,1.0
6432.0,0.2386454011719535,2.0
6433.0,0.20708234828123503,2.0
6434.0,0.19039163363722839,2.0
6435.0,0.16900973539274428,2.0
6436.0,0.15743982263887696,2.0
6437.0,0.15059870350631482,2.0
6438.0,0.14337297588773157,1.0
6439.0,0.1627099862990381,2.0
6440.0,0.15265406282479202,2.0
6441.0,0.13397547341943133,0.0
6442.0,0.6962180802228328,2.0
6443.0,0.6453531820717928,2.0
6444.0,0.6286724202165326,2.0
6445.0,0.5765231754943375,2.0
6446.0,0.5458056845030543,2.0
6447.0,0.5072848427440936,2.0
6448.0,0.4643221525812333,2.0
6449.0,0.43309847998451145,2.0
6450.0,0.40863047668070046,2.0
6451.0,0.37925631046682196,2.0
6452.0,0.35542374671520527,2.0
6453.0,0.309180713321241,2.0
6454.0,0.27174741211844494,2.0
6455.0,0.2648141785904742,2.0
6456.0,0.26148362747092835,2.0
6457.0,0.25750694390009377,2.0
6458.0,0.22337875401153626,2.0
6459.0,0.19930681500741396,2.0
6460.0,0.1830656759591086,2.0
6461.0,0.18181462537320797,2.0
6462.0,0.16973451914839147,2.0
6463.0,0.16901197815950716,2.0
6464.0,0.15672327446790515,2.0
6465.0,0.15581666770319352,2.0
6466.0,0.1563322694380257,2.0
6467.0,0.15866048056220675,2.0
6468.0,0.16232196976136545,2.0
6469.0,0.14187388483001748,1.0
6470.0,0.22265988003275639,2.0
6471.0,0.2285564018191495,2.0
6472.0,0.2003751185654454,2.0
6473.0,0.17927525752566764,2.0
6474.0,0.16132472768723166,2.0
6475.0,0.1532267602329308,2.0
6476.0,0.14984288606234875,1.0
6477.0,0.16276930407780685,2.0
6478.0,0.15610813413536997,2.0
6479.0,0.1546498107376877,2.0
6480.0,0.1346717964211741,1.0
6481.0,0.2634996388612102,2.0
6482.0,0.22624796799108143,2.0
6483.0,0.21330705795010596,2.0
6484.0,0.19824420194377476,2.0
6485.0,0.1820135065454048,2.0
6486.0,0.16526016151291256,2.0
6487.0,0.1360958954500855,1.0
6488.0,0.12193918917265198,1.0
6489.0,0.13288141350832003,1.0
6490.0,0.1277943118606748,1.0
6491.0,0.1304688685415814,1.0
6492.0,0.11682426139590488,0.0
6493.0,0.3590668016324645,2.0
6494.0,0.31462250080739373,2.0
6495.0,0.29026660932005616,2.0
6496.0,0.25235168519271395,2.0
6497.0,0.23475428149658503,2.0
6498.0,0.22326400658797863,2.0
6499.0,0.21710080665985731,2.0
6500.0,0.20975881911673172,2.0
6501.0,0.1817760411480674,2.0
6502.0,0.1634286993672885,2.0
6503.0,0.1505899064917134,2.0
6504.0,0.14106131279375897,1.0
6505.0,0.19242744226933678,2.0
6506.0,0.16250749326149433,2.0
6507.0,0.15462840884314943,2.0
6508.0,0.15144295912571792,2.0
6509.0,0.12967282951431924,0.0
6510.0,0.6906424452125794,2.0
6511.0,0.6490327860235097,2.0
6512.0,0.6031850321880707,2.0
6513.0,0.5646631283685484,2.0
6514.0,0.5249372797051777,2.0
6515.0,0.49189138109089625,2.0
6516.0,0.4637808067294068,2.0
6517.0,0.4220756201735315,2.0
6518.0,0.3754104229247499,2.0
6519.0,0.3320850225298848,2.0
6520.0,0.32733487893176627,2.0
6521.0,0.2881272453868755,2.0
6522.0,0.2872112767297386,2.0
6523.0,0.255362151798219,2.0
6524.0,0.2626419277162283,2.0
6525.0,0.2659362675805379,2.0
6526.0,0.2321412060705597,2.0
6527.0,0.21162355496854546,2.0
6528.0,0.21710112991332045,2.0
6529.0,0.19619292697573723,2.0
6530.0,0.18290111917604973,2.0
6531.0,0.18222140062428416,2.0
6532.0,0.1715991262381077,2.0
6533.0,0.17265039521232994,2.0
6534.0,0.16896409243437077,2.0
6535.0,0.16556424599888908,2.0
6536.0,0.1639686345364717,2.0
6537.0,0.1719538102584522,2.0
6538.0,0.15574872206307896,2.0
6539.0,0.1483421839855079,1.0
6540.0,0.19824248352342227,2.0
6541.0,0.18919843174159917,2.0
6542.0,0.17181917496993843,2.0
6543.0,0.17579645063351843,2.0
6544.0,0.15740315500112767,2.0
6545.0,0.16601121409781847,2.0
6546.0,0.1641884960192288,2.0
6547.0,0.15127625315631574,2.0
6548.0,0.14329405582650495,1.0
6549.0,0.16197502868527086,2.0
6550.0,0.1616484097418648,2.0
6551.0,0.14229777149886308,1.0
6552.0,0.1523245200231636,2.0
6553.0,0.13845303837493445,1.0
6554.0,0.17518009319401556,2.0
6555.0,0.16256765340266566,2.0
6556.0,0.15970046620133233,2.0
6557.0,0.14106508805820836,1.0
6558.0,0.1385139106331964,1.0
6559.0,0.15118043694166466,2.0
6560.0,0.1275682763004814,1.0
6561.0,0.12685143253473122,1.0
6562.0,0.13072344155866394,0.0
6563.0,0.6872700025328885,2.0
6564.0,0.632854598488923,2.0
6565.0,0.6070286088172849,2.0
6566.0,0.5503695890446558,2.0
6567.0,0.5108287150169367,2.0
6568.0,0.46926734297603073,2.0
6569.0,0.4229226177560448,2.0
6570.0,0.38574747933047876,2.0
6571.0,0.33121238301445255,2.0
6572.0,0.28806117073902754,2.0
6573.0,0.2736445905018229,2.0
6574.0,0.2585677814040912,2.0
6575.0,0.2542278804956297,2.0
6576.0,0.24271052168444504,2.0
6577.0,0.25851237342051836,2.0
6578.0,0.25101295451792927,2.0
6579.0,0.2173738294262954,2.0
6580.0,0.21794462197960138,2.0
6581.0,0.21483636027495606,2.0
6582.0,0.21280591175387334,2.0
6583.0,0.21595772365971133,2.0
6584.0,0.18847699132677778,2.0
6585.0,0.18927141734921685,2.0
6586.0,0.1647160487813258,2.0
6587.0,0.15288124454154373,2.0
6588.0,0.14761042769975158,0.0
6589.0,0.6371981311720989,2.0
6590.0,0.635962378882004,2.0
6591.0,0.630917198243542,2.0
6592.0,0.625562319910872,2.0
6593.0,0.6049142344632132,2.0
6594.0,0.566147819983712,2.0
6595.0,0.531021525582184,2.0
6596.0,0.5057665814845946,2.0
6597.0,0.47568948822373774,2.0
6598.0,0.450350991247338,2.0
6599.0,0.4169909797264364,2.0
6600.0,0.38265937803544103,2.0
6601.0,0.34841238342565917,2.0
6602.0,0.337553563505923,2.0
6603.0,0.3209927993444719,2.0
6604.0,0.31742280872146633,2.0
6605.0,0.3167936739508116,2.0
6606.0,0.2872139545093396,2.0
6607.0,0.28842826344108186,2.0
6608.0,0.2944929604016931,2.0
6609.0,0.26565242304618053,2.0
6610.0,0.24464611584522172,2.0
6611.0,0.23430340014878712,2.0
6612.0,0.22632683046473667,2.0
6613.0,0.22247276800498375,2.0
6614.0,0.22217202026812138,2.0
6615.0,0.22647050226046805,2.0
6616.0,0.2185911406130014,2.0
6617.0,0.21432208100233902,2.0
6618.0,0.21203960636867963,2.0
6619.0,0.21272049413084892,2.0
6620.0,0.20515337862226563,2.0
6621.0,0.20327446642865782,2.0
6622.0,0.21461952233518705,2.0
6623.0,0.2204144398764185,2.0
6624.0,0.2072099575591146,2.0
6625.0,0.2028459574155007,2.0
6626.0,0.20149376376504952,2.0
6627.0,0.20131962243576101,2.0
6628.0,0.19729900019385724,2.0
6629.0,0.1896249607293209,2.0
6630.0,0.19934601758969844,2.0
6631.0,0.19241883618250813,2.0
6632.0,0.1895861246239542,2.0
6633.0,0.17843898122305932,2.0
6634.0,0.17667963868073455,2.0
6635.0,0.1686032286982627,2.0
6636.0,0.17007531271351867,2.0
6637.0,0.1661073096698471,2.0
6638.0,0.16351694985779297,2.0
6639.0,0.15811850206811948,2.0
6640.0,0.15638664255565948,2.0
6641.0,0.16035066640660722,2.0
6642.0,0.16249735682023742,2.0
6643.0,0.1727495629106247,2.0
6644.0,0.15969807988203635,2.0
6645.0,0.16305366286903963,2.0
6646.0,0.16503026965899428,2.0
6647.0,0.17194076736699151,2.0
6648.0,0.15294196710178365,2.0
6649.0,0.16544060719177053,2.0
6650.0,0.17377197827478882,2.0
6651.0,0.1581550207398535,2.0
6652.0,0.15793201983082386,2.0
6653.0,0.16126774683456743,2.0
6654.0,0.15913993280419458,2.0
6655.0,0.16093865541232594,2.0
6656.0,0.16536931235693997,2.0
6657.0,0.16644047170879983,2.0
6658.0,0.14780688008348486,1.0
6659.0,0.19863958351022423,2.0
6660.0,0.17238320912398358,2.0
6661.0,0.1662321138970985,2.0
6662.0,0.16668435390224567,2.0
6663.0,0.14951281879636413,0.0
6664.0,0.5668153833478228,2.0
6665.0,0.5219810478544222,2.0
6666.0,0.4796701151240268,2.0
6667.0,0.4290964078985694,2.0
6668.0,0.3751846097381748,2.0
6669.0,0.33511188568833905,2.0
6670.0,0.3009024637156926,2.0
6671.0,0.265221383220143,2.0
6672.0,0.2612611852443365,2.0
6673.0,0.23797977119160452,2.0
6674.0,0.22917093238421116,2.0
6675.0,0.19771460662148868,2.0
6676.0,0.1956265374403618,2.0
6677.0,0.19050336933164624,2.0
6678.0,0.1914253288131802,2.0
6679.0,0.17215321441751708,2.0
6680.0,0.15980388847657923,2.0
6681.0,0.15957892467244866,2.0
6682.0,0.16160772202980844,2.0
6683.0,0.16029692858465452,2.0
6684.0,0.1652490106147931,2.0
6685.0,0.16756806699243654,2.0
6686.0,0.149255387176089,1.0
6687.0,0.18761250542441213,2.0
6688.0,0.16350811104602436,2.0
6689.0,0.1508007105484745,2.0
6690.0,0.14417237467694105,1.0
6691.0,0.16714223487580576,2.0
6692.0,0.1661849902737588,2.0
6693.0,0.1469774914799716,0.0
6694.0,0.4487266429217859,2.0
6695.0,0.4273459565093649,2.0
6696.0,0.39855702514974223,2.0
6697.0,0.35337021285844517,2.0
6698.0,0.32334951653214816,2.0
6699.0,0.2873498302958071,2.0
6700.0,0.2578410503593428,2.0
6701.0,0.24987675745736426,2.0
6702.0,0.22976758780057177,2.0
6703.0,0.2195961075085461,2.0
6704.0,0.21733072886623495,2.0
6705.0,0.20044744320005412,2.0
6706.0,0.18875652126036518,2.0
6707.0,0.18515248765159115,2.0
6708.0,0.18067405337805192,2.0
6709.0,0.17641752911328562,2.0
6710.0,0.16824862379391264,2.0
6711.0,0.16036281299865957,2.0
6712.0,0.158205729631556,2.0
6713.0,0.15468306666747114,2.0
6714.0,0.14877242108660105,1.0
6715.0,0.19224215236564934,2.0
6716.0,0.16498772614506635,2.0
6717.0,0.14859936504740728,1.0
6718.0,0.18716221172928812,2.0
6719.0,0.17184898723433972,2.0
6720.0,0.16334945812679202,2.0
6721.0,0.1638072397964423,2.0
6722.0,0.1573843544580708,2.0
6723.0,0.16233649781544632,2.0
6724.0,0.16154121499878324,2.0
6725.0,0.1409406290065555,1.0
6726.0,0.16256520735069488,2.0
6727.0,0.16830386258387708,2.0
6728.0,0.15307408951802848,2.0
6729.0,0.15256468798139322,2.0
6730.0,0.13935872030817525,0.0
6731.0,0.5042900519752893,2.0
6732.0,0.464626677059175,2.0
6733.0,0.4272610717236471,2.0
6734.0,0.3934889933735368,2.0
6735.0,0.35445379750336825,2.0
6736.0,0.31767157184946987,2.0
6737.0,0.28793800844868045,2.0
6738.0,0.2720100199696056,2.0
6739.0,0.2464212564539024,2.0
6740.0,0.23323877954353606,2.0
6741.0,0.21127866211972676,2.0
6742.0,0.20639852712790094,2.0
6743.0,0.19506886404346874,2.0
6744.0,0.1898217059976685,2.0
6745.0,0.18409686578810197,2.0
6746.0,0.17900548786725395,2.0
6747.0,0.17143158692728067,2.0
6748.0,0.15779905505764863,2.0
6749.0,0.15114244470988097,2.0
6750.0,0.15350075647362105,2.0
6751.0,0.14925654473457284,1.0
6752.0,0.17682579813558127,2.0
6753.0,0.1590878192463136,2.0
6754.0,0.15428135080667002,2.0
6755.0,0.14120972757673178,1.0
6756.0,0.15452053345032637,2.0
6757.0,0.1460483217585593,1.0
6758.0,0.15251510346299274,2.0
6759.0,0.14915731386307782,1.0
6760.0,0.1530589182936641,2.0
6761.0,0.14027776513807066,0.0
6762.0,0.6447660014071068,2.0
6763.0,0.602325060640666,2.0
6764.0,0.5635410426876344,2.0
6765.0,0.5278094471636843,2.0
6766.0,0.49700335541288176,2.0
6767.0,0.47407929737059273,2.0
6768.0,0.4578529247673523,2.0
6769.0,0.4302126701419273,2.0
6770.0,0.40379680058773626,2.0
6771.0,0.40258408057845596,2.0
6772.0,0.3725512564215997,2.0
6773.0,0.3699097897733432,2.0
6774.0,0.33498678965081297,2.0
6775.0,0.33540006749942497,2.0
6776.0,0.3053072326505406,2.0
6777.0,0.28447867049452397,2.0
6778.0,0.2685455594055767,2.0
6779.0,0.2562124067342871,2.0
6780.0,0.2494483076235972,2.0
6781.0,0.24919944050818024,2.0
6782.0,0.23248295796655122,2.0
6783.0,0.2265081321285548,2.0
6784.0,0.22431728890451808,2.0
6785.0,0.22445410746306105,2.0
6786.0,0.21255797677506938,2.0
6787.0,0.2064536025513312,2.0
6788.0,0.20286350727997887,2.0
6789.0,0.20350585592432685,2.0
6790.0,0.20467409424838134,2.0
6791.0,0.20850133216779682,2.0
6792.0,0.21294645474329713,2.0
6793.0,0.19163719085155173,2.0
6794.0,0.19614618905188705,2.0
6795.0,0.20346905783317681,2.0
6796.0,0.20621097341905822,2.0
6797.0,0.18737249668436445,2.0
6798.0,0.19070092590476787,2.0
6799.0,0.19800132391966174,2.0
6800.0,0.20013500941186757,2.0
6801.0,0.20454322869033262,2.0
6802.0,0.18342320024859018,2.0
6803.0,0.18680883473877757,2.0
6804.0,0.18986847343913887,2.0
6805.0,0.19188997205044722,2.0
6806.0,0.17086452806170407,2.0
6807.0,0.17661309289695806,2.0
6808.0,0.16120811675471153,2.0
6809.0,0.15427130546798126,2.0
6810.0,0.15415192420055207,2.0
6811.0,0.15953867307508116,2.0
6812.0,0.16322607076689913,2.0
6813.0,0.152190583455891,2.0
6814.0,0.14780634258706718,1.0
6815.0,0.2014755238875426,2.0
6816.0,0.17716769166765003,2.0
6817.0,0.1705893502028532,2.0
6818.0,0.1489237663653168,1.0
6819.0,0.17055525708095298,2.0
6820.0,0.1670500829760711,2.0
6821.0,0.1646895042384306,2.0
6822.0,0.16373609695346186,2.0
6823.0,0.16610448522876198,2.0
6824.0,0.14445511145833526,1.0
6825.0,0.14534680337935357,1.0
6826.0,0.16725500785256828,2.0
6827.0,0.1488807005840604,1.0
6828.0,0.15019487521704916,2.0
6829.0,0.13172359084196394,1.0
6830.0,0.14916803053883143,1.0
6831.0,0.14671283369454483,1.0
6832.0,0.1469539571088787,0.0
6833.0,0.5615049633004612,2.0
6834.0,0.5247751180480348,2.0
6835.0,0.48294197332928046,2.0
6836.0,0.45087841278992524,2.0
6837.0,0.4312707771694451,2.0
6838.0,0.3848010811577939,2.0
6839.0,0.3594573175720649,2.0
6840.0,0.3388853178076392,2.0
6841.0,0.29492054135426116,2.0
6842.0,0.2643591592106803,2.0
6843.0,0.2732524295514371,2.0
6844.0,0.2660757067553852,2.0
6845.0,0.2579329071292876,2.0
6846.0,0.25182890354761134,2.0
6847.0,0.24756737306897716,2.0
6848.0,0.21754588995959756,2.0
6849.0,0.18667223813545392,2.0
6850.0,0.1888334764434787,2.0
6851.0,0.16766817306575826,2.0
6852.0,0.15544398715508584,2.0
6853.0,0.15514954293916436,2.0
6854.0,0.15644822917104528,2.0
6855.0,0.157298416680307,2.0
6856.0,0.16521602014752762,2.0
6857.0,0.14616662850838233,1.0
6858.0,0.1554746655937238,2.0
6859.0,0.1497440408224308,1.0
6860.0,0.17160288165758208,2.0
6861.0,0.1469591603473724,1.0
6862.0,0.1643957380539025,2.0
6863.0,0.1388688203147198,0.0
6864.0,0.707201105503776,2.0
6865.0,0.6605162545253864,2.0
6866.0,0.6142981842774651,2.0
6867.0,0.5950773789179205,2.0
6868.0,0.5515057551385296,2.0
6869.0,0.5190056208601974,2.0
6870.0,0.473398502622885,2.0
6871.0,0.44021646015976823,2.0
6872.0,0.4160878620765527,2.0
6873.0,0.3712017920330024,2.0
6874.0,0.3598369240473697,2.0
6875.0,0.31176496755668653,2.0
6876.0,0.3079806467696977,2.0
6877.0,0.3180742045612885,2.0
6878.0,0.27580791203107347,2.0
6879.0,0.2793652060385634,2.0
6880.0,0.2663747264512025,2.0
6881.0,0.27395244965369325,2.0
6882.0,0.2386747335118356,2.0
6883.0,0.21597489775644635,2.0
6884.0,0.19680097489260487,2.0
6885.0,0.1989630922458543,2.0
6886.0,0.20489592762704278,2.0
6887.0,0.2060288780546053,2.0
6888.0,0.216670823141916,2.0
6889.0,0.1946101476817677,2.0
6890.0,0.20123322061658816,2.0
6891.0,0.1818709968763793,2.0
6892.0,0.1853873859482278,2.0
6893.0,0.17408256284024118,2.0
6894.0,0.16734926215629714,2.0
6895.0,0.17286952457247984,2.0
6896.0,0.16981126752272802,2.0
6897.0,0.16646951458795853,2.0
6898.0,0.1695480847473566,2.0
6899.0,0.16963021370109238,2.0
6900.0,0.15690104885620493,2.0
6901.0,0.15467772523668422,2.0
6902.0,0.15447112224137882,2.0
6903.0,0.16090655233783907,2.0
6904.0,0.1669592765858787,2.0
6905.0,0.17320569151966297,2.0
6906.0,0.15496405687175335,2.0
6907.0,0.1480072077542505,1.0
6908.0,0.2148327706262546,2.0
6909.0,0.1835398435038242,2.0
6910.0,0.17804903134366074,2.0
6911.0,0.17510640718132456,2.0
6912.0,0.1756699131989089,2.0
6913.0,0.1539874076241399,2.0
6914.0,0.16152674265095082,2.0
6915.0,0.1636205983381559,2.0
6916.0,0.16480407830015964,2.0
6917.0,0.14921350149009177,0.0
6918.0,0.6449199757621453,2.0
6919.0,0.5919356851135342,2.0
6920.0,0.5444973623629015,2.0
6921.0,0.5010033440340675,2.0
6922.0,0.46717078292304237,2.0
6923.0,0.4358677701274909,2.0
6924.0,0.4149578361011885,2.0
6925.0,0.38192462793534554,2.0
6926.0,0.3484444613511032,2.0
6927.0,0.33717495794566665,2.0
6928.0,0.29141169614389895,2.0
6929.0,0.25195718831806047,2.0
6930.0,0.22174314786214971,2.0
6931.0,0.20567525387233354,2.0
6932.0,0.20903072058607125,2.0
6933.0,0.2145987060904847,2.0
6934.0,0.19656404142980183,2.0
6935.0,0.1882800578543561,2.0
6936.0,0.18829771739886986,2.0
6937.0,0.18477313694688768,2.0
6938.0,0.18604163122269063,2.0
6939.0,0.18597349857977022,2.0
6940.0,0.1838643164554865,2.0
6941.0,0.18563325413825585,2.0
6942.0,0.17781020357575558,2.0
6943.0,0.18080853403413455,2.0
6944.0,0.17177803063775088,2.0
6945.0,0.1744676530491307,2.0
6946.0,0.16699229126007825,2.0
6947.0,0.1656249758507003,2.0
6948.0,0.16747567768633997,2.0
6949.0,0.1661930413855212,2.0
6950.0,0.16951935788883496,2.0
6951.0,0.16178612031144043,2.0
6952.0,0.16596742729884328,2.0
6953.0,0.15809582310178638,2.0
6954.0,0.1559253381246875,2.0
6955.0,0.15719470273959274,2.0
6956.0,0.1596628722013606,2.0
6957.0,0.16361994669527602,2.0
6958.0,0.15320909795776574,2.0
6959.0,0.151030810157389,2.0
6960.0,0.15227296783418665,2.0
6961.0,0.15571318362093373,2.0
6962.0,0.15842607545188356,2.0
6963.0,0.1480777742661154,1.0
6964.0,0.1903307105981952,2.0
6965.0,0.1664366761512135,2.0
6966.0,0.15160182397066738,2.0
6967.0,0.1469446895627472,1.0
6968.0,0.17890728273511425,2.0
6969.0,0.17506354816459885,2.0
6970.0,0.17734126461468847,2.0
6971.0,0.17541877793438226,2.0
6972.0,0.17897832373216566,2.0
6973.0,0.17820874069910705,2.0
6974.0,0.1539740609282612,2.0
6975.0,0.1456599758831878,1.0
6976.0,0.16666762732157453,2.0
6977.0,0.16375490187191327,2.0
6978.0,0.1642314290710324,2.0
6979.0,0.14881716297730344,1.0
6980.0,0.23035302310115047,2.0
6981.0,0.20974043637954742,2.0
6982.0,0.187497923388432,2.0
6983.0,0.1801754761355865,2.0
6984.0,0.1674161758525845,2.0
6985.0,0.16071885670570324,2.0
6986.0,0.1573586244549873,2.0
6987.0,0.14219472093411417,1.0
6988.0,0.25977451236026416,2.0
6989.0,0.23910301486089808,2.0
6990.0,0.20291668626388415,2.0
6991.0,0.1896224560869288,2.0
6992.0,0.18557012744805274,2.0
6993.0,0.1620248599500442,2.0
6994.0,0.15689371666093602,2.0
6995.0,0.15854827112023828,2.0
6996.0,0.16077174100279318,2.0
6997.0,0.158844429365164,2.0
6998.0,0.13953007250008687,1.0
6999.0,0.18268673822075776,2.0
7000.0,0.18325605289281133,2.0
7001.0,0.1757419435178487,2.0
7002.0,0.1689148274131742,2.0
7003.0,0.14426814551950612,1.0
7004.0,0.15173763669701296,2.0
7005.0,0.15073518137581499,2.0
7006.0,0.13116864965117145,1.0
7007.0,0.15001994054537882,2.0
7008.0,0.1345626968674613,1.0
7009.0,0.16369979233194576,2.0
7010.0,0.14760445605648218,1.0
7011.0,0.14233388480025974,1.0
7012.0,0.172575026327287,2.0
7013.0,0.16515359229226126,2.0
7014.0,0.1544669539236878,2.0
7015.0,0.14889808554174025,1.0
7016.0,0.15054097784573794,2.0
7017.0,0.13584556880994,1.0
7018.0,0.1504869522032748,2.0
7019.0,0.14744836126339014,1.0
7020.0,0.14516689708746103,1.0
7021.0,0.15896151924776183,2.0
7022.0,0.13899871930691493,0.0
7023.0,0.6116913915323106,2.0
7024.0,0.5653708587578372,2.0
7025.0,0.5412911632100523,2.0
7026.0,0.5021516717670792,2.0
7027.0,0.4685155480923948,2.0
7028.0,0.42587649914499814,2.0
7029.0,0.39618790621973965,2.0
7030.0,0.3542217322548234,2.0
7031.0,0.31318693100488165,2.0
7032.0,0.2719675915582997,2.0
7033.0,0.2454092207552198,2.0
7034.0,0.22319324859720463,2.0
7035.0,0.2106617544772543,2.0
7036.0,0.21291610813467335,2.0
7037.0,0.2058102584610162,2.0
7038.0,0.20089761790872124,2.0
7039.0,0.19990159807353225,2.0
7040.0,0.20563831201468774,2.0
7041.0,0.1800928143947257,2.0
7042.0,0.1795890122235232,2.0
7043.0,0.18195651705144736,2.0
7044.0,0.1824231501454801,2.0
7045.0,0.16551518090661177,2.0
7046.0,0.16894392416873066,2.0
7047.0,0.15785826129964828,2.0
7048.0,0.14808065939776413,0.0
7049.0,0.36083458037950344,2.0
7050.0,0.3036550579776404,2.0
7051.0,0.2566208753985604,2.0
7052.0,0.23409922447754028,2.0
7053.0,0.21355053272287555,2.0
7054.0,0.2027122583135616,2.0
7055.0,0.1725490963139976,2.0
7056.0,0.1538469653413282,2.0
7057.0,0.14207528551548873,1.0
7058.0,0.15687721800063567,2.0
7059.0,0.1361036215688986,1.0
7060.0,0.17922318318822728,2.0
7061.0,0.16723425126807728,2.0
7062.0,0.14270848803392333,1.0
7063.0,0.15922440286263545,2.0
7064.0,0.13955990744522212,1.0
7065.0,0.12917356831779403,0.0
7066.0,0.7112704294566108,2.0
7067.0,0.6602228077473093,2.0
7068.0,0.6380749576706769,2.0
7069.0,0.5919517509976733,2.0
7070.0,0.5562447591543017,2.0
7071.0,0.5131364042227404,2.0
7072.0,0.4956618325821782,2.0
7073.0,0.449524865550182,2.0
7074.0,0.3975365342921937,2.0
7075.0,0.34694168429226824,2.0
7076.0,0.32128150874840944,2.0
7077.0,0.2788685084319029,2.0
7078.0,0.24807731782014375,2.0
7079.0,0.23182432431518443,2.0
7080.0,0.2108796888781389,2.0
7081.0,0.2001320434880066,2.0
7082.0,0.19307593811644475,2.0
7083.0,0.17858817194232213,2.0
7084.0,0.16427584384651167,2.0
7085.0,0.15940398988811583,2.0
7086.0,0.15783825702372006,2.0
7087.0,0.14706880871554195,1.0
7088.0,0.30835425480297,2.0
7089.0,0.28718348178037273,2.0
7090.0,0.255026447694938,2.0
7091.0,0.2223694635892194,2.0
7092.0,0.19467046987861691,2.0
7093.0,0.1997327904342507,2.0
7094.0,0.18848525061645444,2.0
7095.0,0.18092415272799622,2.0
7096.0,0.1749275364912815,2.0
7097.0,0.17046407416776066,2.0
7098.0,0.1479951436818771,0.0
7099.0,0.6587160476633636,2.0
7100.0,0.6335882989958916,2.0
7101.0,0.5841446531806552,2.0
7102.0,0.5373236181622105,2.0
7103.0,0.4952131328881534,2.0
7104.0,0.46007905639464997,2.0
7105.0,0.43489422549104245,2.0
7106.0,0.39199226317324987,2.0
7107.0,0.37164404999704237,2.0
7108.0,0.3252662979417007,2.0
7109.0,0.32270832724839293,2.0
7110.0,0.311460451260692,2.0
7111.0,0.26908819024793607,2.0
7112.0,0.2641672754957135,2.0
7113.0,0.2631188367430724,2.0
7114.0,0.26159420160446234,2.0
7115.0,0.22983223951177761,2.0
7116.0,0.20418707836509198,2.0
7117.0,0.20710723723764313,2.0
7118.0,0.2168969223854663,2.0
7119.0,0.19068858842006192,2.0
7120.0,0.19365323949282212,2.0
7121.0,0.1768096404449479,2.0
7122.0,0.1852199018109021,2.0
7123.0,0.1870499115389917,2.0
7124.0,0.1721242090295605,2.0
7125.0,0.1780370760373683,2.0
7126.0,0.18212366087978543,2.0
7127.0,0.1699948857044762,2.0
7128.0,0.17037339585540517,2.0
7129.0,0.17936377567159556,2.0
7130.0,0.1780547694159264,2.0
7131.0,0.1789689490195058,2.0
7132.0,0.17930261166525108,2.0
7133.0,0.16175498638373248,2.0
7134.0,0.16401998143122817,2.0
7135.0,0.16558991317040728,2.0
7136.0,0.1683321510931831,2.0
7137.0,0.17333931044697098,2.0
7138.0,0.1766772088497735,2.0
7139.0,0.1772395036609924,2.0
7140.0,0.15886006775945036,2.0
7141.0,0.14793888611159903,1.0
7142.0,0.310357424620774,2.0
7143.0,0.278700094654482,2.0
7144.0,0.26816051547848524,2.0
7145.0,0.22415146962960453,2.0
7146.0,0.20366559657299985,2.0
7147.0,0.17008372646974002,2.0
7148.0,0.15288111365516172,2.0
7149.0,0.13533194755507252,1.0
7150.0,0.170912790249097,2.0
7151.0,0.14318393442954416,1.0
7152.0,0.15609192058464846,2.0
7153.0,0.15108199076778317,2.0
7154.0,0.1296632979217184,1.0
7155.0,0.16592889072191136,2.0
7156.0,0.15672247447177562,2.0
7157.0,0.1343139149780962,1.0
7158.0,0.13481285204468368,1.0
7159.0,0.13210526651017748,1.0
7160.0,0.14799263746609073,1.0
7161.0,0.12795033797311928,1.0
7162.0,0.29426350691819825,2.0
7163.0,0.2622055592090786,2.0
7164.0,0.23613283641355032,2.0
7165.0,0.20305152498011914,2.0
7166.0,0.18979066009107254,2.0
7167.0,0.17135363109922236,2.0
7168.0,0.16626009413435683,2.0
7169.0,0.16238226220407048,2.0
7170.0,0.1494136132677672,1.0
7171.0,0.15837065185368293,2.0
7172.0,0.15690654211346938,2.0
7173.0,0.13924664557811262,0.0
7174.0,0.6278991064257697,2.0
7175.0,0.612218548508221,2.0
7176.0,0.569564771214506,2.0
7177.0,0.5369071458912369,2.0
7178.0,0.5213142603167604,2.0
7179.0,0.4872508771121359,2.0
7180.0,0.45527383606857347,2.0
7181.0,0.41155980447407714,2.0
7182.0,0.3662727161119209,2.0
7183.0,0.34992676071362383,2.0
7184.0,0.33676267814150906,2.0
7185.0,0.32717415481565515,2.0
7186.0,0.3225773398226132,2.0
7187.0,0.2835744287952414,2.0
7188.0,0.2797906649216292,2.0
7189.0,0.27743964221101886,2.0
7190.0,0.2776998791382428,2.0
7191.0,0.24172822052599438,2.0
7192.0,0.24427157981193762,2.0
7193.0,0.21629977305292192,2.0
7194.0,0.22020663583216907,2.0
7195.0,0.22458301206170067,2.0
7196.0,0.2286006882870608,2.0
7197.0,0.23088376936472152,2.0
7198.0,0.23554181555559434,2.0
7199.0,0.20849409200761526,2.0
7200.0,0.21442847417518612,2.0
7201.0,0.18978664111605414,2.0
7202.0,0.19142518375047352,2.0
7203.0,0.20096323114074638,2.0
7204.0,0.20415124482268165,2.0
7205.0,0.18142899968653278,2.0
7206.0,0.16763854873640838,2.0
7207.0,0.1678982363500954,2.0
7208.0,0.17347349670120993,2.0
7209.0,0.1753308404089367,2.0
7210.0,0.17915729706170674,2.0
7211.0,0.15955186137982647,2.0
7212.0,0.15080562051747737,2.0
7213.0,0.15115251683692507,2.0
7214.0,0.15471957877535508,2.0
7215.0,0.1570061669918933,2.0
7216.0,0.14713064226267186,1.0
7217.0,0.24222731127231606,2.0
7218.0,0.19827652195458656,2.0
7219.0,0.19901339240690935,2.0
7220.0,0.17740034331507265,2.0
7221.0,0.15327526262289887,2.0
7222.0,0.14050933938065144,1.0
7223.0,0.25395910839635283,2.0
7224.0,0.22974166204908247,2.0
7225.0,0.21536793871032012,2.0
7226.0,0.2026508605771304,2.0
7227.0,0.16990862737910045,2.0
7228.0,0.16437069460143905,2.0
7229.0,0.14184223699901602,1.0
7230.0,0.15951872054632338,2.0
7231.0,0.13613276856015366,1.0
7232.0,0.16721972123446988,2.0
7233.0,0.16009321500017462,2.0
7234.0,0.13979350522424783,1.0
7235.0,0.16239614136610067,2.0
7236.0,0.1544343587810008,2.0
7237.0,0.14648000088123886,1.0
7238.0,0.15091875203117952,2.0
7239.0,0.148904163372137,0.0
7240.0,0.7282967042220949,2.0
7241.0,0.6747855539432334,2.0
7242.0,0.647854989184703,2.0
7243.0,0.6079737202609494,2.0
7244.0,0.558722081654512,2.0
7245.0,0.5077743189654766,2.0
7246.0,0.46078899078865254,2.0
7247.0,0.3993305883379853,2.0
7248.0,0.3670851009614939,2.0
7249.0,0.3192303594705703,2.0
7250.0,0.30186788375318224,2.0
7251.0,0.27657619772720576,2.0
7252.0,0.2584366520641814,2.0
7253.0,0.2386990254229206,2.0
7254.0,0.21478118573333463,2.0
7255.0,0.1930127663863767,2.0
7256.0,0.18785884243138462,2.0
7257.0,0.18525977607047256,2.0
7258.0,0.1873716465137306,2.0
7259.0,0.16634863183073323,2.0
7260.0,0.14862012864301416,0.0
7261.0,0.624988876087913,2.0
7262.0,0.6161804113514435,2.0
7263.0,0.5978184407376246,2.0
7264.0,0.5532742490666953,2.0
7265.0,0.5164859806549712,2.0
7266.0,0.476108689572056,2.0
7267.0,0.42785821445671096,2.0
7268.0,0.37915932916024525,2.0
7269.0,0.35242663840204463,2.0
7270.0,0.3381450051152372,2.0
7271.0,0.32435886607415,2.0
7272.0,0.3159236703947649,2.0
7273.0,0.3088470631740918,2.0
7274.0,0.26726768150169744,2.0
7275.0,0.23209195712005137,2.0
7276.0,0.2328495019089583,2.0
7277.0,0.23583803772994866,2.0
7278.0,0.20453949504636987,2.0
7279.0,0.1915842959948893,2.0
7280.0,0.1950972118720681,2.0
7281.0,0.19550681169575562,2.0
7282.0,0.1834435161109907,2.0
7283.0,0.16948227431571256,2.0
7284.0,0.17071214998455006,2.0
7285.0,0.17457050016787357,2.0
7286.0,0.16132685560034166,2.0
7287.0,0.15520632988438915,2.0
7288.0,0.15470094510116228,2.0
7289.0,0.15736669928775926,2.0
7290.0,0.16019963856419223,2.0
7291.0,0.15129345003581907,2.0
7292.0,0.15260887417059105,2.0
7293.0,0.15502333362018036,2.0
7294.0,0.15596248954284872,2.0
7295.0,0.15856686751248858,2.0
7296.0,0.14331765063414878,1.0
7297.0,0.26526518417720124,2.0
7298.0,0.2364361891941059,2.0
7299.0,0.20986503331350748,2.0
7300.0,0.18780322699987506,2.0
7301.0,0.17572731980464762,2.0
7302.0,0.16852471982656742,2.0
7303.0,0.1536929895584203,2.0
7304.0,0.1518763972860663,2.0
7305.0,0.14412866592845858,1.0
7306.0,0.17014963079011836,2.0
7307.0,0.16429736539652584,2.0
7308.0,0.14664901621205534,1.0
7309.0,0.17693143002261935,2.0
7310.0,0.1659096589547643,2.0
7311.0,0.16589970455596623,2.0
7312.0,0.16586411821846708,2.0
7313.0,0.1620190761395245,2.0
7314.0,0.1617164037340017,2.0
7315.0,0.16025012853054477,2.0
7316.0,0.13966381316155807,1.0
7317.0,0.15235319996573213,2.0
7318.0,0.1370518896082468,1.0
7319.0,0.15860941181064772,2.0
7320.0,0.143807691327422,0.0
7321.0,0.6997972319175575,2.0
7322.0,0.6859716195687398,2.0
7323.0,0.6292721029067012,2.0
7324.0,0.578371064873447,2.0
7325.0,0.5395946849779625,2.0
7326.0,0.497823847633545,2.0
7327.0,0.44813840591915266,2.0
7328.0,0.4736396969385805,2.0
7329.0,0.435730502375719,2.0
7330.0,0.3875347266121222,2.0
7331.0,0.3552718448453055,2.0
7332.0,0.3012799770484069,2.0
7333.0,0.2700651690855691,2.0
7334.0,0.25556844072189144,2.0
7335.0,0.24179472270917188,2.0
7336.0,0.2355150391765085,2.0
7337.0,0.20234641886471139,2.0
7338.0,0.20146188270586263,2.0
7339.0,0.200096749070295,2.0
7340.0,0.19964271778152953,2.0
7341.0,0.20098254094983334,2.0
7342.0,0.17850180440992355,2.0
7343.0,0.18126832019386718,2.0
7344.0,0.17387617172870343,2.0
7345.0,0.1712518252813635,2.0
7346.0,0.15242791297237016,2.0
7347.0,0.1551350196716059,2.0
7348.0,0.14339372515052995,1.0
7349.0,0.20810004938705412,2.0
7350.0,0.1944821404076786,2.0
7351.0,0.1854970954520903,2.0
7352.0,0.15993695433131438,2.0
7353.0,0.15958059701095084,2.0
7354.0,0.15638227548790157,2.0
7355.0,0.15718003514270845,2.0
7356.0,0.16074341563424588,2.0
7357.0,0.13660034118266362,0.0
7358.0,0.6608911913269432,2.0
7359.0,0.626747849407391,2.0
7360.0,0.5849794050865185,2.0
7361.0,0.5437046118493565,2.0
7362.0,0.49613801252644807,2.0
7363.0,0.4530904912125905,2.0
7364.0,0.41784357846778764,2.0
7365.0,0.3803018136133609,2.0
7366.0,0.3619269640721983,2.0
7367.0,0.3380551878511978,2.0
7368.0,0.2826451081385197,2.0
7369.0,0.23834920941244853,2.0
7370.0,0.2394479166587178,2.0
7371.0,0.21407765418589247,2.0
7372.0,0.21951546683134698,2.0
7373.0,0.19391494191145803,2.0
7374.0,0.20002699195353785,2.0
7375.0,0.17529834469155345,2.0
7376.0,0.17867616183010815,2.0
7377.0,0.1644291664971037,2.0
7378.0,0.15415303445144612,2.0
7379.0,0.15315609399118538,2.0
7380.0,0.151205145951958,2.0
7381.0,0.15184092346276018,2.0
7382.0,0.15047328834114118,2.0
7383.0,0.1503784195873935,2.0
7384.0,0.1458369152589881,1.0
7385.0,0.18376576939103934,2.0
7386.0,0.1566487542452374,2.0
7387.0,0.14185364765351174,1.0
7388.0,0.1899837110129094,2.0
7389.0,0.189085834395117,2.0
7390.0,0.16695261772662612,2.0
7391.0,0.1606791289118613,2.0
7392.0,0.16480725932731694,2.0
7393.0,0.14858509157320934,1.0
7394.0,0.17816051706452457,2.0
7395.0,0.16488026240122447,2.0
7396.0,0.15902780501366162,2.0
7397.0,0.15153773483505273,2.0
7398.0,0.1394681878855038,1.0
7399.0,0.1761990595197623,2.0
7400.0,0.182910549701225,2.0
7401.0,0.17950993274320942,2.0
7402.0,0.18132798055345098,2.0
7403.0,0.15416962440679696,2.0
7404.0,0.15474767176005666,2.0
7405.0,0.1570993585283222,2.0
7406.0,0.15583258784790993,2.0
7407.0,0.13731877155193034,1.0
7408.0,0.15554009176320527,2.0
7409.0,0.14015571006279937,1.0
7410.0,0.18741286444869476,2.0
7411.0,0.15553076365577437,2.0
7412.0,0.15141735501940923,2.0
7413.0,0.144777461007567,1.0
7414.0,0.1604948256071909,2.0
7415.0,0.14983210461802857,1.0
7416.0,0.16743324406721788,2.0
7417.0,0.14367789310460932,1.0
7418.0,0.15497639888012,2.0
7419.0,0.13670788796596775,1.0
7420.0,0.1525321142370578,2.0
7421.0,0.1294189961361375,1.0
7422.0,0.14753351369586767,1.0
7423.0,0.1324412570047407,1.0
7424.0,0.1414916594173709,1.0
7425.0,0.12145835051444695,1.0
7426.0,0.13459338813350358,1.0
7427.0,0.1317694166178056,1.0
7428.0,0.16752364021852173,2.0
7429.0,0.14428907039592187,1.0
7430.0,0.16900084795926257,2.0
7431.0,0.15952879739889253,2.0
7432.0,0.15715071788129398,2.0
7433.0,0.13644040687307502,1.0
7434.0,0.16389118484785795,2.0
7435.0,0.152868742265559,2.0
7436.0,0.12963315059006436,1.0
7437.0,0.12126999502998582,1.0
7438.0,0.13855938709200366,1.0
7439.0,0.13469404597908957,1.0
7440.0,0.15124914751379756,2.0
7441.0,0.13873684873348718,1.0
7442.0,0.19534469615620575,2.0
7443.0,0.15947537386061655,2.0
7444.0,0.1334396896793271,1.0
7445.0,0.11665239315750045,0.0
7446.0,0.6890991136647762,2.0
7447.0,0.6421049613858724,2.0
7448.0,0.5956664392356428,2.0
7449.0,0.5505891690641149,2.0
7450.0,0.5136134054213781,2.0
7451.0,0.48301083281506785,2.0
7452.0,0.4571307393080627,2.0
7453.0,0.43684416323304853,2.0
7454.0,0.4035119053594226,2.0
7455.0,0.3962698685347007,2.0
7456.0,0.3864915565417833,2.0
7457.0,0.34989131773459714,2.0
7458.0,0.3472688872646553,2.0
7459.0,0.34586545552949666,2.0
7460.0,0.3098053033784866,2.0
7461.0,0.310760204802652,2.0
7462.0,0.31249727580473274,2.0
7463.0,0.27723851068740824,2.0
7464.0,0.27894246688635077,2.0
7465.0,0.2833556797326019,2.0
7466.0,0.28570096491248803,2.0
7467.0,0.2502736496709706,2.0
7468.0,0.2533264480644578,2.0
7469.0,0.25812945545915916,2.0
7470.0,0.2287986818884712,2.0
7471.0,0.2347769207935933,2.0
7472.0,0.2363289416231823,2.0
7473.0,0.2372405017157103,2.0
7474.0,0.20876993499156532,2.0
7475.0,0.21210827868648566,2.0
7476.0,0.18669181238921198,2.0
7477.0,0.1915906559619362,2.0
7478.0,0.1920726959020863,2.0
7479.0,0.1932135163756044,2.0
7480.0,0.17269126275887425,2.0
7481.0,0.17556421422136453,2.0
7482.0,0.15840319760661709,2.0
7483.0,0.16018403065167514,2.0
7484.0,0.1627885357391666,2.0
7485.0,0.16592722626167147,2.0
7486.0,0.14801884313669397,1.0
7487.0,0.17230219712532246,2.0
7488.0,0.16819587589893714,2.0
7489.0,0.14889656589501338,1.0
7490.0,0.17458311477457114,2.0
7491.0,0.17030964076039712,2.0
7492.0,0.1413161574405781,0.0
7493.0,0.49478760747420275,2.0
7494.0,0.44237848395711094,2.0
7495.0,0.3886716426754039,2.0
7496.0,0.35724904284997483,2.0
7497.0,0.3221017664732624,2.0
7498.0,0.2861267251763583,2.0
7499.0,0.26728419075307686,2.0
7500.0,0.23780210357496995,2.0
7501.0,0.2215108350839056,2.0
7502.0,0.20587393979384372,2.0
7503.0,0.1903416444756486,2.0
7504.0,0.182988943940529,2.0
7505.0,0.18003397577042055,2.0
7506.0,0.17814551663859352,2.0
7507.0,0.16219838803428765,2.0
7508.0,0.16205167873512058,2.0
7509.0,0.14921080805931494,1.0
7510.0,0.17603993994207268,2.0
7511.0,0.15460737557017662,2.0
7512.0,0.16616240558042272,2.0
7513.0,0.16816650770750424,2.0
7514.0,0.14442811623336904,0.0
7515.0,0.6053945380842849,2.0
7516.0,0.5881901428353358,2.0
7517.0,0.5527187420704527,2.0
7518.0,0.5225814304076408,2.0
7519.0,0.4924983495423437,2.0
7520.0,0.4584148985216797,2.0
7521.0,0.4235615772191096,2.0
7522.0,0.3943847913465771,2.0
7523.0,0.3691960415939248,2.0
7524.0,0.34544807091471713,2.0
7525.0,0.3244026191595277,2.0
7526.0,0.31240593510089104,2.0
7527.0,0.3025564528572112,2.0
7528.0,0.30563172354238444,2.0
7529.0,0.29856599593312705,2.0
7530.0,0.29737596320375065,2.0
7531.0,0.2958124697866996,2.0
7532.0,0.29605218623020246,2.0
7533.0,0.29618169132269195,2.0
7534.0,0.29449560001372704,2.0
7535.0,0.29912662723210404,2.0
7536.0,0.29976022822601933,2.0
7537.0,0.29677483627939427,2.0
7538.0,0.2594497012210385,2.0
7539.0,0.23435833493327612,2.0
7540.0,0.23857523237596684,2.0
7541.0,0.20488485607553808,2.0
7542.0,0.18329091637148964,2.0
7543.0,0.18300398064117496,2.0
7544.0,0.18724244647895008,2.0
7545.0,0.19758526333568996,2.0
7546.0,0.17412029871778384,2.0
7547.0,0.1791940900700773,2.0
7548.0,0.16015587404610077,2.0
7549.0,0.16126227539393725,2.0
7550.0,0.14832027960452582,1.0
7551.0,0.16865720825598604,2.0
7552.0,0.1571689771687842,2.0
7553.0,0.15445743710176696,2.0
7554.0,0.1591104041772225,2.0
7555.0,0.14603967596803724,1.0
7556.0,0.16021246175437348,2.0
7557.0,0.16047915625473289,2.0
7558.0,0.14073972023769585,1.0
7559.0,0.18297205860248,2.0
7560.0,0.15942725848444061,2.0
7561.0,0.15183846453495803,2.0
7562.0,0.14979501306312737,1.0
7563.0,0.1656761647625776,2.0
7564.0,0.1422944941797809,1.0
7565.0,0.14914173849168968,1.0
7566.0,0.17070620279030133,2.0
7567.0,0.1525641644582177,2.0
7568.0,0.14769631763351893,1.0
7569.0,0.15572166638707613,2.0
7570.0,0.13694748577577093,1.0
7571.0,0.16087400417139494,2.0
7572.0,0.1575794118175869,2.0
7573.0,0.1362044388734776,0.0
7574.0,0.34014978011174374,2.0
7575.0,0.30612714328781643,2.0
7576.0,0.26238305698595943,2.0
7577.0,0.23424673941240862,2.0
7578.0,0.22394957950316374,2.0
7579.0,0.2085861764860681,2.0
7580.0,0.1827523722396252,2.0
7581.0,0.17793126644113622,2.0
7582.0,0.17382704631861695,2.0
7583.0,0.15374293255542273,2.0
7584.0,0.14652597647832327,1.0
7585.0,0.15432375857442276,2.0
7586.0,0.15476049107832784,2.0
7587.0,0.1569561281796342,2.0
7588.0,0.13513584659029848,1.0
7589.0,0.1466573461888496,1.0
7590.0,0.14696160026307892,1.0
7591.0,0.16913165531513813,2.0
7592.0,0.1622276169191813,2.0
7593.0,0.14202452037987726,1.0
7594.0,0.13716976052366828,1.0
7595.0,0.1453326587365228,1.0
7596.0,0.13787160902027196,1.0
7597.0,0.13998403031509826,1.0
7598.0,0.177340100333081,2.0
7599.0,0.15757151019818383,2.0
7600.0,0.14411826282478718,1.0
7601.0,0.14377201900622627,1.0
7602.0,0.12189458435165165,1.0
7603.0,0.21087366539762442,2.0
7604.0,0.18677833732453947,2.0
7605.0,0.17188198945761585,2.0
7606.0,0.1482144759875732,1.0
7607.0,0.1333908660403954,1.0
7608.0,0.1371085060846484,1.0
7609.0,0.16703348924951622,2.0
7610.0,0.1519608802129675,2.0
7611.0,0.13821075247645037,1.0
7612.0,0.1299529157601655,1.0
7613.0,0.14500694364976396,1.0
7614.0,0.17228839928414325,2.0
7615.0,0.15670514878987646,2.0
7616.0,0.15699124657405428,2.0
7617.0,0.13318145822669425,1.0
7618.0,0.3350642305076217,2.0
7619.0,0.28473204932335305,2.0
7620.0,0.2843627928481821,2.0
7621.0,0.24324375921925911,2.0
7622.0,0.2161955403498812,2.0
7623.0,0.2031386192616168,2.0
7624.0,0.1812341974517337,2.0
7625.0,0.16078942805515184,2.0
7626.0,0.14986752689074587,1.0
7627.0,0.13690291365357174,1.0
7628.0,0.12714724029078112,1.0
7629.0,0.12789509959515677,1.0
7630.0,0.13878471054709668,1.0
7631.0,0.14295636234883546,1.0
7632.0,0.13178661274451328,1.0
7633.0,0.13274529702433802,1.0
7634.0,0.23488617888254532,2.0
7635.0,0.20862843151518742,2.0
7636.0,0.1861678533909516,2.0
7637.0,0.16315027878219396,2.0
7638.0,0.1466784419666989,1.0
7639.0,0.12891337795272836,1.0
7640.0,0.18821718248530805,2.0
7641.0,0.15596448328293744,2.0
7642.0,0.13487317045638153,1.0
7643.0,0.12497144930405983,1.0
7644.0,0.16012238264954837,2.0
7645.0,0.14054398891599995,1.0
7646.0,0.13048099779335776,0.0
7647.0,0.6752356556478782,2.0
7648.0,0.635286567563745,2.0
7649.0,0.5935556318077146,2.0
7650.0,0.556936863422547,2.0
7651.0,0.5301075325253695,2.0
7652.0,0.5193915041129851,2.0
7653.0,0.4896258080615435,2.0
7654.0,0.46339361598309,2.0
7655.0,0.46035997843039034,2.0
7656.0,0.42426666748145225,2.0
7657.0,0.3864530616652579,2.0
7658.0,0.34640757967647473,2.0
7659.0,0.340657122992824,2.0
7660.0,0.3001633656463476,2.0
7661.0,0.26782556405609625,2.0
7662.0,0.2680628705243101,2.0
7663.0,0.2695452863167863,2.0
7664.0,0.2725846257757503,2.0
7665.0,0.2783263464350023,2.0
7666.0,0.27674855880151894,2.0
7667.0,0.2777617349200172,2.0
7668.0,0.278865373113719,2.0
7669.0,0.27985597834859294,2.0
7670.0,0.2900568428341961,2.0
7671.0,0.2903839710645088,2.0
7672.0,0.29394004474428015,2.0
7673.0,0.26070546980766013,2.0
7674.0,0.2238468863733152,2.0
7675.0,0.1962417691092606,2.0
7676.0,0.20060816248790164,2.0
7677.0,0.18285121447096797,2.0
7678.0,0.1787861396869242,2.0
7679.0,0.17908353805223484,2.0
7680.0,0.16303246373039193,2.0
7681.0,0.16556154547612367,2.0
7682.0,0.15223221306924936,2.0
7683.0,0.15566814356572725,2.0
7684.0,0.14542726913832849,1.0
7685.0,0.24877061624415736,2.0
7686.0,0.22303785951885682,2.0
7687.0,0.20254238947392195,2.0
7688.0,0.18085623986661714,2.0
7689.0,0.17035261472812757,2.0
7690.0,0.15626914795916247,2.0
7691.0,0.15091002574647044,2.0
7692.0,0.1424472406431294,1.0
7693.0,0.17162989011419352,2.0
7694.0,0.15303276594303583,2.0
7695.0,0.14645091654237374,0.0
7696.0,0.5388836597692148,2.0
7697.0,0.4945866893722102,2.0
7698.0,0.4365154791522193,2.0
7699.0,0.39296435681438396,2.0
7700.0,0.35140077458128816,2.0
7701.0,0.306522377231247,2.0
7702.0,0.27317566134469845,2.0
7703.0,0.24679487751223272,2.0
7704.0,0.23105697247418008,2.0
7705.0,0.20704105463829592,2.0
7706.0,0.1935288362528351,2.0
7707.0,0.19158978872900928,2.0
7708.0,0.19259778438869934,2.0
7709.0,0.18448248802151318,2.0
7710.0,0.18062541306840024,2.0
7711.0,0.16015230699661476,2.0
7712.0,0.14541562052291185,0.0
7713.0,0.6672817484120782,2.0
7714.0,0.6221627516542801,2.0
7715.0,0.5915755633519881,2.0
7716.0,0.5560117341662288,2.0
7717.0,0.5173758335144085,2.0
7718.0,0.4730595502876465,2.0
7719.0,0.4269533914662703,2.0
7720.0,0.3806018727458653,2.0
7721.0,0.36193740717811995,2.0
7722.0,0.31946239922992326,2.0
7723.0,0.31411475060182237,2.0
7724.0,0.2807084790797397,2.0
7725.0,0.25210449375273647,2.0
7726.0,0.2414695490263591,2.0
7727.0,0.21296781326955322,2.0
7728.0,0.19533796085781185,2.0
7729.0,0.189323588527153,2.0
7730.0,0.18591598896455924,2.0
7731.0,0.18438843903924496,2.0
7732.0,0.18438630736546854,2.0
7733.0,0.1853657151570377,2.0
7734.0,0.17243644053869986,2.0
7735.0,0.16019279512646475,2.0
7736.0,0.15615812644831123,2.0
7737.0,0.14727967955867594,1.0
7738.0,0.1934989423891439,2.0
7739.0,0.1652344632808313,2.0
7740.0,0.14836816429959826,1.0
7741.0,0.17799715302409166,2.0
7742.0,0.15942075034272277,2.0
7743.0,0.15035331080365283,2.0
7744.0,0.1460416073898826,1.0
7745.0,0.19089430214675746,2.0
7746.0,0.17769391881279634,2.0
7747.0,0.1524403850830128,2.0
7748.0,0.13335994557960656,1.0
7749.0,0.19594084089479294,2.0
7750.0,0.17155377013149986,2.0
7751.0,0.15464259032196193,2.0
7752.0,0.13812575074672429,1.0
7753.0,0.13469463388470473,1.0
7754.0,0.1350334584892015,1.0
7755.0,0.13990242841578607,1.0
7756.0,0.13370500187295084,1.0
7757.0,0.11747776474907912,0.0
7758.0,0.4416187282014846,2.0
7759.0,0.385306636414839,2.0
7760.0,0.34094827235240566,2.0
7761.0,0.29716416034912685,2.0
7762.0,0.2635305828715946,2.0
7763.0,0.23779476288602505,2.0
7764.0,0.213333548894583,2.0
7765.0,0.1901838622553027,2.0
7766.0,0.17503630609658055,2.0
7767.0,0.16314406151601404,2.0
7768.0,0.15739592296799887,2.0
7769.0,0.14079299416400412,1.0
7770.0,0.2203593894145856,2.0
7771.0,0.19512212971542986,2.0
7772.0,0.16830429458384186,2.0
7773.0,0.166524677206204,2.0
7774.0,0.1453635806247496,1.0
7775.0,0.16107213192148875,2.0
7776.0,0.15636759392703925,2.0
7777.0,0.1472232681083902,0.0
7778.0,0.5004485312983874,2.0
7779.0,0.4800814156779072,2.0
7780.0,0.4323460405306411,2.0
7781.0,0.40036066704919326,2.0
7782.0,0.3523534418450597,2.0
7783.0,0.32764962767508504,2.0
7784.0,0.3142327719503345,2.0
7785.0,0.2701471500915058,2.0
7786.0,0.22476793702264575,2.0
7787.0,0.22083644550498527,2.0
7788.0,0.203898197461029,2.0
7789.0,0.1744707434942183,2.0
7790.0,0.1719195603773062,2.0
7791.0,0.16130214352568922,2.0
7792.0,0.1549823129464499,2.0
7793.0,0.15021620042032985,2.0
7794.0,0.14479909577283262,1.0
7795.0,0.18113545775230638,2.0
7796.0,0.17765299240204693,2.0
7797.0,0.1617091820446106,2.0
7798.0,0.15760541917551563,2.0
7799.0,0.14824928744206362,1.0
7800.0,0.15805793806376123,2.0
7801.0,0.14869533301859805,1.0
7802.0,0.13187448024581744,1.0
7803.0,0.16728136204454758,2.0
7804.0,0.15059190184490606,2.0
7805.0,0.16296832147896678,2.0
7806.0,0.14458560098835085,1.0
7807.0,0.17211884393155968,2.0
7808.0,0.15718048978735522,2.0
7809.0,0.13596609066114518,1.0
7810.0,0.1364447363881297,1.0
7811.0,0.14769067051345697,1.0
7812.0,0.28908205109465285,2.0
7813.0,0.2420529045637856,2.0
7814.0,0.20479169987379245,2.0
7815.0,0.18353542195779185,2.0
7816.0,0.17366009511418065,2.0
7817.0,0.16027139269422402,2.0
7818.0,0.14548830335663185,1.0
7819.0,0.25065962253343715,2.0
7820.0,0.24809929968282105,2.0
7821.0,0.22109660241084095,2.0
7822.0,0.2003777763175985,2.0
7823.0,0.16903016900395812,2.0
7824.0,0.1575039358980836,2.0
7825.0,0.1525037394129869,2.0
7826.0,0.149751630368462,1.0
7827.0,0.14572174519700132,1.0
7828.0,0.14164715828869667,1.0
7829.0,0.16116274865748176,2.0
7830.0,0.13941999764004437,1.0
7831.0,0.14233236156710638,1.0
7832.0,0.13877568190508419,1.0
7833.0,0.19485649901686591,2.0
7834.0,0.16356297574427256,2.0
7835.0,0.14538719694017135,1.0
7836.0,0.14160223316345233,1.0
7837.0,0.1523735483568378,2.0
7838.0,0.14090377868735113,1.0
7839.0,0.1368970560499714,0.0
7840.0,0.49376428185720145,2.0
7841.0,0.4588069922302995,2.0
7842.0,0.4254174334485401,2.0
7843.0,0.3963333876226158,2.0
7844.0,0.37352006903843105,2.0
7845.0,0.3560268110125209,2.0
7846.0,0.3426567525596352,2.0
7847.0,0.2968411336396003,2.0
7848.0,0.2563387051171664,2.0
7849.0,0.24564704286354652,2.0
7850.0,0.21549837024573182,2.0
7851.0,0.19401819529301906,2.0
7852.0,0.1842539146543064,2.0
7853.0,0.17366294485319725,2.0
7854.0,0.16250731894356618,2.0
7855.0,0.16829052304020192,2.0
7856.0,0.16444047887899732,2.0
7857.0,0.16356868626171206,2.0
7858.0,0.14764015478263293,1.0
7859.0,0.15910509975896742,2.0
7860.0,0.1371244266905268,1.0
7861.0,0.2009773115740577,2.0
7862.0,0.17982443107336316,2.0
7863.0,0.18026948932805897,2.0
7864.0,0.16529334756109548,2.0
7865.0,0.14389844058805468,1.0
7866.0,0.1593459966474411,2.0
7867.0,0.1350740150715484,1.0
7868.0,0.13107821348052057,0.0
7869.0,0.7057181986636494,2.0
7870.0,0.6554306961457051,2.0
7871.0,0.60493731197401,2.0
7872.0,0.6084740323595925,2.0
7873.0,0.5630365246978333,2.0
7874.0,0.5217227270270521,2.0
7875.0,0.4910153927674362,2.0
7876.0,0.4641924992406602,2.0
7877.0,0.421610006371092,2.0
7878.0,0.4096264115239282,2.0
7879.0,0.4018274673411648,2.0
7880.0,0.3903392449989687,2.0
7881.0,0.34745495367039897,2.0
7882.0,0.3072058543102591,2.0
7883.0,0.28096340052330365,2.0
7884.0,0.24728328220922363,2.0
7885.0,0.22166758425072386,2.0
7886.0,0.2227220630975628,2.0
7887.0,0.22478557557882173,2.0
7888.0,0.2285027799243885,2.0
7889.0,0.2344338725108706,2.0
7890.0,0.23595133297455562,2.0
7891.0,0.23969096122721947,2.0
7892.0,0.20671402052461169,2.0
7893.0,0.21766843418941417,2.0
7894.0,0.2190658635863994,2.0
7895.0,0.19050204054902892,2.0
7896.0,0.1720592090921626,2.0
7897.0,0.17371654520590799,2.0
7898.0,0.16017092150084078,2.0
7899.0,0.16282806301527358,2.0
7900.0,0.14955373285838952,1.0
7901.0,0.1746733368562664,2.0
7902.0,0.17266335404998243,2.0
7903.0,0.14972067194458355,1.0
7904.0,0.2151350549601064,2.0
7905.0,0.19505003141130806,2.0
7906.0,0.1796527566693687,2.0
7907.0,0.15518820688971335,2.0
7908.0,0.1472777347006996,1.0
7909.0,0.20456374467804284,2.0
7910.0,0.18499790486163234,2.0
7911.0,0.1537263044932089,2.0
7912.0,0.1327977598075913,0.0
7913.0,0.45610624242335107,2.0
7914.0,0.39364739258550313,2.0
7915.0,0.34128440782729796,2.0
7916.0,0.3097841724870442,2.0
7917.0,0.28173785049511635,2.0
7918.0,0.2574994203173517,2.0
7919.0,0.23969131106513536,2.0
7920.0,0.20289791537589966,2.0
7921.0,0.1708008713928455,2.0
7922.0,0.17211492169121267,2.0
7923.0,0.16718230363344314,2.0
7924.0,0.16397200880817264,2.0
7925.0,0.16050090776605014,2.0
7926.0,0.16616095188468893,2.0
7927.0,0.14557559443523135,1.0
7928.0,0.1564303504983376,2.0
7929.0,0.13656275586332833,1.0
7930.0,0.15374806858979362,2.0
7931.0,0.1500667095955011,2.0
7932.0,0.15037870077032228,2.0
7933.0,0.15033233406998026,2.0
7934.0,0.1290689947333431,1.0
7935.0,0.15052239177150295,2.0
7936.0,0.14429245763915813,1.0
7937.0,0.19468926458256086,2.0
7938.0,0.19468926458256092,2.0
7939.0,0.1808539480661234,2.0
7940.0,0.19898432525420828,2.0
7941.0,0.19143545520466537,2.0
7942.0,0.17544754404027274,2.0
7943.0,0.1674073050814984,2.0
7944.0,0.16418845098229645,2.0
7945.0,0.1563406629480244,2.0
7946.0,0.1333859915305302,1.0
7947.0,0.1387302131105675,1.0
7948.0,0.1659856598398339,2.0
7949.0,0.15620875207432164,2.0
7950.0,0.1474524199992657,1.0
7951.0,0.1477109332444091,1.0
7952.0,0.13946488163138188,1.0
7953.0,0.1599094111162277,2.0
7954.0,0.14480743139381633,1.0
7955.0,0.12629151713335188,1.0
7956.0,0.15479217166441167,2.0
7957.0,0.15072137786465942,2.0
7958.0,0.14160189960746053,1.0
7959.0,0.2020766625529428,2.0
7960.0,0.17409335994061628,2.0
7961.0,0.16374580753944162,2.0
7962.0,0.14902866173481902,1.0
7963.0,0.2007537128254881,2.0
7964.0,0.17027212918750764,2.0
7965.0,0.1554531408223856,2.0
7966.0,0.14275505560271598,1.0
7967.0,0.14028774138611633,1.0
7968.0,0.13338250101943855,1.0
7969.0,0.1178469420150001,1.0
7970.0,0.19948962634101322,2.0
7971.0,0.16723083883776146,2.0
7972.0,0.1497432248557301,0.0
7973.0,0.7034540544361993,2.0
7974.0,0.6573391068839889,2.0
7975.0,0.6134782298952359,2.0
7976.0,0.5800180007587035,2.0
7977.0,0.5353631668310419,2.0
7978.0,0.4973444247475334,2.0
7979.0,0.4687740938502907,2.0
7980.0,0.4287238353409954,2.0
7981.0,0.38892905447689496,2.0
7982.0,0.3416346374537872,2.0
7983.0,0.3308179849923466,2.0
7984.0,0.28610969766130584,2.0
7985.0,0.28184186625103425,2.0
7986.0,0.2461443863115086,2.0
7987.0,0.2485177539330134,2.0
7988.0,0.2506015004288458,2.0
7989.0,0.25197386969229824,2.0
7990.0,0.2263984355054271,2.0
7991.0,0.22777437483222568,2.0
7992.0,0.21404045741594574,2.0
7993.0,0.19291088125394035,2.0
7994.0,0.1952456562516815,2.0
7995.0,0.17554323085038287,2.0
7996.0,0.17095045800905043,2.0
7997.0,0.16928702599833872,2.0
7998.0,0.1707603420594021,2.0
7999.0,0.1537499748443707,2.0
8000.0,0.1479340153400188,1.0
8001.0,0.18206582018337142,2.0
8002.0,0.17295855778773545,2.0
8003.0,0.16834857478816098,2.0
8004.0,0.1617520391064547,2.0
8005.0,0.14637086698484214,1.0
8006.0,0.19043866566849899,2.0
8007.0,0.17753709260833944,2.0
8008.0,0.1727436922022418,2.0
8009.0,0.1475680769760508,1.0
8010.0,0.15541528944427865,2.0
8011.0,0.14809278567615294,1.0
8012.0,0.1250519366615045,1.0
8013.0,0.12624766195469228,1.0
8014.0,0.12603756201571598,1.0
8015.0,0.12147544702124682,1.0
8016.0,0.23989319303559298,2.0
8017.0,0.20845899389491968,2.0
8018.0,0.18488278748803733,2.0
8019.0,0.1547841932583194,2.0
8020.0,0.13334804918972093,1.0
8021.0,0.11808930912976637,1.0
8022.0,0.1403580849734557,1.0
8023.0,0.13197596820384128,1.0
8024.0,0.12066366055780192,1.0
8025.0,0.12865827613239034,1.0
8026.0,0.1253754901361179,1.0
8027.0,0.12382762751419614,1.0
8028.0,0.1299199795112101,1.0
8029.0,0.31809942388242685,2.0
8030.0,0.2816693989620388,2.0
8031.0,0.24799029216806318,2.0
8032.0,0.2235141246929503,2.0
8033.0,0.20970236964618127,2.0
8034.0,0.17610494717510644,2.0
8035.0,0.14863342013353986,1.0
8036.0,0.14834546282107364,1.0
8037.0,0.1499388192804468,1.0
8038.0,0.24071656031391553,2.0
8039.0,0.2133876706433363,2.0
8040.0,0.20248112382372496,2.0
8041.0,0.20744744120520672,2.0
8042.0,0.17035524472350844,2.0
8043.0,0.1635465284454046,2.0
8044.0,0.14061645018434193,0.0
8045.0,0.6486003998330762,2.0
8046.0,0.6283003759534088,2.0
8047.0,0.5891861824920045,2.0
8048.0,0.5454603928836806,2.0
8049.0,0.5097300130845593,2.0
8050.0,0.47375822588007316,2.0
8051.0,0.45156781630157095,2.0
8052.0,0.4266280997817198,2.0
8053.0,0.4075472276869033,2.0
8054.0,0.3889828337160718,2.0
8055.0,0.37777477879434174,2.0
8056.0,0.36799338602741427,2.0
8057.0,0.3593990934198814,2.0
8058.0,0.35116476772035127,2.0
8059.0,0.34561836955412684,2.0
8060.0,0.3073050542033745,2.0
8061.0,0.3065598625185386,2.0
8062.0,0.27032964032470175,2.0
8063.0,0.2736254025414687,2.0
8064.0,0.2746341979218075,2.0
8065.0,0.2755967124594524,2.0
8066.0,0.2788325137419561,2.0
8067.0,0.24604996255433417,2.0
8068.0,0.21808414282065322,2.0
8069.0,0.22232057317939813,2.0
8070.0,0.22531457148111653,2.0
8071.0,0.19947102867298222,2.0
8072.0,0.18269665669076512,2.0
8073.0,0.17473432424311036,2.0
8074.0,0.1711475757151523,2.0
8075.0,0.17191848316923689,2.0
8076.0,0.17681694020550376,2.0
8077.0,0.18032692870064043,2.0
8078.0,0.1853400132700146,2.0
8079.0,0.16685826753358413,2.0
8080.0,0.16807527749582482,2.0
8081.0,0.15818432458642986,2.0
8082.0,0.15858048750535328,2.0
8083.0,0.1511052168451093,2.0
8084.0,0.1541131458061048,2.0
8085.0,0.153528183464131,2.0
8086.0,0.15565667744954423,2.0
8087.0,0.15132867655762902,2.0
8088.0,0.14318677109620648,1.0
8089.0,0.20435376944421335,2.0
8090.0,0.1944197753409589,2.0
8091.0,0.20461666366834225,2.0
8092.0,0.17696561738268213,2.0
8093.0,0.15372439582714975,2.0
8094.0,0.15499875905258254,2.0
8095.0,0.14997957939158627,1.0
8096.0,0.15800414120545458,2.0
8097.0,0.15535724861996578,2.0
8098.0,0.13687046577060674,0.0
8099.0,0.6854773426857478,2.0
8100.0,0.6757900623264497,2.0
8101.0,0.6722644116167816,2.0
8102.0,0.6647379213504465,2.0
8103.0,0.6415666721607104,2.0
8104.0,0.6208316240380218,2.0
8105.0,0.5848623745203309,2.0
8106.0,0.5375586861255125,2.0
8107.0,0.49403089975084935,2.0
8108.0,0.4575035502632765,2.0
8109.0,0.4102803669192916,2.0
8110.0,0.3594672532884497,2.0
8111.0,0.31298897062341785,2.0
8112.0,0.2951040050000805,2.0
8113.0,0.2881025184173652,2.0
8114.0,0.2575479405226211,2.0
8115.0,0.2437047671031511,2.0
8116.0,0.22674548152573054,2.0
8117.0,0.2180042116140191,2.0
8118.0,0.21877131500599237,2.0
8119.0,0.22175270489886123,2.0
8120.0,0.2239345876374641,2.0
8121.0,0.22286446622552517,2.0
8122.0,0.2217583194502085,2.0
8123.0,0.22164528005881823,2.0
8124.0,0.2225320009144009,2.0
8125.0,0.19506671940823106,2.0
8126.0,0.1966043781368655,2.0
8127.0,0.17458227513686286,2.0
8128.0,0.15962841623354135,2.0
8129.0,0.165733709946344,2.0
8130.0,0.1680964293780599,2.0
8131.0,0.15411645569280102,2.0
8132.0,0.14707917069051019,0.0
8133.0,0.6919401604903008,2.0
8134.0,0.6465155117917127,2.0
8135.0,0.6013694938555119,2.0
8136.0,0.5564152778003992,2.0
8137.0,0.5239235466818443,2.0
8138.0,0.481197712268418,2.0
8139.0,0.45083972873460054,2.0
8140.0,0.40337022368901027,2.0
8141.0,0.38348573997631896,2.0
8142.0,0.3661157446059087,2.0
8143.0,0.35719931967860985,2.0
8144.0,0.3449370372679248,2.0
8145.0,0.3376895173764828,2.0
8146.0,0.3333364838448345,2.0
8147.0,0.3242846302165072,2.0
8148.0,0.28256190623490074,2.0
8149.0,0.25661383357371437,2.0
8150.0,0.22784853706336694,2.0
8151.0,0.2329047648457997,2.0
8152.0,0.24103032506438538,2.0
8153.0,0.24237413993505877,2.0
8154.0,0.22697539579415665,2.0
8155.0,0.21314868877504456,2.0
8156.0,0.19760578102286624,2.0
8157.0,0.19607607964690082,2.0
8158.0,0.19618000581606387,2.0
8159.0,0.19779631381591561,2.0
8160.0,0.18336527224440588,2.0
8161.0,0.1793246586695012,2.0
8162.0,0.17631806129159294,2.0
8163.0,0.16980563850977637,2.0
8164.0,0.1666498602973724,2.0
8165.0,0.16395948602818414,2.0
8166.0,0.1662068009823412,2.0
8167.0,0.1673338209185936,2.0
8168.0,0.17200985135027652,2.0
8169.0,0.1775128034333503,2.0
8170.0,0.1890918189624575,2.0
8171.0,0.19126660505804122,2.0
8172.0,0.17022569492882728,2.0
8173.0,0.15881990882744645,2.0
8174.0,0.16503409100961028,2.0
8175.0,0.15030925585456817,2.0
8176.0,0.14654864327684441,0.0
8177.0,0.6353577829888202,2.0
8178.0,0.6079172186822047,2.0
8179.0,0.5802334033837919,2.0
8180.0,0.5530472440453084,2.0
8181.0,0.5075599546368958,2.0
8182.0,0.486562889845197,2.0
8183.0,0.46030358599962634,2.0
8184.0,0.4109893980600698,2.0
8185.0,0.36615491754448704,2.0
8186.0,0.3239535986149565,2.0
8187.0,0.3002689544416989,2.0
8188.0,0.2577528678682074,2.0
8189.0,0.24760223670879034,2.0
8190.0,0.25120348871869963,2.0
8191.0,0.21703444629617197,2.0
8192.0,0.21186816519513946,2.0
8193.0,0.18863770645573336,2.0
8194.0,0.18081484477861265,2.0
8195.0,0.17836813823304226,2.0
8196.0,0.17751254435074004,2.0
8197.0,0.1791769623888567,2.0
8198.0,0.18870820660473048,2.0
8199.0,0.16247110272048076,2.0
8200.0,0.1504055506795979,2.0
8201.0,0.15644011894978926,2.0
8202.0,0.14493453921960886,1.0
8203.0,0.22637122435163604,2.0
8204.0,0.2128632751938923,2.0
8205.0,0.1816232608616565,2.0
8206.0,0.16924153716598483,2.0
8207.0,0.15774638764919874,2.0
8208.0,0.1477088221033045,1.0
8209.0,0.18121611732953885,2.0
8210.0,0.1737049674842363,2.0
8211.0,0.16852926083848796,2.0
8212.0,0.14745067793569105,1.0
8213.0,0.15871102933354678,2.0
8214.0,0.14512278709522478,1.0
8215.0,0.17086940798249256,2.0
8216.0,0.17140344612807235,2.0
8217.0,0.16625944495010483,2.0
8218.0,0.14236197112374632,1.0
8219.0,0.15717776338777656,2.0
8220.0,0.15081428552350834,2.0
8221.0,0.13618758394606933,1.0
8222.0,0.17752013982438364,2.0
8223.0,0.15239724852649061,2.0
8224.0,0.15313396807635368,2.0
8225.0,0.1513916208880993,2.0
8226.0,0.13717899185080218,1.0
8227.0,0.1365156729651833,1.0
8228.0,0.14709963677343574,1.0
8229.0,0.1363953630777592,1.0
8230.0,0.14599451341621072,1.0
8231.0,0.14120771568886953,1.0
8232.0,0.1919127353832939,2.0
8233.0,0.16533413198946123,2.0
8234.0,0.1519429775877412,2.0
8235.0,0.13962486634294105,1.0
8236.0,0.15572262002249593,2.0
8237.0,0.15347774608980624,2.0
8238.0,0.1369942380606629,1.0
8239.0,0.14395048677979122,0.0
8240.0,0.7438664585061596,2.0
8241.0,0.6979131489639377,2.0
8242.0,0.6669517401235283,2.0
8243.0,0.603427973952593,2.0
8244.0,0.5489426369570504,2.0
8245.0,0.4905743293252068,2.0
8246.0,0.43875304694486567,2.0
8247.0,0.37879993041188487,2.0
8248.0,0.32556730691578634,2.0
8249.0,0.30413510410029176,2.0
8250.0,0.28614885874889595,2.0
8251.0,0.24006228916196504,2.0
8252.0,0.2319026953536164,2.0
8253.0,0.20095676666569184,2.0
8254.0,0.20955942568680136,2.0
8255.0,0.18386276959973802,2.0
8256.0,0.17991803041667428,2.0
8257.0,0.1640811168936485,2.0
8258.0,0.14898086842477357,0.0
8259.0,0.6574713634627499,2.0
8260.0,0.6079089649683305,2.0
8261.0,0.5655648821912724,2.0
8262.0,0.529732059972736,2.0
8263.0,0.49803590771562456,2.0
8264.0,0.46746047390972917,2.0
8265.0,0.4373991737151848,2.0
8266.0,0.3970694943786029,2.0
8267.0,0.3803039324510269,2.0
8268.0,0.37248922944432633,2.0
8269.0,0.36322091592632816,2.0
8270.0,0.3219661465625697,2.0
8271.0,0.32343930918019836,2.0
8272.0,0.28972127507883016,2.0
8273.0,0.29124776268431396,2.0
8274.0,0.2631834496613213,2.0
8275.0,0.23880112994545527,2.0
8276.0,0.24178142101840505,2.0
8277.0,0.21971259172517688,2.0
8278.0,0.20606987520852138,2.0
8279.0,0.20506024831469236,2.0
8280.0,0.2063768748964001,2.0
8281.0,0.20712578998264797,2.0
8282.0,0.19777224323357157,2.0
8283.0,0.20112680996134613,2.0
8284.0,0.20395483694533167,2.0
8285.0,0.21033360947518256,2.0
8286.0,0.21920805459271875,2.0
8287.0,0.19674790129518088,2.0
8288.0,0.1809489073927545,2.0
8289.0,0.19216381620566625,2.0
8290.0,0.19285879996567842,2.0
8291.0,0.20148382649859387,2.0
8292.0,0.1801160020040834,2.0
8293.0,0.18438034011817744,2.0
8294.0,0.1867240976178653,2.0
8295.0,0.173522679589697,2.0
8296.0,0.17855697576038712,2.0
8297.0,0.1646431368217185,2.0
8298.0,0.15600976709618014,2.0
8299.0,0.15458558312463597,2.0
8300.0,0.15707113483857787,2.0
8301.0,0.14994148919603728,1.0
8302.0,0.2259009273273328,2.0
8303.0,0.20651321570537343,2.0
8304.0,0.18188681995258443,2.0
8305.0,0.1720616198118681,2.0
8306.0,0.1702372564564279,2.0
8307.0,0.16770118320553798,2.0
8308.0,0.14762020926585712,1.0
8309.0,0.21287680543592546,2.0
8310.0,0.1834451160458396,2.0
8311.0,0.16666824707253797,2.0
8312.0,0.15898390789284078,2.0
8313.0,0.1484904052529482,0.0
8314.0,0.5862150052249645,2.0
8315.0,0.5431940618216871,2.0
8316.0,0.4890469482896812,2.0
8317.0,0.4526419464024978,2.0
8318.0,0.4303731796055391,2.0
8319.0,0.4023340934144862,2.0
8320.0,0.35243781570629856,2.0
8321.0,0.3198012509108753,2.0
8322.0,0.27954382928066884,2.0
8323.0,0.25417183960879514,2.0
8324.0,0.23642743714224018,2.0
8325.0,0.21127952083705737,2.0
8326.0,0.20191046093614384,2.0
8327.0,0.19046015296970595,2.0
8328.0,0.18728364915150222,2.0
8329.0,0.17427301486084684,2.0
8330.0,0.18278283845697474,2.0
8331.0,0.1731148840215337,2.0
8332.0,0.17289679307093261,2.0
8333.0,0.16816554168547473,2.0
8334.0,0.16711385282174612,2.0
8335.0,0.15733828027192798,2.0
8336.0,0.15180017480919306,2.0
8337.0,0.14968292358513519,1.0
8338.0,0.1945398572522978,2.0
8339.0,0.16604508383353786,2.0
8340.0,0.16697632235954277,2.0
8341.0,0.15548658061099868,2.0
8342.0,0.16273604020107152,2.0
8343.0,0.16297130035817395,2.0
8344.0,0.16138660368914645,2.0
8345.0,0.14602209750195883,1.0
8346.0,0.22221960340515584,2.0
8347.0,0.205485349058592,2.0
8348.0,0.18516258950018477,2.0
8349.0,0.1853391862127009,2.0
8350.0,0.17849086060614094,2.0
8351.0,0.16065071234260142,2.0
8352.0,0.1687611882511734,2.0
8353.0,0.1608911458257687,2.0
8354.0,0.1444231188509986,1.0
8355.0,0.16610466317648342,2.0
8356.0,0.16085496807531635,2.0
8357.0,0.15590754402469303,2.0
8358.0,0.15593208065374697,2.0
8359.0,0.15666391434054636,2.0
8360.0,0.13613801422293997,1.0
8361.0,0.20711372892155222,2.0
8362.0,0.19207650644883872,2.0
8363.0,0.16573909329439213,2.0
8364.0,0.16508811453407723,2.0
8365.0,0.163910706789053,2.0
8366.0,0.14986307052936032,1.0
8367.0,0.16468924552642122,2.0
8368.0,0.14741597395879583,1.0
8369.0,0.14142810604306205,1.0
8370.0,0.26187156566506037,2.0
8371.0,0.22244456288865627,2.0
8372.0,0.23465862792395661,2.0
8373.0,0.20483113771161232,2.0
8374.0,0.18335019115104245,2.0
8375.0,0.1694262320229657,2.0
8376.0,0.15786463655951352,2.0
8377.0,0.14235814638582944,1.0
8378.0,0.18575696506992317,2.0
8379.0,0.16310019127882017,2.0
8380.0,0.152739870233507,2.0
8381.0,0.1630463710466748,2.0
8382.0,0.15460970908619315,2.0
8383.0,0.13331022189870712,1.0
8384.0,0.13079025252049067,1.0
8385.0,0.14776740368236355,1.0
8386.0,0.23073154703869336,2.0
8387.0,0.1948021775296016,2.0
8388.0,0.1858233365377027,2.0
8389.0,0.16482610164471934,2.0
8390.0,0.14771062353263698,1.0
8391.0,0.18427225731800215,2.0
8392.0,0.18768924164738138,2.0
8393.0,0.16682860082786,2.0
8394.0,0.15126540563744512,2.0
8395.0,0.14035815582029873,1.0
8396.0,0.12427771156149385,1.0
8397.0,0.19047876600937091,2.0
8398.0,0.1679729701425483,2.0
8399.0,0.1546536983252933,2.0
8400.0,0.13318878617244417,1.0
8401.0,0.13259692068289428,1.0
8402.0,0.2034392443671127,2.0
8403.0,0.18206626790200234,2.0
8404.0,0.16827964992014763,2.0
8405.0,0.15566238388306164,2.0
8406.0,0.13665381633691942,1.0
8407.0,0.1384045007604348,1.0
8408.0,0.1322279804048857,1.0
8409.0,0.13103583506582067,1.0
8410.0,0.14388900579035413,1.0
8411.0,0.12456681436536478,1.0
8412.0,0.1282518848172027,0.0
8413.0,0.5448065068489409,2.0
8414.0,0.5103768264607718,2.0
8415.0,0.49702296869988005,2.0
8416.0,0.45568557767705453,2.0
8417.0,0.42433893848394544,2.0
8418.0,0.3805958305338656,2.0
8419.0,0.3386338542571914,2.0
8420.0,0.3206995533470877,2.0
8421.0,0.28634682643253756,2.0
8422.0,0.27835919463733205,2.0
8423.0,0.27006372546381696,2.0
8424.0,0.26275448035416316,2.0
8425.0,0.25587096087864597,2.0
8426.0,0.2230419554061715,2.0
8427.0,0.22256870337352397,2.0
8428.0,0.19775222237587897,2.0
8429.0,0.1992377088943061,2.0
8430.0,0.19773503588755809,2.0
8431.0,0.1697289019773729,2.0
8432.0,0.15226912858663272,2.0
8433.0,0.14317083820872417,1.0
8434.0,0.20961857482300866,2.0
8435.0,0.20428598567610406,2.0
8436.0,0.20157594485490476,2.0
8437.0,0.20263040004958302,2.0
8438.0,0.19097707142457243,2.0
8439.0,0.1649042369915567,2.0
8440.0,0.15864694291197323,2.0
8441.0,0.15343535814635145,2.0
8442.0,0.15081609287960093,2.0
8443.0,0.15657857977838524,2.0
8444.0,0.13649302093785529,1.0
8445.0,0.134220395183465,1.0
8446.0,0.13652567163475793,1.0
8447.0,0.28540848913437755,2.0
8448.0,0.2602778213897322,2.0
8449.0,0.2232161109067774,2.0
8450.0,0.19116687688465855,2.0
8451.0,0.18067790019990457,2.0
8452.0,0.15836639396786706,2.0
8453.0,0.147376687125023,1.0
8454.0,0.16622749052991262,2.0
8455.0,0.14725451338899376,1.0
8456.0,0.14761057373631667,1.0
8457.0,0.15988208488469863,2.0
8458.0,0.15297949063501576,2.0
8459.0,0.14356375334083799,1.0
8460.0,0.13220388863987442,1.0
8461.0,0.1422036701303036,1.0
8462.0,0.1677982530333023,2.0
8463.0,0.16312296425477396,2.0
8464.0,0.15537961132825961,2.0
8465.0,0.15724037581479755,2.0
8466.0,0.14756114400614645,0.0
8467.0,0.5191432962141814,2.0
8468.0,0.4735471193973536,2.0
8469.0,0.42811690717072814,2.0
8470.0,0.39517215768113484,2.0
8471.0,0.3646299917476246,2.0
8472.0,0.3342925069760127,2.0
8473.0,0.29049711648253596,2.0
8474.0,0.25163842596317765,2.0
8475.0,0.22623284098484536,2.0
8476.0,0.20486926301124092,2.0
8477.0,0.19026120850953754,2.0
8478.0,0.17707216787779545,2.0
8479.0,0.16624129216925412,2.0
8480.0,0.15946017796242823,2.0
8481.0,0.16257173076048326,2.0
8482.0,0.14975118823640474,1.0
8483.0,0.1797709166224391,2.0
8484.0,0.17847834206908528,2.0
8485.0,0.17435484275131005,2.0
8486.0,0.16492778922859225,2.0
8487.0,0.14652801139841515,1.0
8488.0,0.2018134687672798,2.0
8489.0,0.17919613100228732,2.0
8490.0,0.16049980904291575,2.0
8491.0,0.1445350774641238,1.0
8492.0,0.14880146869916927,1.0
8493.0,0.11547984643361292,1.0
8494.0,0.12218768377957098,0.0
8495.0,0.5500946020631029,2.0
8496.0,0.5240974308860047,2.0
8497.0,0.49470943375589005,2.0
8498.0,0.47367715368377017,2.0
8499.0,0.4558154607295398,2.0
8500.0,0.4409751467710129,2.0
8501.0,0.43081499530365774,2.0
8502.0,0.3906698946872319,2.0
8503.0,0.3476464242378125,2.0
8504.0,0.308247818692741,2.0
8505.0,0.2759534953070047,2.0
8506.0,0.2451132211838644,2.0
8507.0,0.21807841752592216,2.0
8508.0,0.2164419567794913,2.0
8509.0,0.21300713125869128,2.0
8510.0,0.1971059357819838,2.0
8511.0,0.19532559082896742,2.0
8512.0,0.1976843169437257,2.0
8513.0,0.19919821351754077,2.0
8514.0,0.20236748384854042,2.0
8515.0,0.17795568441186646,2.0
8516.0,0.1815915833462127,2.0
8517.0,0.1626272021625585,2.0
8518.0,0.1486762110759019,1.0
8519.0,0.16059468164279544,2.0
8520.0,0.1593520591871737,2.0
8521.0,0.15817659970253845,2.0
8522.0,0.15245410539200444,2.0
8523.0,0.14963356302019865,0.0
8524.0,0.6306695199019257,2.0
8525.0,0.5947306944396835,2.0
8526.0,0.5835651494307342,2.0
8527.0,0.5631108080593308,2.0
8528.0,0.533691594604371,2.0
8529.0,0.5159468557581985,2.0
8530.0,0.49378497690524237,2.0
8531.0,0.4602593202660729,2.0
8532.0,0.4206758032062524,2.0
8533.0,0.3797863155001213,2.0
8534.0,0.37112125215211494,2.0
8535.0,0.36353280836835955,2.0
8536.0,0.32840445854118633,2.0
8537.0,0.30615035202755403,2.0
8538.0,0.3066783260173903,2.0
8539.0,0.28331068945939086,2.0
8540.0,0.25295347389295236,2.0
8541.0,0.2528355753092931,2.0
8542.0,0.22659832577589753,2.0
8543.0,0.20778487549155106,2.0
8544.0,0.205871979979899,2.0
8545.0,0.1948759376957751,2.0
8546.0,0.19456967723771934,2.0
8547.0,0.1809010923113242,2.0
8548.0,0.179442084185565,2.0
8549.0,0.18160671436051545,2.0
8550.0,0.18446229233677455,2.0
8551.0,0.19304877108234375,2.0
8552.0,0.16912286154985126,2.0
8553.0,0.161398920176,2.0
8554.0,0.1635494386779775,2.0
8555.0,0.15225032820984397,2.0
8556.0,0.148089664494149,0.0
8557.0,0.6391075321723679,2.0
8558.0,0.6268094779459896,2.0
8559.0,0.5890066253936272,2.0
8560.0,0.5545966251186832,2.0
8561.0,0.5319095374263568,2.0
8562.0,0.5050320360966998,2.0
8563.0,0.482673268126237,2.0
8564.0,0.45797251773773917,2.0
8565.0,0.42677290778351357,2.0
8566.0,0.41538589043978813,2.0
8567.0,0.38184754470977433,2.0
8568.0,0.37872753449440577,2.0
8569.0,0.3524493457629566,2.0
8570.0,0.3142241980127989,2.0
8571.0,0.28151533081671026,2.0
8572.0,0.28357176397520933,2.0
8573.0,0.28612005269504814,2.0
8574.0,0.2693254820862823,2.0
8575.0,0.25555223956727546,2.0
8576.0,0.2569964757886426,2.0
8577.0,0.2627971766424684,2.0
8578.0,0.27122520076642653,2.0
8579.0,0.27361045832756736,2.0
8580.0,0.2800992686957683,2.0
8581.0,0.2870661762640317,2.0
8582.0,0.25545514198440067,2.0
8583.0,0.2286649977324811,2.0
8584.0,0.2246914678145393,2.0
8585.0,0.2112822359524379,2.0
8586.0,0.1963316316173156,2.0
8587.0,0.19236223336195293,2.0
8588.0,0.18824421406722358,2.0
8589.0,0.18013646778891934,2.0
8590.0,0.17791017520978583,2.0
8591.0,0.1754348075240188,2.0
8592.0,0.1752615515140514,2.0
8593.0,0.17635144380872697,2.0
8594.0,0.16317895373646465,2.0
8595.0,0.1582741587713416,2.0
8596.0,0.15600281878929867,2.0
8597.0,0.15590317871062295,2.0
8598.0,0.14986080634906382,1.0
8599.0,0.18623479438490181,2.0
8600.0,0.1647810772645552,2.0
8601.0,0.16814756648304274,2.0
8602.0,0.16872640342915562,2.0
8603.0,0.1500528341662034,2.0
8604.0,0.15238563954013062,2.0
8605.0,0.14324483787008913,1.0
8606.0,0.1782560625239297,2.0
8607.0,0.17240639571634236,2.0
8608.0,0.14753771497133775,1.0
8609.0,0.1470703378787585,1.0
8610.0,0.17714592846473426,2.0
8611.0,0.16032499182579654,2.0
8612.0,0.1607378506099698,2.0
8613.0,0.15700677655887874,2.0
8614.0,0.156856563612155,2.0
8615.0,0.15237876966899752,2.0
8616.0,0.1348841099247568,1.0
8617.0,0.14287701325874075,1.0
8618.0,0.13714352281098485,1.0
8619.0,0.11230819617968227,1.0
8620.0,0.16622567222316997,2.0
8621.0,0.14640479013339386,1.0
8622.0,0.1146122539833133,1.0
8623.0,0.17048255633904358,2.0
8624.0,0.1530819094462878,2.0
8625.0,0.13230000549182014,1.0
8626.0,0.22019940812235023,2.0
8627.0,0.19237288261203564,2.0
8628.0,0.17583335563773583,2.0
8629.0,0.1587377081935752,2.0
8630.0,0.13738110280360413,1.0
8631.0,0.13526192661461603,1.0
8632.0,0.13254976758430653,1.0
8633.0,0.13098433435923437,0.0
8634.0,0.6611893791633522,2.0
8635.0,0.6213365739998817,2.0
8636.0,0.5855217557456303,2.0
8637.0,0.5720534230491323,2.0
8638.0,0.5572498122976085,2.0
8639.0,0.5388397473345753,2.0
8640.0,0.5046803095202118,2.0
8641.0,0.48139283715730097,2.0
8642.0,0.4596095015878115,2.0
8643.0,0.4376755268674306,2.0
8644.0,0.4260744010539588,2.0
8645.0,0.40414292126872847,2.0
8646.0,0.39212557840937806,2.0
8647.0,0.3840822224379399,2.0
8648.0,0.3482267287299666,2.0
8649.0,0.3112866038624209,2.0
8650.0,0.27938508335670753,2.0
8651.0,0.2825296302307525,2.0
8652.0,0.2573250647711034,2.0
8653.0,0.23795131188375288,2.0
8654.0,0.22453152412266172,2.0
8655.0,0.22206129395525057,2.0
8656.0,0.22317833571002083,2.0
8657.0,0.22564108030957092,2.0
8658.0,0.20453449354023423,2.0
8659.0,0.19129254476519522,2.0
8660.0,0.18537708104128292,2.0
8661.0,0.17807127516888602,2.0
8662.0,0.17338878554434606,2.0
8663.0,0.16756757367781425,2.0
8664.0,0.1654699988925637,2.0
8665.0,0.1663973765985215,2.0
8666.0,0.15513459783161876,2.0
8667.0,0.15627176075089624,2.0
8668.0,0.14976820099031363,1.0
8669.0,0.1857702065988247,2.0
8670.0,0.1828530621921447,2.0
8671.0,0.16381892442100826,2.0
8672.0,0.16793663412064225,2.0
8673.0,0.1673899890204444,2.0
8674.0,0.14751876108032907,0.0
8675.0,0.4724203888957481,2.0
8676.0,0.44710363058880537,2.0
8677.0,0.40550452946871285,2.0
8678.0,0.37199967817007545,2.0
8679.0,0.3559761798340466,2.0
8680.0,0.31492204077949704,2.0
8681.0,0.29309168113716455,2.0
8682.0,0.25754050948819185,2.0
8683.0,0.23709901761132568,2.0
8684.0,0.22275701371844364,2.0
8685.0,0.21290205190565947,2.0
8686.0,0.20358034837476732,2.0
8687.0,0.2015002578359838,2.0
8688.0,0.20090122957388915,2.0
8689.0,0.19890292154988137,2.0
8690.0,0.19855539254035748,2.0
8691.0,0.20216682969273492,2.0
8692.0,0.17804485499835915,2.0
8693.0,0.1684135577291172,2.0
8694.0,0.17168198477454624,2.0
8695.0,0.15816111334557859,2.0
8696.0,0.15145684819084043,2.0
8697.0,0.14899281848979135,1.0
8698.0,0.18289513916038405,2.0
8699.0,0.1785851234110117,2.0
8700.0,0.17710906214873,2.0
8701.0,0.17799045741199326,2.0
8702.0,0.15353588844476565,2.0
8703.0,0.13875662707924252,1.0
8704.0,0.17370550475491056,2.0
8705.0,0.15184687569957023,2.0
8706.0,0.1507024618839335,2.0
8707.0,0.15058621200049271,2.0
8708.0,0.15440433670522383,2.0
8709.0,0.14679735107387515,1.0
8710.0,0.17317365765262097,2.0
8711.0,0.1466137963165174,1.0
8712.0,0.17138142209036247,2.0
8713.0,0.161830455766128,2.0
8714.0,0.1483108805280314,0.0
8715.0,0.54955328313229,2.0
8716.0,0.5004661856030234,2.0
8717.0,0.45563296506461926,2.0
8718.0,0.4046313028269829,2.0
8719.0,0.3556918950154531,2.0
8720.0,0.3120145398351618,2.0
8721.0,0.27889469374390763,2.0
8722.0,0.2715820088872706,2.0
8723.0,0.2464451039053478,2.0
8724.0,0.22935209954180558,2.0
8725.0,0.21984966481836843,2.0
8726.0,0.2054801855357007,2.0
8727.0,0.2010168869151009,2.0
8728.0,0.18468760419027178,2.0
8729.0,0.17754102143515227,2.0
8730.0,0.17158149396927622,2.0
8731.0,0.15406807362245245,2.0
8732.0,0.14781692301182303,1.0
8733.0,0.1730183614130007,2.0
8734.0,0.1818749131544604,2.0
8735.0,0.15696454881477678,2.0
8736.0,0.14444314411922832,1.0
8737.0,0.1786584678538024,2.0
8738.0,0.15552363750167458,2.0
8739.0,0.14233940170796971,1.0
8740.0,0.14389795438417635,1.0
8741.0,0.183206149967299,2.0
8742.0,0.16647354203134085,2.0
8743.0,0.14867317126531343,1.0
8744.0,0.15676154946461762,2.0
8745.0,0.158450518135119,2.0
8746.0,0.14178462028924826,1.0
8747.0,0.14379601029197758,0.0
8748.0,0.6201317845036345,2.0
8749.0,0.6054737727558208,2.0
8750.0,0.5616078742612209,2.0
8751.0,0.5205972194749988,2.0
8752.0,0.48503212198278073,2.0
8753.0,0.4527805149143243,2.0
8754.0,0.43645727311040694,2.0
8755.0,0.4142416865048878,2.0
8756.0,0.39705431708366357,2.0
8757.0,0.38322162231160467,2.0
8758.0,0.33822024745203266,2.0
8759.0,0.3048893231408623,2.0
8760.0,0.26599949122634203,2.0
8761.0,0.23681863938445566,2.0
8762.0,0.21638948371262734,2.0
8763.0,0.21352025661212337,2.0
8764.0,0.19584724619690658,2.0
8765.0,0.1946391960205939,2.0
8766.0,0.19474297108694533,2.0
8767.0,0.19849933734542258,2.0
8768.0,0.2049152523134501,2.0
8769.0,0.20685298921280743,2.0
8770.0,0.2171335662923781,2.0
8771.0,0.21836958320792926,2.0
8772.0,0.1915174614464705,2.0
8773.0,0.17077675718404667,2.0
8774.0,0.17620013927390205,2.0
8775.0,0.1579706931605951,2.0
8776.0,0.14272194489536236,1.0
8777.0,0.152753071329039,2.0
8778.0,0.14438274657164435,1.0
8779.0,0.1454836732477024,1.0
8780.0,0.1315403322921631,1.0
8781.0,0.14148797374158442,1.0
8782.0,0.2044413980395684,2.0
8783.0,0.17641924889800853,2.0
8784.0,0.15432616725422524,2.0
8785.0,0.1400894057695018,1.0
8786.0,0.14758596963850168,1.0
8787.0,0.15895539044202528,2.0
8788.0,0.13810109035087575,1.0
8789.0,0.1794283878902963,2.0
8790.0,0.16963000119895597,2.0
8791.0,0.15405871198763574,2.0
8792.0,0.13473306711108407,0.0
8793.0,0.6026076531989182,2.0
8794.0,0.559378515022433,2.0
8795.0,0.5315503178357026,2.0
8796.0,0.51444588399184,2.0
8797.0,0.481483378877399,2.0
8798.0,0.4424295807711556,2.0
8799.0,0.41282094884027776,2.0
8800.0,0.40006644005242237,2.0
8801.0,0.38510133385090295,2.0
8802.0,0.34176165553242904,2.0
8803.0,0.3245869867993505,2.0
8804.0,0.3128969034816415,2.0
8805.0,0.306033567428356,2.0
8806.0,0.2682125321435521,2.0
8807.0,0.26459405633025834,2.0
8808.0,0.23141091983731,2.0
8809.0,0.20808007396762945,2.0
8810.0,0.19272711649340196,2.0
8811.0,0.19082953202762312,2.0
8812.0,0.1759617889106106,2.0
8813.0,0.17743856089817153,2.0
8814.0,0.16607036625621033,2.0
8815.0,0.150663476153013,2.0
8816.0,0.14535835877041228,1.0
8817.0,0.20470152012423798,2.0
8818.0,0.1826298142982965,2.0
8819.0,0.16769023106821382,2.0
8820.0,0.15144411716876058,2.0
8821.0,0.14802268695546072,0.0
8822.0,0.6448433549508363,2.0
8823.0,0.5969249494097699,2.0
8824.0,0.550761764500038,2.0
8825.0,0.517696837469216,2.0
8826.0,0.48961454750347083,2.0
8827.0,0.4615869890682374,2.0
8828.0,0.43358027192100934,2.0
8829.0,0.4183661777935621,2.0
8830.0,0.3834063850696292,2.0
8831.0,0.3698744839145652,2.0
8832.0,0.33422464541400637,2.0
8833.0,0.33205668877816386,2.0
8834.0,0.3007616725747161,2.0
8835.0,0.2748200091956736,2.0
8836.0,0.2749623877931404,2.0
8837.0,0.27818190935062936,2.0
8838.0,0.2545526876715883,2.0
8839.0,0.25660520724286306,2.0
8840.0,0.23587074826915677,2.0
8841.0,0.2247723400038769,2.0
8842.0,0.22558656516068945,2.0
8843.0,0.22944154364262437,2.0
8844.0,0.21464727316340135,2.0
8845.0,0.21665991552863967,2.0
8846.0,0.20314940650579347,2.0
8847.0,0.2038457267587856,2.0
8848.0,0.20691605282945902,2.0
8849.0,0.21036066032719467,2.0
8850.0,0.19541006551721715,2.0
8851.0,0.19884340415929386,2.0
8852.0,0.2017966307005602,2.0
8853.0,0.18869030679777116,2.0
8854.0,0.190837287571877,2.0
8855.0,0.18026092516623987,2.0
8856.0,0.18168645196350738,2.0
8857.0,0.17431680237942035,2.0
8858.0,0.1726862303514713,2.0
8859.0,0.17134651944031026,2.0
8860.0,0.16892307523667624,2.0
8861.0,0.1660405384008572,2.0
8862.0,0.16382386593706222,2.0
8863.0,0.164951720703243,2.0
8864.0,0.16347534530777377,2.0
8865.0,0.15812815155122095,2.0
8866.0,0.1542075803212422,2.0
8867.0,0.1553459062148813,2.0
8868.0,0.15159007624093457,2.0
8869.0,0.15657358743254152,2.0
8870.0,0.15173229579866954,2.0
8871.0,0.1521124048454105,2.0
8872.0,0.15419155855857355,2.0
8873.0,0.1566120904733347,2.0
8874.0,0.15923567123558344,2.0
8875.0,0.16186304886209574,2.0
8876.0,0.1669966264179762,2.0
8877.0,0.17401986562888266,2.0
8878.0,0.16283825213926414,2.0
8879.0,0.1680041347807814,2.0
8880.0,0.15099713435430534,2.0
8881.0,0.15271984675941344,2.0
8882.0,0.15296737016063006,2.0
8883.0,0.15884498880554687,2.0
8884.0,0.14260193451423658,1.0
8885.0,0.15504536753619885,2.0
8886.0,0.15434822334155351,2.0
8887.0,0.13900199780927563,1.0
8888.0,0.15742711287186203,2.0
8889.0,0.13781355107756849,1.0
8890.0,0.18129963316690276,2.0
8891.0,0.17257186043541234,2.0
8892.0,0.1534546396390729,2.0
8893.0,0.1503095687606947,2.0
8894.0,0.14499404337658464,0.0
8895.0,0.596596728336894,2.0
8896.0,0.5458192165098877,2.0
8897.0,0.5041003117136692,2.0
8898.0,0.46030609788093635,2.0
8899.0,0.42190079750444853,2.0
8900.0,0.39122409802511604,2.0
8901.0,0.36693008925393494,2.0
8902.0,0.3161360271392886,2.0
8903.0,0.27125057574517686,2.0
8904.0,0.23073164665495124,2.0
8905.0,0.2013541793127745,2.0
8906.0,0.20354340037734678,2.0
8907.0,0.17822955587018444,2.0
8908.0,0.16138679403163084,2.0
8909.0,0.15312695464730808,2.0
8910.0,0.15043885349935976,2.0
8911.0,0.14756616231232045,1.0
8912.0,0.17882357132751253,2.0
8913.0,0.17810321754035127,2.0
8914.0,0.17515328400707675,2.0
8915.0,0.15315213726700388,2.0
8916.0,0.13896004312430615,1.0
8917.0,0.1610764813244171,2.0
8918.0,0.14030891587176125,1.0
8919.0,0.14727018428704688,1.0
8920.0,0.18170882192693344,2.0
8921.0,0.16641597551396486,2.0
8922.0,0.14499479295591053,1.0
8923.0,0.14750151572900572,1.0
8924.0,0.1428621829499978,1.0
8925.0,0.20804669022373795,2.0
8926.0,0.17641735276993145,2.0
8927.0,0.14945139873595745,0.0
8928.0,0.7449280580445342,2.0
8929.0,0.740327061215051,2.0
8930.0,0.7433474617279578,2.0
8931.0,0.7359939329944929,2.0
8932.0,0.7251717440002781,2.0
8933.0,0.6794466343657413,2.0
8934.0,0.6624185928107633,2.0
8935.0,0.6348943226899643,2.0
8936.0,0.5827500988909359,2.0
8937.0,0.5331445443340808,2.0
8938.0,0.500884180537581,2.0
8939.0,0.4561562730590365,2.0
8940.0,0.406294717404312,2.0
8941.0,0.35921919475504666,2.0
8942.0,0.3349367698005714,2.0
8943.0,0.29531787689910005,2.0
8944.0,0.26532827374711815,2.0
8945.0,0.2586671606066207,2.0
8946.0,0.2561717854936045,2.0
8947.0,0.25003648249420707,2.0
8948.0,0.2176497715130045,2.0
8949.0,0.19844186139225442,2.0
8950.0,0.1846804261284194,2.0
8951.0,0.17875193866206907,2.0
8952.0,0.1725786168787421,2.0
8953.0,0.16780024876042343,2.0
8954.0,0.16883942235486726,2.0
8955.0,0.16888829542031453,2.0
8956.0,0.168166032440225,2.0
8957.0,0.1704968533787441,2.0
8958.0,0.17333778739455516,2.0
8959.0,0.1795375619553886,2.0
8960.0,0.15737081671805378,2.0
8961.0,0.15910126139004527,2.0
8962.0,0.1633558537332805,2.0
8963.0,0.16345944710895138,2.0
8964.0,0.1671043970281556,2.0
8965.0,0.14941044613300775,1.0
8966.0,0.1939825721186702,2.0
8967.0,0.1919765553193,2.0
8968.0,0.18708100012747975,2.0
8969.0,0.16516976058083566,2.0
8970.0,0.14668382488182027,1.0
8971.0,0.21089922227915228,2.0
8972.0,0.17971417947985543,2.0
8973.0,0.15704305115864103,2.0
8974.0,0.15294808129577625,2.0
8975.0,0.134790481390781,1.0
8976.0,0.16948962469877768,2.0
8977.0,0.15121713436723683,2.0
8978.0,0.1465487755642138,1.0
8979.0,0.1723177848080081,2.0
8980.0,0.1488988534823677,1.0
8981.0,0.15397079353430504,2.0
8982.0,0.14311203909168244,1.0
8983.0,0.1450358382395901,1.0
8984.0,0.18956664428896453,2.0
8985.0,0.16468963226048872,2.0
8986.0,0.14892569112838355,0.0
8987.0,0.7173683148017611,2.0
8988.0,0.7203006431057459,2.0
8989.0,0.6718916728733795,2.0
8990.0,0.6523009003065539,2.0
8991.0,0.6041372658073774,2.0
8992.0,0.5837520298386545,2.0
8993.0,0.5380323375202253,2.0
8994.0,0.5106258476051309,2.0
8995.0,0.4622283645067352,2.0
8996.0,0.415299334025961,2.0
8997.0,0.3795749875577821,2.0
8998.0,0.3314661223015019,2.0
8999.0,0.3124277312235799,2.0
9000.0,0.2968148311334239,2.0
9001.0,0.26985166789689696,2.0
9002.0,0.26533639697865474,2.0
9003.0,0.26061016875636844,2.0
9004.0,0.2572658918590888,2.0
9005.0,0.21914113470610558,2.0
9006.0,0.22227350396572643,2.0
9007.0,0.19667777995580518,2.0
9008.0,0.19862076025329511,2.0
9009.0,0.17685221277746904,2.0
9010.0,0.18424068208837993,2.0
9011.0,0.1720300043195918,2.0
9012.0,0.1739530370809957,2.0
9013.0,0.17964279061381208,2.0
9014.0,0.16692877387793426,2.0
9015.0,0.16517396191272712,2.0
9016.0,0.1667320516440239,2.0
9017.0,0.15781588570038396,2.0
9018.0,0.1504982648904424,2.0
9019.0,0.1490986092130242,1.0
9020.0,0.19823384426913593,2.0
9021.0,0.2030861253689089,2.0
9022.0,0.20247719713375734,2.0
9023.0,0.20826632063550043,2.0
9024.0,0.17680806450346442,2.0
9025.0,0.15776360648391735,2.0
9026.0,0.1482325181521595,1.0
9027.0,0.18122658794901547,2.0
9028.0,0.17798994039079707,2.0
9029.0,0.15252921221655422,2.0
9030.0,0.14856876698883867,0.0
9031.0,0.49521953420211484,2.0
9032.0,0.45529587947394073,2.0
9033.0,0.42323742108128287,2.0
9034.0,0.38883921865850557,2.0
9035.0,0.3629839112059101,2.0
9036.0,0.34593010389419443,2.0
9037.0,0.32909167476144346,2.0
9038.0,0.2814426052707891,2.0
9039.0,0.2768371249092062,2.0
9040.0,0.2746134544060396,2.0
9041.0,0.27482558701632553,2.0
9042.0,0.23759174200584043,2.0
9043.0,0.20821805144969094,2.0
9044.0,0.18900973384528255,2.0
9045.0,0.17799490840867854,2.0
9046.0,0.17526502149182946,2.0
9047.0,0.17093806008924523,2.0
9048.0,0.16984733714314623,2.0
9049.0,0.17313160770098907,2.0
9050.0,0.17652337307496835,2.0
9051.0,0.16217642246249472,2.0
9052.0,0.16604741310155122,2.0
9053.0,0.15615177396023275,2.0
9054.0,0.15162803944664166,2.0
9055.0,0.1514969181196083,2.0
9056.0,0.14998013437163632,1.0
9057.0,0.184374846161221,2.0
9058.0,0.18077396660650147,2.0
9059.0,0.18054050557341733,2.0
9060.0,0.17562093262538944,2.0
9061.0,0.1755149050861795,2.0
9062.0,0.15327002511040222,2.0
9063.0,0.1537600643547764,2.0
9064.0,0.14422586382408276,1.0
9065.0,0.16995943215960557,2.0
9066.0,0.1684694430359755,2.0
9067.0,0.16656177275210818,2.0
9068.0,0.16573340656689867,2.0
9069.0,0.16539371401220448,2.0
9070.0,0.1662000971957399,2.0
9071.0,0.16547332770671888,2.0
9072.0,0.1443409120847765,1.0
9073.0,0.18258271948208937,2.0
9074.0,0.17228834984036795,2.0
9075.0,0.17018677050116005,2.0
9076.0,0.17487349582575085,2.0
9077.0,0.1625509289298973,2.0
9078.0,0.14463240611219214,1.0
9079.0,0.1678212648098193,2.0
9080.0,0.14443754304413842,1.0
9081.0,0.17035316295962538,2.0
9082.0,0.16860084296841416,2.0
9083.0,0.151169124412941,2.0
9084.0,0.14608666949602606,1.0
9085.0,0.15605782091836284,2.0
9086.0,0.1361954418755491,1.0
9087.0,0.15948466774359982,2.0
9088.0,0.14096686891163124,1.0
9089.0,0.15680923471176747,2.0
9090.0,0.13553599678124512,1.0
9091.0,0.14741188949627,1.0
9092.0,0.3126345405865286,2.0
9093.0,0.28620280266278486,2.0
9094.0,0.26370245049175467,2.0
9095.0,0.24081252475557824,2.0
9096.0,0.2130164087415966,2.0
9097.0,0.19910317064099314,2.0
9098.0,0.20051811873669328,2.0
9099.0,0.20605415177567146,2.0
9100.0,0.19844932708471824,2.0
9101.0,0.19488359854029297,2.0
9102.0,0.18923402905348208,2.0
9103.0,0.18585659637984556,2.0
9104.0,0.18173208671978525,2.0
9105.0,0.18371201461497144,2.0
9106.0,0.15602864430692528,2.0
9107.0,0.15584581989255772,2.0
9108.0,0.1414272039823621,1.0
9109.0,0.19876008119864563,2.0
9110.0,0.17545286639648683,2.0
9111.0,0.1582606683078509,2.0
9112.0,0.14857184011838162,1.0
9113.0,0.15120100702419967,2.0
9114.0,0.13711030247456868,1.0
9115.0,0.15146280912477403,2.0
9116.0,0.142370980880796,1.0
9117.0,0.14559074014674367,1.0
9118.0,0.14829749012739288,1.0
9119.0,0.1322532161167464,1.0
9120.0,0.19381138926421201,2.0
9121.0,0.17534200677872785,2.0
9122.0,0.15915691136123603,2.0
9123.0,0.14194536711894867,1.0
9124.0,0.18393303533316288,2.0
9125.0,0.19171485534225383,2.0
9126.0,0.15935629798069703,2.0
9127.0,0.15741391917455339,2.0
9128.0,0.1494308556818764,1.0
9129.0,0.16173730534144787,2.0
9130.0,0.15490321931472495,2.0
9131.0,0.1497457097546404,1.0
9132.0,0.13198702053835182,1.0
9133.0,0.11869836803428793,1.0
9134.0,0.22908886727759892,2.0
9135.0,0.1976613266200642,2.0
9136.0,0.17913657878165257,2.0
9137.0,0.15732125125412416,2.0
9138.0,0.14507136059329284,1.0
9139.0,0.2283708696751737,2.0
9140.0,0.2000045230217884,2.0
9141.0,0.18059873674919258,2.0
9142.0,0.15494944423715704,2.0
9143.0,0.13842177829277347,0.0
9144.0,0.6828488961031096,2.0
9145.0,0.6665092450173015,2.0
9146.0,0.6222281730458807,2.0
9147.0,0.5890583141606136,2.0
9148.0,0.5473336765855803,2.0
9149.0,0.5063558802604031,2.0
9150.0,0.4733640519781327,2.0
9151.0,0.4318043192278844,2.0
9152.0,0.398040271575701,2.0
9153.0,0.37060221241061875,2.0
9154.0,0.3218605000695352,2.0
9155.0,0.31484575870420156,2.0
9156.0,0.2720022489308474,2.0
9157.0,0.26803935568828513,2.0
9158.0,0.2338493418503005,2.0
9159.0,0.20389722092494417,2.0
9160.0,0.20494730828472535,2.0
9161.0,0.19032974280626735,2.0
9162.0,0.19341959065097236,2.0
9163.0,0.19936784788559625,2.0
9164.0,0.1751497389449012,2.0
9165.0,0.1558193695191053,2.0
9166.0,0.1542983842804606,2.0
9167.0,0.15630660061508575,2.0
9168.0,0.1440227468130591,1.0
9169.0,0.18788018133568746,2.0
9170.0,0.16450146982494548,2.0
9171.0,0.16718681713533864,2.0
9172.0,0.14526539601066996,1.0
9173.0,0.20583414439644462,2.0
9174.0,0.17695184289272026,2.0
9175.0,0.15773501800361547,2.0
9176.0,0.13829832643755322,1.0
9177.0,0.13626865940989663,1.0
9178.0,0.1515260038879566,2.0
9179.0,0.1288215173117679,1.0
9180.0,0.1216915371471556,1.0
9181.0,0.1919503830963279,2.0
9182.0,0.15844353379042736,2.0
9183.0,0.13721763401789422,1.0
9184.0,0.13486704084082113,1.0
9185.0,0.15339783782289787,2.0
9186.0,0.13413856160345994,1.0
9187.0,0.14246488310378153,1.0
9188.0,0.20091186774756242,2.0
9189.0,0.1847799132120039,2.0
9190.0,0.17537303587586628,2.0
9191.0,0.1616880755549823,2.0
9192.0,0.14982145056063423,1.0
9193.0,0.1671199518492264,2.0
9194.0,0.1383901847792941,1.0
9195.0,0.1738407250971565,2.0
9196.0,0.15417629401347197,2.0
9197.0,0.1413986291560077,0.0
9198.0,0.6232752083561455,2.0
9199.0,0.6115275652935802,2.0
9200.0,0.5959034026190938,2.0
9201.0,0.5681149287698689,2.0
9202.0,0.5395648731303506,2.0
9203.0,0.512152863952124,2.0
9204.0,0.49042802854779655,2.0
9205.0,0.47146364593540124,2.0
9206.0,0.4564513707249601,2.0
9207.0,0.4412167436427334,2.0
9208.0,0.4042562707474837,2.0
9209.0,0.40338562088916374,2.0
9210.0,0.3796437789164623,2.0
9211.0,0.37395788501839744,2.0
9212.0,0.33327498719015425,2.0
9213.0,0.3346794534721021,2.0
9214.0,0.33390404896698045,2.0
9215.0,0.2931130572258207,2.0
9216.0,0.2661580626129104,2.0
9217.0,0.2468477456717244,2.0
9218.0,0.2296861761785439,2.0
9219.0,0.22973740939641574,2.0
9220.0,0.21196782809308407,2.0
9221.0,0.21173365842918407,2.0
9222.0,0.1939637019603366,2.0
9223.0,0.19000966099669483,2.0
9224.0,0.1745059843407041,2.0
9225.0,0.17110957190075304,2.0
9226.0,0.16336638308410778,2.0
9227.0,0.16074361568674478,2.0
9228.0,0.1554963665488092,2.0
9229.0,0.15341904218859437,2.0
9230.0,0.15040633693230526,2.0
9231.0,0.14456796606375844,1.0
9232.0,0.19422980314863186,2.0
9233.0,0.18540458918961264,2.0
9234.0,0.15580491364175914,2.0
9235.0,0.1360552356089738,1.0
9236.0,0.16595095110573768,2.0
9237.0,0.13987857745224386,1.0
9238.0,0.18813262625011046,2.0
9239.0,0.16117993869303004,2.0
9240.0,0.14511652492423144,1.0
9241.0,0.1428426478312554,1.0
9242.0,0.17885168635569165,2.0
9243.0,0.16331709419234913,2.0
9244.0,0.1523614330383235,2.0
9245.0,0.14263906591922476,1.0
9246.0,0.22330332755505644,2.0
9247.0,0.19573276156990213,2.0
9248.0,0.16796595143560072,2.0
9249.0,0.15360944233769275,2.0
9250.0,0.14352856523005933,1.0
9251.0,0.14054023309479907,1.0
9252.0,0.1325347587124291,1.0
9253.0,0.15874340502203887,2.0
9254.0,0.13677914554562345,1.0
9255.0,0.13730722556722913,1.0
9256.0,0.11073659261341928,1.0
9257.0,0.10979522767640029,1.0
9258.0,0.10490068423883955,1.0
9259.0,0.1106154720620497,1.0
9260.0,0.1143221609123683,0.0
9261.0,0.7227064034024049,2.0
9262.0,0.6853689513012085,2.0
9263.0,0.6557179733194531,2.0
9264.0,0.5961161497066942,2.0
9265.0,0.5448283552279454,2.0
9266.0,0.5248203388827452,2.0
9267.0,0.49833627442620215,2.0
9268.0,0.44020024709061356,2.0
9269.0,0.3919212636536099,2.0
9270.0,0.3544763435868207,2.0
9271.0,0.2985811111415513,2.0
9272.0,0.27306203923239125,2.0
9273.0,0.25170330282876324,2.0
9274.0,0.24363561475122353,2.0
9275.0,0.19841919965806665,2.0
9276.0,0.18804877909070755,2.0
9277.0,0.19188097244859972,2.0
9278.0,0.16871633212436332,2.0
9279.0,0.14704669693130595,1.0
9280.0,0.23363646813476613,2.0
9281.0,0.20398114682217824,2.0
9282.0,0.1982923445972432,2.0
9283.0,0.16550736070434002,2.0
9284.0,0.14324929200992276,0.0
9285.0,0.6350988654118208,2.0
9286.0,0.575082276614892,2.0
9287.0,0.5216109798545432,2.0
9288.0,0.46620494220806924,2.0
9289.0,0.4819506895810604,2.0
9290.0,0.4294531864511043,2.0
9291.0,0.3697843648684689,2.0
9292.0,0.3179921575707812,2.0
9293.0,0.3024049728911816,2.0
9294.0,0.31319621182930635,2.0
9295.0,0.28409031139912655,2.0
9296.0,0.2676191726225289,2.0
9297.0,0.22509735190657856,2.0
9298.0,0.21860632534267638,2.0
9299.0,0.19402725025218204,2.0
9300.0,0.1816477531558635,2.0
9301.0,0.17145872447788815,2.0
9302.0,0.1729640052362683,2.0
9303.0,0.16955852937536353,2.0
9304.0,0.1722128327359944,2.0
9305.0,0.1849933290574822,2.0
9306.0,0.15863200436204855,2.0
9307.0,0.16009742098396207,2.0
9308.0,0.16188091810700847,2.0
9309.0,0.13764902800468215,1.0
9310.0,0.17067660583305222,2.0
9311.0,0.14638558158378806,1.0
9312.0,0.25304218294557096,2.0
9313.0,0.21260532334151783,2.0
9314.0,0.20031991336643512,2.0
9315.0,0.1764514599347184,2.0
9316.0,0.16731102939778555,2.0
9317.0,0.1489682378110789,1.0
9318.0,0.1577243884270336,2.0
9319.0,0.1561198035119048,2.0
9320.0,0.14938132178946006,1.0
9321.0,0.1834083434307257,2.0
9322.0,0.18507829797745934,2.0
9323.0,0.15630414499365292,2.0
9324.0,0.13678065002279327,1.0
9325.0,0.15058711941874106,2.0
9326.0,0.13380250807467414,1.0
9327.0,0.15599674272893194,2.0
9328.0,0.14679789735311782,1.0
9329.0,0.19713269827747618,2.0
9330.0,0.19744199199354526,2.0
9331.0,0.18084256654625053,2.0
9332.0,0.17096929488046536,2.0
9333.0,0.1586403771854382,2.0
9334.0,0.14790955501766992,1.0
9335.0,0.1487169258844686,1.0
9336.0,0.13138168802774403,1.0
9337.0,0.12697157089126296,1.0
9338.0,0.15611833677353712,2.0
9339.0,0.15826011801426443,2.0
9340.0,0.14218182844015093,0.0
9341.0,0.6245594078569082,2.0
9342.0,0.6087156307896215,2.0
9343.0,0.5592459836516841,2.0
9344.0,0.509092721873349,2.0
9345.0,0.4833687469688829,2.0
9346.0,0.4697158799826482,2.0
9347.0,0.4334035859780753,2.0
9348.0,0.3886292452588658,2.0
9349.0,0.36453187344828175,2.0
9350.0,0.3424281357568778,2.0
9351.0,0.2945687796261628,2.0
9352.0,0.25612278441295877,2.0
9353.0,0.22956165835107423,2.0
9354.0,0.22297147298032102,2.0
9355.0,0.19886301560078506,2.0
9356.0,0.1889060643918556,2.0
9357.0,0.17106820131021402,2.0
9358.0,0.1675877044472191,2.0
9359.0,0.1681652111724306,2.0
9360.0,0.16612827575139727,2.0
9361.0,0.14878643859321397,1.0
9362.0,0.162277892165735,2.0
9363.0,0.1568026138752565,2.0
9364.0,0.13969250883867984,1.0
9365.0,0.17444393365989547,2.0
9366.0,0.1678601210808194,2.0
9367.0,0.1459786124861137,1.0
9368.0,0.3014851311811374,2.0
9369.0,0.2788884371164157,2.0
9370.0,0.22943288326177125,2.0
9371.0,0.19984545487404393,2.0
9372.0,0.22086848239202034,2.0
9373.0,0.19742486381424523,2.0
9374.0,0.16510138115241324,2.0
9375.0,0.1604962441416123,2.0
9376.0,0.13856037888630457,0.0
9377.0,0.7088471907693601,2.0
9378.0,0.6988800725333075,2.0
9379.0,0.6507358422272511,2.0
9380.0,0.602897877068115,2.0
9381.0,0.5870857666284709,2.0
9382.0,0.5528480668024638,2.0
9383.0,0.5186634921296951,2.0
9384.0,0.49222447325935675,2.0
9385.0,0.444747792545819,2.0
9386.0,0.3934107520697396,2.0
9387.0,0.36963657483839335,2.0
9388.0,0.3530423628414073,2.0
9389.0,0.30327786397291256,2.0
9390.0,0.25808910993315376,2.0
9391.0,0.22190842496714502,2.0
9392.0,0.19822756088898788,2.0
9393.0,0.18161900240048007,2.0
9394.0,0.17412173979119935,2.0
9395.0,0.17220202755083774,2.0
9396.0,0.16591576075924036,2.0
9397.0,0.16403670339726784,2.0
9398.0,0.1622662850287745,2.0
9399.0,0.15633118080509537,2.0
9400.0,0.15192223971700267,2.0
9401.0,0.15280942372661732,2.0
9402.0,0.15661292297927515,2.0
9403.0,0.1569289397509881,2.0
9404.0,0.16365591011878472,2.0
9405.0,0.16344904935705898,2.0
9406.0,0.14443987899540428,0.0
9407.0,0.6317791485196245,2.0
9408.0,0.6094731362680005,2.0
9409.0,0.5623648342984173,2.0
9410.0,0.516752360735813,2.0
9411.0,0.4877526109042327,2.0
9412.0,0.45384390453522194,2.0
9413.0,0.44077570400124894,2.0
9414.0,0.3884071297784452,2.0
9415.0,0.3434314408083532,2.0
9416.0,0.3199692834396055,2.0
9417.0,0.3052952122931408,2.0
9418.0,0.3060368803285134,2.0
9419.0,0.29231816831615715,2.0
9420.0,0.28756297822467586,2.0
9421.0,0.24527904977607606,2.0
9422.0,0.22562165459103817,2.0
9423.0,0.193674630383057,2.0
9424.0,0.17604206142516154,2.0
9425.0,0.16429800693139834,2.0
9426.0,0.1655732088151445,2.0
9427.0,0.17721245317236206,2.0
9428.0,0.16498920413540152,2.0
9429.0,0.15092483722470446,2.0
9430.0,0.14547432716619307,1.0
9431.0,0.20106634990112435,2.0
9432.0,0.19722268937851725,2.0
9433.0,0.16997799305863182,2.0
9434.0,0.1623317996603356,2.0
9435.0,0.14326506443526232,1.0
9436.0,0.14617082865403402,1.0
9437.0,0.17476226484932725,2.0
9438.0,0.15175751623146216,2.0
9439.0,0.13800583139227318,1.0
9440.0,0.16040796330147822,2.0
9441.0,0.1380190401805113,1.0
9442.0,0.13911884887021625,0.0
9443.0,0.6226794315959543,2.0
9444.0,0.5858573871279378,2.0
9445.0,0.547632897600937,2.0
9446.0,0.5116460481483652,2.0
9447.0,0.46845806647907906,2.0
9448.0,0.42621114605623867,2.0
9449.0,0.39183263591154377,2.0
9450.0,0.3726226091041127,2.0
9451.0,0.33487528864046573,2.0
9452.0,0.31191122993068826,2.0
9453.0,0.2974559802230395,2.0
9454.0,0.26877743501807116,2.0
9455.0,0.24152493527988747,2.0
9456.0,0.2227713126106657,2.0
9457.0,0.21256518305765168,2.0
9458.0,0.1906395383646356,2.0
9459.0,0.1791145805950365,2.0
9460.0,0.16694737981904073,2.0
9461.0,0.16219522676436915,2.0
9462.0,0.15478265343948452,2.0
9463.0,0.1581134834666309,2.0
9464.0,0.15421935616072507,2.0
9465.0,0.15608347703778083,2.0
9466.0,0.1520403960942481,2.0
9467.0,0.1451911197635552,1.0
9468.0,0.18235799985157608,2.0
9469.0,0.15987498083088938,2.0
9470.0,0.1430699023141367,1.0
9471.0,0.1560199717135538,2.0
9472.0,0.14632819273460132,1.0
9473.0,0.16514651329012767,2.0
9474.0,0.14073138631095086,1.0
9475.0,0.17178902540428861,2.0
9476.0,0.15125693335887935,2.0
9477.0,0.14894213100062992,1.0
9478.0,0.14901093574581384,1.0
9479.0,0.13919488411743425,1.0
9480.0,0.14502226584876693,1.0
9481.0,0.21142138023507598,2.0
9482.0,0.18255413515971258,2.0
9483.0,0.16012453167493543,2.0
9484.0,0.14079509004627053,0.0
9485.0,0.5991852773000472,2.0
9486.0,0.5629272517099779,2.0
9487.0,0.5366994310545196,2.0
9488.0,0.5249823914210219,2.0
9489.0,0.5120661798240549,2.0
9490.0,0.5020187304112692,2.0
9491.0,0.47688289334285644,2.0
9492.0,0.4562007555956401,2.0
9493.0,0.43801694861431184,2.0
9494.0,0.417724855735766,2.0
9495.0,0.4173140130857895,2.0
9496.0,0.4031617357246238,2.0
9497.0,0.3981479154267794,2.0
9498.0,0.3911880859184863,2.0
9499.0,0.36148376703043567,2.0
9500.0,0.33477336428848514,2.0
9501.0,0.3048282127980608,2.0
9502.0,0.27781813244176684,2.0
9503.0,0.27793064097662507,2.0
9504.0,0.24923166315226905,2.0
9505.0,0.24028091925236494,2.0
9506.0,0.23725714794848504,2.0
9507.0,0.23611427913315847,2.0
9508.0,0.21713719749944163,2.0
9509.0,0.2001460275262171,2.0
9510.0,0.1974045915558772,2.0
9511.0,0.19848904714353816,2.0
9512.0,0.1996214606779883,2.0
9513.0,0.2070523380054587,2.0
9514.0,0.185698201644298,2.0
9515.0,0.18655572265489528,2.0
9516.0,0.17812095372981565,2.0
9517.0,0.17863765851262656,2.0
9518.0,0.18086082487767896,2.0
9519.0,0.18315911749112213,2.0
9520.0,0.1853124451265032,2.0
9521.0,0.1891755949662084,2.0
9522.0,0.19855009080444389,2.0
9523.0,0.20444992054479624,2.0
9524.0,0.20483656445889806,2.0
9525.0,0.20743319236536162,2.0
9526.0,0.20925680105809571,2.0
9527.0,0.20906377385013575,2.0
9528.0,0.20609960559239418,2.0
9529.0,0.17640816241342527,2.0
9530.0,0.17870955897103682,2.0
9531.0,0.16503847956424633,2.0
9532.0,0.1678025267774217,2.0
9533.0,0.1488464024779166,1.0
9534.0,0.19521965947581799,2.0
9535.0,0.17371836832758084,2.0
9536.0,0.15670945245925078,2.0
9537.0,0.15622044834890905,2.0
9538.0,0.15103672689615016,2.0
9539.0,0.1537079170229718,2.0
9540.0,0.13866687423933827,1.0
9541.0,0.1864845934525245,2.0
9542.0,0.16893444639075272,2.0
9543.0,0.15447219884882582,2.0
9544.0,0.1426317633854041,1.0
9545.0,0.14300775913986738,1.0
9546.0,0.15623842775762403,2.0
9547.0,0.1335135419895037,1.0
9548.0,0.14653597892883996,1.0
9549.0,0.13492585361722637,1.0
9550.0,0.15180792111676317,2.0
9551.0,0.1518079211167631,2.0
9552.0,0.14257989004609167,1.0
9553.0,0.13525520767128799,1.0
9554.0,0.12033826781129034,1.0
9555.0,0.11176439267397746,1.0
9556.0,0.15614489081310567,2.0
9557.0,0.14032582455468018,1.0
9558.0,0.15729733561721798,2.0
9559.0,0.14637803968410712,1.0
9560.0,0.16810306899185062,2.0
9561.0,0.1624298406281947,2.0
9562.0,0.15199335253846685,2.0
9563.0,0.13362377210954288,1.0
9564.0,0.14696490383158922,1.0
9565.0,0.1389737670376747,1.0
9566.0,0.13550120204149282,1.0
9567.0,0.14279164735660357,1.0
9568.0,0.12361503001834034,1.0
9569.0,0.11775981103265107,1.0
9570.0,0.1738070194576676,2.0
9571.0,0.15557941108389145,2.0
9572.0,0.14565122397374064,1.0
9573.0,0.1157707099808579,1.0
9574.0,0.16465811352714563,2.0
9575.0,0.1710458883076403,2.0
9576.0,0.1582556400113938,2.0
9577.0,0.13139657228614,1.0
9578.0,0.1308758926721807,1.0
9579.0,0.11720532407395026,1.0
9580.0,0.12735129261600908,1.0
9581.0,0.13584620254999327,1.0
9582.0,0.12392657430337971,1.0
9583.0,0.13879229848046282,1.0
9584.0,0.10621391845073176,1.0
9585.0,0.11483816445891987,1.0
9586.0,0.1146857336587668,1.0
9587.0,0.11984741229078578,1.0
9588.0,0.10831677409049298,1.0
9589.0,0.10201276418368423,1.0
9590.0,0.11436135781858443,1.0
9591.0,0.21506984073269242,2.0
9592.0,0.18856579764766868,2.0
9593.0,0.16490095619611744,2.0
9594.0,0.15009740492515294,2.0
9595.0,0.13373123087829053,1.0
9596.0,0.13758395751195948,1.0
9597.0,0.13411247176272684,1.0
9598.0,0.2036262507487787,2.0
9599.0,0.18007738916163513,2.0
9600.0,0.145000410226643,1.0
9601.0,0.1870200335328872,2.0
9602.0,0.1648405671250291,2.0
9603.0,0.1464843873065662,1.0
9604.0,0.13908724989907098,1.0
9605.0,0.25460040495235126,2.0
9606.0,0.21900147665443492,2.0
9607.0,0.19937356397641903,2.0
9608.0,0.17494912685411323,2.0
9609.0,0.15333640300072265,2.0
9610.0,0.14320289504166153,0.0
9611.0,0.42151417611710335,2.0
9612.0,0.37509610889639877,2.0
9613.0,0.3715643134118337,2.0
9614.0,0.333379867217935,2.0
9615.0,0.3005765232957163,2.0
9616.0,0.274162506327031,2.0
9617.0,0.24846468340603806,2.0
9618.0,0.22893699192423544,2.0
9619.0,0.21573562154232823,2.0
9620.0,0.20665236159829192,2.0
9621.0,0.20199476377388245,2.0
9622.0,0.19991653120540498,2.0
9623.0,0.19756830451964136,2.0
9624.0,0.1764518752469449,2.0
9625.0,0.17486808067467027,2.0
9626.0,0.15676863084352605,2.0
9627.0,0.14221944023490735,0.0
9628.0,0.577150554132456,2.0
9629.0,0.5730747249185159,2.0
9630.0,0.5400786346209661,2.0
9631.0,0.5122238792885275,2.0
9632.0,0.4909415158799877,2.0
9633.0,0.47117165755230594,2.0
9634.0,0.44459944028237264,2.0
9635.0,0.4136812008196875,2.0
9636.0,0.39720707417112866,2.0
9637.0,0.3627286674936538,2.0
9638.0,0.353225150378241,2.0
9639.0,0.3173618742885806,2.0
9640.0,0.3125395845391938,2.0
9641.0,0.28767797025208774,2.0
9642.0,0.26566529889481405,2.0
9643.0,0.2556357808172822,2.0
9644.0,0.24711485437717795,2.0
9645.0,0.22943701521449283,2.0
9646.0,0.22598887293003694,2.0
9647.0,0.21946570560083822,2.0
9648.0,0.21597976516985323,2.0
9649.0,0.21117105385062374,2.0
9650.0,0.20954103742175506,2.0
9651.0,0.20840994684806188,2.0
9652.0,0.18528634952230164,2.0
9653.0,0.18679068478844085,2.0
9654.0,0.1878709709350183,2.0
9655.0,0.1668558542699074,2.0
9656.0,0.16560576982868883,2.0
9657.0,0.15436404987226354,2.0
9658.0,0.14007481275637246,1.0
9659.0,0.24417595406815812,2.0
9660.0,0.21859965996759645,2.0
9661.0,0.20194603093939945,2.0
9662.0,0.19045150300473696,2.0
9663.0,0.17860969213689537,2.0
9664.0,0.15218947639350158,2.0
9665.0,0.15794559257230417,2.0
9666.0,0.14068186033828273,1.0
9667.0,0.15132455173344966,2.0
9668.0,0.129786003796964,1.0
9669.0,0.12125045574124926,1.0
9670.0,0.11304722256091534,1.0
9671.0,0.0989104683958715,1.0
9672.0,0.10381585806198379,1.0
9673.0,0.1641186858061967,2.0
9674.0,0.14942306216083612,1.0
9675.0,0.13484478120563953,1.0
9676.0,0.13815825721545816,1.0
9677.0,0.12999853280333584,1.0
9678.0,0.10423591002675774,1.0
9679.0,0.11729769995325784,0.0
9680.0,0.761426476653016,2.0
9681.0,0.7174467711799737,2.0
9682.0,0.7021841803057176,2.0
9683.0,0.648641418703344,2.0
9684.0,0.5954164130854713,2.0
9685.0,0.5668926062938076,2.0
9686.0,0.5165322135747501,2.0
9687.0,0.4761259450253783,2.0
9688.0,0.4464116089956759,2.0
9689.0,0.415571668247564,2.0
9690.0,0.4010091132765055,2.0
9691.0,0.382639496460316,2.0
9692.0,0.3416300578009317,2.0
9693.0,0.308961093220362,2.0
9694.0,0.269645704312284,2.0
9695.0,0.2372333327655806,2.0
9696.0,0.24236019609045012,2.0
9697.0,0.2477434083361121,2.0
9698.0,0.24606112213456857,2.0
9699.0,0.24517629308111658,2.0
9700.0,0.21398186419563317,2.0
9701.0,0.2167668563857587,2.0
9702.0,0.21678139754276532,2.0
9703.0,0.191871917135882,2.0
9704.0,0.17668389562592252,2.0
9705.0,0.1670506527927852,2.0
9706.0,0.16837537516383305,2.0
9707.0,0.16828657767553667,2.0
9708.0,0.16725690622433478,2.0
9709.0,0.15384172891701287,2.0
9710.0,0.147793825963359,1.0
9711.0,0.18201246011210118,2.0
9712.0,0.15811627699352196,2.0
9713.0,0.1411126219643094,1.0
9714.0,0.2629454249113796,2.0
9715.0,0.23512670883331593,2.0
9716.0,0.21582456558793556,2.0
9717.0,0.20511224398719358,2.0
9718.0,0.19471333995098178,2.0
9719.0,0.19030432243490167,2.0
9720.0,0.18424234222278757,2.0
9721.0,0.15956618968946307,2.0
9722.0,0.15754318155724206,2.0
9723.0,0.13940973449486482,1.0
9724.0,0.18925330638756552,2.0
9725.0,0.1840428164963642,2.0
9726.0,0.16062982949763824,2.0
9727.0,0.16693704851377175,2.0
9728.0,0.1542182596646794,2.0
9729.0,0.13791302791537063,1.0
9730.0,0.1848699893817693,2.0
9731.0,0.1527198023796576,2.0
9732.0,0.15426029975619154,2.0
9733.0,0.14912088967207476,1.0
9734.0,0.1941381945288093,2.0
9735.0,0.16903917698104753,2.0
9736.0,0.15859836052695847,2.0
9737.0,0.15890587921887306,2.0
9738.0,0.14518582837995286,1.0
9739.0,0.1343066149666276,1.0
9740.0,0.15931364923387992,2.0
9741.0,0.14062531696956332,0.0
9742.0,0.7296720534008774,2.0
9743.0,0.7257508942930964,2.0
9744.0,0.6787230833278113,2.0
9745.0,0.6677842699595836,2.0
9746.0,0.6152813694038307,2.0
9747.0,0.5901311000374524,2.0
9748.0,0.5611779185945814,2.0
9749.0,0.5241041710426729,2.0
9750.0,0.48069431037959703,2.0
9751.0,0.44262160935269473,2.0
9752.0,0.39825848154545984,2.0
9753.0,0.3557527851333343,2.0
9754.0,0.33674106321275243,2.0
9755.0,0.31337449514004734,2.0
9756.0,0.276957676625149,2.0
9757.0,0.2663718107768933,2.0
9758.0,0.24258669096188812,2.0
9759.0,0.2352179379675846,2.0
9760.0,0.23038182660760792,2.0
9761.0,0.21821307924812208,2.0
9762.0,0.21816800405956327,2.0
9763.0,0.2172390410630702,2.0
9764.0,0.21739868895280262,2.0
9765.0,0.2173355666141032,2.0
9766.0,0.18851042732768802,2.0
9767.0,0.17123817250979576,2.0
9768.0,0.17303291903322432,2.0
9769.0,0.17631302616778105,2.0
9770.0,0.17897436889164814,2.0
9771.0,0.18144718077696825,2.0
9772.0,0.16309209318874401,2.0
9773.0,0.16657172700318423,2.0
9774.0,0.15330553175938008,2.0
9775.0,0.15700107329332336,2.0
9776.0,0.15896058621046688,2.0
9777.0,0.14854456979410496,1.0
9778.0,0.2461374585458575,2.0
9779.0,0.2109305010823473,2.0
9780.0,0.19382044366902423,2.0
9781.0,0.17316618263176112,2.0
9782.0,0.15961169732718908,2.0
9783.0,0.15018277763226395,2.0
9784.0,0.13811396784716828,1.0
9785.0,0.19207397409227972,2.0
9786.0,0.1823687189983273,2.0
9787.0,0.1531977175464156,2.0
9788.0,0.13695771109385385,1.0
9789.0,0.14563722287561812,1.0
9790.0,0.16159368224996334,2.0
9791.0,0.15716895205411285,2.0
9792.0,0.13468629223560918,1.0
9793.0,0.14605299475456587,1.0
9794.0,0.12735688532584638,1.0
9795.0,0.1532934885136776,2.0
9796.0,0.14235209427102713,1.0
9797.0,0.12943046374948758,0.0
9798.0,0.7522485360242683,2.0
9799.0,0.7080884368313445,2.0
9800.0,0.6950175719627232,2.0
9801.0,0.66362407989951,2.0
9802.0,0.6095559206944261,2.0
9803.0,0.5805399751762829,2.0
9804.0,0.5200876186545187,2.0
9805.0,0.46564984870680753,2.0
9806.0,0.4192255449368558,2.0
9807.0,0.36866666138939563,2.0
9808.0,0.338897467031401,2.0
9809.0,0.2857348519065857,2.0
9810.0,0.2698123699705921,2.0
9811.0,0.2634564368190696,2.0
9812.0,0.22266880179875476,2.0
9813.0,0.22044552443629245,2.0
9814.0,0.22052353043714362,2.0
9815.0,0.2189049947295317,2.0
9816.0,0.22054565767366488,2.0
9817.0,0.1893068989173503,2.0
9818.0,0.19294377185585995,2.0
9819.0,0.1943420528313098,2.0
9820.0,0.16946997182517587,2.0
9821.0,0.1552234839015278,2.0
9822.0,0.14991431393511473,1.0
9823.0,0.21627246804609057,2.0
9824.0,0.18865302032562947,2.0
9825.0,0.18124150108350884,2.0
9826.0,0.18147957295464937,2.0
9827.0,0.18611242369085573,2.0
9828.0,0.16069853628396077,2.0
9829.0,0.15971741549646679,2.0
9830.0,0.14834229325060416,1.0
9831.0,0.17253494205143563,2.0
9832.0,0.15030302453160643,2.0
9833.0,0.15148725113474326,2.0
9834.0,0.14879348823882377,1.0
9835.0,0.20358023743047496,2.0
9836.0,0.19163643751368775,2.0
9837.0,0.1673083436510872,2.0
9838.0,0.1639727125003862,2.0
9839.0,0.14653524807732654,1.0
9840.0,0.24942109305420535,2.0
9841.0,0.2252090144746887,2.0
9842.0,0.20154330157217226,2.0
9843.0,0.17355424363359054,2.0
9844.0,0.15448852172544178,2.0
9845.0,0.14834238770609073,1.0
9846.0,0.2370456490788669,2.0
9847.0,0.21537513176497608,2.0
9848.0,0.18627572250934016,2.0
9849.0,0.159676281813742,2.0
9850.0,0.14914084661990026,0.0
9851.0,0.7059958948113154,2.0
9852.0,0.6823763918053054,2.0
9853.0,0.6278076598092892,2.0
9854.0,0.5810073322778135,2.0
9855.0,0.5433758899927752,2.0
9856.0,0.49789761252538894,2.0
9857.0,0.446070292158646,2.0
9858.0,0.3990978614958949,2.0
9859.0,0.36558394285610146,2.0
9860.0,0.31710318727074993,2.0
9861.0,0.29212289997063645,2.0
9862.0,0.2503688822378046,2.0
9863.0,0.21648943380401708,2.0
9864.0,0.19462526016011117,2.0
9865.0,0.1908736155756814,2.0
9866.0,0.19004256127325708,2.0
9867.0,0.16793749298192606,2.0
9868.0,0.16811136039914543,2.0
9869.0,0.15732562733676142,2.0
9870.0,0.1621730879125713,2.0
9871.0,0.16391178434432152,2.0
9872.0,0.16613662342062457,2.0
9873.0,0.14908122959811554,1.0
9874.0,0.18477009159829558,2.0
9875.0,0.1854963198658425,2.0
9876.0,0.18052800978178554,2.0
9877.0,0.17929268469369028,2.0
9878.0,0.17006665351346945,2.0
9879.0,0.16581891392949352,2.0
9880.0,0.15036422393422583,2.0
9881.0,0.15255967181213617,2.0
9882.0,0.13801806248670784,1.0
9883.0,0.18801243173417168,2.0
9884.0,0.19257074772957636,2.0
9885.0,0.18982980082032483,2.0
9886.0,0.1616309716072594,2.0
9887.0,0.1732608537793822,2.0
9888.0,0.17952815672440503,2.0
9889.0,0.15581402757573895,2.0
9890.0,0.15608004735629746,2.0
9891.0,0.15114132614087925,2.0
9892.0,0.1535397341199979,2.0
9893.0,0.13704810018141772,1.0
9894.0,0.15947411679568357,2.0
9895.0,0.1430245511914176,1.0
9896.0,0.2720617281851029,2.0
9897.0,0.2527760354223738,2.0
9898.0,0.219857827253641,2.0
9899.0,0.20311711844642877,2.0
9900.0,0.18549793876137238,2.0
9901.0,0.17006086137611492,2.0
9902.0,0.16060759463521135,2.0
9903.0,0.1540694193614457,2.0
9904.0,0.14650925287865327,0.0
9905.0,0.5833105757005206,2.0
9906.0,0.5430614995416875,2.0
9907.0,0.5235011396898548,2.0
9908.0,0.49225235084236824,2.0
9909.0,0.46323505314851116,2.0
9910.0,0.4178925427695261,2.0
9911.0,0.40186397436057675,2.0
9912.0,0.3844800625988361,2.0
9913.0,0.36981192731777635,2.0
9914.0,0.35760892713197934,2.0
9915.0,0.3515658641807143,2.0
9916.0,0.3444746484119031,2.0
9917.0,0.3059753859921316,2.0
9918.0,0.2716268157480838,2.0
9919.0,0.2760490353169973,2.0
9920.0,0.27935613705465,2.0
9921.0,0.28503477085091045,2.0
9922.0,0.25598307205751036,2.0
9923.0,0.263818904629902,2.0
9924.0,0.23803830185350794,2.0
9925.0,0.241042051287829,2.0
9926.0,0.24479863989066375,2.0
9927.0,0.2475585370412708,2.0
9928.0,0.251061283564468,2.0
9929.0,0.25444323886677367,2.0
9930.0,0.2225901129673706,2.0
9931.0,0.227900495783768,2.0
9932.0,0.19984488664871577,2.0
9933.0,0.1808407243292486,2.0
9934.0,0.17275282997088795,2.0
9935.0,0.17458494035517033,2.0
9936.0,0.16554846841679038,2.0
9937.0,0.1647524142149786,2.0
9938.0,0.17011790432188897,2.0
9939.0,0.17481190606435915,2.0
9940.0,0.16331938369649532,2.0
9941.0,0.16157461239715232,2.0
9942.0,0.15302749361054802,2.0
9943.0,0.15585706365968732,2.0
9944.0,0.15577279096241595,2.0
9945.0,0.14884554709843545,1.0
9946.0,0.19768430293657815,2.0
9947.0,0.19048914814830062,2.0
9948.0,0.17484508762307358,2.0
9949.0,0.1782577632828814,2.0
9950.0,0.1663505480961769,2.0
9951.0,0.1646772441205377,2.0
9952.0,0.15011712910239147,2.0
9953.0,0.14162455721008863,1.0
9954.0,0.27223855469899816,2.0
9955.0,0.24308719950068222,2.0
9956.0,0.22367989771351743,2.0
9957.0,0.20642671566888704,2.0
9958.0,0.19649050978419835,2.0
9959.0,0.17933191721588249,2.0
9960.0,0.17086472976249906,2.0
9961.0,0.16796976745339964,2.0
9962.0,0.1549887664817654,2.0
9963.0,0.1472842838895631,1.0
9964.0,0.1801304009267882,2.0
9965.0,0.17398702184719617,2.0
9966.0,0.1711738066038494,2.0
9967.0,0.14729544998185015,1.0
9968.0,0.18631846803837374,2.0
9969.0,0.17273403517332106,2.0
9970.0,0.1577512793710077,2.0
9971.0,0.14854262908169244,1.0
9972.0,0.16152307517264936,2.0
9973.0,0.15958383066347945,2.0
9974.0,0.1576510493256309,2.0
9975.0,0.13596589967002276,1.0
9976.0,0.14900418591942133,0.0
9977.0,0.7552207628271257,2.0
9978.0,0.7060058443014338,2.0
9979.0,0.6504133421729409,2.0
9980.0,0.6330711144328591,2.0
9981.0,0.5946478284158503,2.0
9982.0,0.538128383952146,2.0
9983.0,0.4801474080952046,2.0
9984.0,0.44045157278330105,2.0
9985.0,0.39826942279183847,2.0
9986.0,0.3592259853502997,2.0
9987.0,0.3427465492968136,2.0
9988.0,0.3202090096952447,2.0
9989.0,0.313245758639743,2.0
9990.0,0.30447917074733133,2.0
9991.0,0.30381930889428177,2.0
9992.0,0.3023636226182438,2.0
9993.0,0.2549787972439426,2.0
9994.0,0.21574234985470386,2.0
9995.0,0.21322355102395596,2.0
9996.0,0.18701813151280827,2.0
9997.0,0.1709748764181828,2.0
9998.0,0.16537476321759426,2.0
9999.0,0.15905046347049104,2.0
10000.0,0.15989258657344896,2.0
